feature_record_id,stimulus_id,extraction_run_id,feature_definition_version,representation,normalization_profile,dimensions,applicability,measurement_status,missing_reason,algorithm_config_sha256,feature_numerators_json,feature_denominators_json,feature_units_json,feature_applicability_json,missing_reasons_json,ink_coverage_ratio,whitespace_ratio,bbox_fill_ratio,bbox_aspect_ratio,connected_component_count,closure_count,symmetry_horizontal,symmetry_vertical,straight_curve_ratio,centroid_x_norm,centroid_y_norm,inter_glyph_spacing_mean_norm,inter_glyph_spacing_sd_norm,rhythm_periodicity,unit_area_cv,unit_width_cv,unit_height_cv
feat_9b61e735da1f99f27e7d,stim_0036d3c9f8fc9519,render_551362ca0ff22f33,1.1.0,raster_binary,bbox_height_matched,density|geometry|layout|proportion|reading_rhythm|stroke_gesture|uniformity|visual_center,direct,valid,,4d800e346b040f885277c164e937c2514144ed6292066deb66bb1fc465b2de05,"{""bbox_aspect_ratio"": 331, ""bbox_fill_ratio"": 13709, ""ink_coverage_ratio"": 13709, ""whitespace_ratio"": 2083443}","{""bbox_aspect_ratio"": 320, ""bbox_fill_ratio"": 105920, ""ink_coverage_ratio"": 2097152, ""whitespace_ratio"": 2097152}","{""bbox_aspect_ratio"": ""ratio"", ""bbox_fill_ratio"": ""ratio"", ""centroid_x_norm"": ""ratio"", ""centroid_y_norm"": ""ratio"", ""closure_count"": ""count"", ""connected_component_count"": ""count"", ""ink_coverage_ratio"": ""ratio"", ""inter_glyph_spacing_mean_norm"": ""ratio"", ""inter_glyph_spacing_sd_norm"": ""ratio"", ""rhythm_periodicity"": ""ratio"", ""straight_curve_ratio"": ""ratio"", ""symmetry_horizontal"": ""ratio"", ""symmetry_vertical"": ""ratio"", ""unit_area_cv"": ""ratio"", ""unit_height_cv"": ""ratio"", ""unit_width_cv"": ""ratio"", ""whitespace_ratio"": ""ratio""}","{""bbox_aspect_ratio"": ""direct"", ""bbox_fill_ratio"": ""direct"", ""centroid_x_norm"": ""direct"", ""centroid_y_norm"": ""direct"", ""closure_count"": ""direct"", ""connected_component_count"": ""direct"", ""ink_coverage_ratio"": ""direct"", ""inter_glyph_spacing_mean_norm"": ""not_applicable"", ""inter_glyph_spacing_sd_norm"": ""not_applicable"", ""rhythm_periodicity"": ""not_applicable"", ""straight_curve_ratio"": ""protocol_dependent"", ""symmetry_horizontal"": ""direct"", ""symmetry_vertical"": ""direct"", ""unit_area_cv"": ""not_applicable"", ""unit_height_cv"": ""not_applicable"", ""unit_width_cv"": ""not_applicable"", ""whitespace_ratio"": ""direct""}","{""inter_glyph_spacing_mean_norm"": ""MEASURE_NOT_APPLICABLE"", ""inter_glyph_spacing_sd_norm"": ""MEASURE_NOT_APPLICABLE"", ""rhythm_periodicity"": ""MEASURE_NOT_APPLICABLE"", ""unit_area_cv"": ""MEASURE_NOT_APPLICABLE"", ""unit_height_cv"": ""MEASURE_NOT_APPLICABLE"", ""unit_width_cv"": ""MEASURE_NOT_APPLICABLE""}",0.006536960601806641,0.9934630393981934,0.12942787009063444,1.034375,1,0,0.9944829940795898,0.9881200790405273,0.5158444242180956,0.5040766800664709,0.5229587998759939,,,,,,
feat_a3709a014efb5f2df872,stim_0036d3c9f8fc9519,render_551362ca0ff22f33,1.1.0,raster_grayscale,bbox_height_matched,density|geometry|layout|proportion|reading_rhythm|stroke_gesture|uniformity|visual_center,direct,valid,,4d800e346b040f885277c164e937c2514144ed6292066deb66bb1fc465b2de05,"{""bbox_aspect_ratio"": 331, ""bbox_fill_ratio"": 15545, ""ink_coverage_ratio"": 15545, ""whitespace_ratio"": 2081607}","{""bbox_aspect_ratio"": 320, ""bbox_fill_ratio"": 105920, ""ink_coverage_ratio"": 2097152, ""whitespace_ratio"": 2097152}","{""bbox_aspect_ratio"": ""ratio"", ""bbox_fill_ratio"": ""ratio"", ""centroid_x_norm"": ""ratio"", ""centroid_y_norm"": ""ratio"", ""closure_count"": ""count"", ""connected_component_count"": ""count"", ""ink_coverage_ratio"": ""ratio"", ""inter_glyph_spacing_mean_norm"": ""ratio"", ""inter_glyph_spacing_sd_norm"": ""ratio"", ""rhythm_periodicity"": ""ratio"", ""straight_curve_ratio"": ""ratio"", ""symmetry_horizontal"": ""ratio"", ""symmetry_vertical"": ""ratio"", ""unit_area_cv"": ""ratio"", ""unit_height_cv"": ""ratio"", ""unit_width_cv"": ""ratio"", ""whitespace_ratio"": ""ratio""}","{""bbox_aspect_ratio"": ""direct"", ""bbox_fill_ratio"": ""direct"", ""centroid_x_norm"": ""direct"", ""centroid_y_norm"": ""direct"", ""closure_count"": ""direct"", ""connected_component_count"": ""direct"", ""ink_coverage_ratio"": ""direct"", ""inter_glyph_spacing_mean_norm"": ""not_applicable"", ""inter_glyph_spacing_sd_norm"": ""not_applicable"", ""rhythm_periodicity"": ""not_applicable"", ""straight_curve_ratio"": ""protocol_dependent"", ""symmetry_horizontal"": ""direct"", ""symmetry_vertical"": ""direct"", ""unit_area_cv"": ""not_applicable"", ""unit_height_cv"": ""not_applicable"", ""unit_width_cv"": ""not_applicable"", ""whitespace_ratio"": ""direct""}","{""inter_glyph_spacing_mean_norm"": ""MEASURE_NOT_APPLICABLE"", ""inter_glyph_spacing_sd_norm"": ""MEASURE_NOT_APPLICABLE"", ""rhythm_periodicity"": ""MEASURE_NOT_APPLICABLE"", ""unit_area_cv"": ""MEASURE_NOT_APPLICABLE"", ""unit_height_cv"": ""MEASURE_NOT_APPLICABLE"", ""unit_width_cv"": ""MEASURE_NOT_APPLICABLE""}",0.007412433624267578,0.9925875663757324,0.1467617069486405,1.034375,35,345,0.9943876266479492,0.9867238998413086,0.26422451264798374,0.5034265439047926,0.5232087035622387,,,,,,
feat_7e4ddfc73ab5fa992780,stim_00a871222c2e3745,render_551362ca0ff22f33,1.1.0,raster_binary,ink_area_matched,density|geometry|layout|proportion|reading_rhythm|stroke_gesture|uniformity|visual_center,direct,valid,,4d800e346b040f885277c164e937c2514144ed6292066deb66bb1fc465b2de05,"{""bbox_aspect_ratio"": 647, ""bbox_fill_ratio"": 104857, ""ink_coverage_ratio"": 104857, ""whitespace_ratio"": 1992295}","{""bbox_aspect_ratio"": 658, ""bbox_fill_ratio"": 425726, ""ink_coverage_ratio"": 2097152, ""whitespace_ratio"": 2097152}","{""bbox_aspect_ratio"": ""ratio"", ""bbox_fill_ratio"": ""ratio"", ""centroid_x_norm"": ""ratio"", ""centroid_y_norm"": ""ratio"", ""closure_count"": ""count"", ""connected_component_count"": ""count"", ""ink_coverage_ratio"": ""ratio"", ""inter_glyph_spacing_mean_norm"": ""ratio"", ""inter_glyph_spacing_sd_norm"": ""ratio"", ""rhythm_periodicity"": ""ratio"", ""straight_curve_ratio"": ""ratio"", ""symmetry_horizontal"": ""ratio"", ""symmetry_vertical"": ""ratio"", ""unit_area_cv"": ""ratio"", ""unit_height_cv"": ""ratio"", ""unit_width_cv"": ""ratio"", ""whitespace_ratio"": ""ratio""}","{""bbox_aspect_ratio"": ""direct"", ""bbox_fill_ratio"": ""direct"", ""centroid_x_norm"": ""direct"", ""centroid_y_norm"": ""direct"", ""closure_count"": ""direct"", ""connected_component_count"": ""direct"", ""ink_coverage_ratio"": ""direct"", ""inter_glyph_spacing_mean_norm"": ""not_applicable"", ""inter_glyph_spacing_sd_norm"": ""not_applicable"", ""rhythm_periodicity"": ""not_applicable"", ""straight_curve_ratio"": ""protocol_dependent"", ""symmetry_horizontal"": ""direct"", ""symmetry_vertical"": ""direct"", ""unit_area_cv"": ""not_applicable"", ""unit_height_cv"": ""not_applicable"", ""unit_width_cv"": ""not_applicable"", ""whitespace_ratio"": ""direct""}","{""inter_glyph_spacing_mean_norm"": ""MEASURE_NOT_APPLICABLE"", ""inter_glyph_spacing_sd_norm"": ""MEASURE_NOT_APPLICABLE"", ""rhythm_periodicity"": ""MEASURE_NOT_APPLICABLE"", ""unit_area_cv"": ""MEASURE_NOT_APPLICABLE"", ""unit_height_cv"": ""MEASURE_NOT_APPLICABLE"", ""unit_width_cv"": ""MEASURE_NOT_APPLICABLE""}",0.04999971389770508,0.9500002861022949,0.24630161183484212,0.9832826747720365,1,1,0.9566793441772461,0.9338502883911133,0.7035313945790704,0.49636181876716623,0.46057650799124045,,,,,,
feat_f155441eeb656d3666db,stim_00a871222c2e3745,render_551362ca0ff22f33,1.1.0,raster_grayscale,ink_area_matched,density|geometry|layout|proportion|reading_rhythm|stroke_gesture|uniformity|visual_center,direct,valid,,4d800e346b040f885277c164e937c2514144ed6292066deb66bb1fc465b2de05,"{""bbox_aspect_ratio"": 647, ""bbox_fill_ratio"": 109202, ""ink_coverage_ratio"": 109202, ""whitespace_ratio"": 1987950}","{""bbox_aspect_ratio"": 658, ""bbox_fill_ratio"": 425726, ""ink_coverage_ratio"": 2097152, ""whitespace_ratio"": 2097152}","{""bbox_aspect_ratio"": ""ratio"", ""bbox_fill_ratio"": ""ratio"", ""centroid_x_norm"": ""ratio"", ""centroid_y_norm"": ""ratio"", ""closure_count"": ""count"", ""connected_component_count"": ""count"", ""ink_coverage_ratio"": ""ratio"", ""inter_glyph_spacing_mean_norm"": ""ratio"", ""inter_glyph_spacing_sd_norm"": ""ratio"", ""rhythm_periodicity"": ""ratio"", ""straight_curve_ratio"": ""ratio"", ""symmetry_horizontal"": ""ratio"", ""symmetry_vertical"": ""ratio"", ""unit_area_cv"": ""ratio"", ""unit_height_cv"": ""ratio"", ""unit_width_cv"": ""ratio"", ""whitespace_ratio"": ""ratio""}","{""bbox_aspect_ratio"": ""direct"", ""bbox_fill_ratio"": ""direct"", ""centroid_x_norm"": ""direct"", ""centroid_y_norm"": ""direct"", ""closure_count"": ""direct"", ""connected_component_count"": ""direct"", ""ink_coverage_ratio"": ""direct"", ""inter_glyph_spacing_mean_norm"": ""not_applicable"", ""inter_glyph_spacing_sd_norm"": ""not_applicable"", ""rhythm_periodicity"": ""not_applicable"", ""straight_curve_ratio"": ""protocol_dependent"", ""symmetry_horizontal"": ""direct"", ""symmetry_vertical"": ""direct"", ""unit_area_cv"": ""not_applicable"", ""unit_height_cv"": ""not_applicable"", ""unit_width_cv"": ""not_applicable"", ""whitespace_ratio"": ""direct""}","{""inter_glyph_spacing_mean_norm"": ""MEASURE_NOT_APPLICABLE"", ""inter_glyph_spacing_sd_norm"": ""MEASURE_NOT_APPLICABLE"", ""rhythm_periodicity"": ""MEASURE_NOT_APPLICABLE"", ""unit_area_cv"": ""MEASURE_NOT_APPLICABLE"", ""unit_height_cv"": ""MEASURE_NOT_APPLICABLE"", ""unit_width_cv"": ""MEASURE_NOT_APPLICABLE""}",0.052071571350097656,0.9479284286499023,0.2565077068349126,0.9832826747720365,51,294,0.9562797546386719,0.9320755004882812,0.6287138556090996,0.4962312084914883,0.46057980923540776,,,,,,
feat_4c524cab00f5033421ef,stim_03e829dbf5892fb6,render_551362ca0ff22f33,1.1.0,raster_binary,bbox_height_matched,density|geometry|layout|proportion|reading_rhythm|stroke_gesture|uniformity|visual_center,direct,valid,,4d800e346b040f885277c164e937c2514144ed6292066deb66bb1fc465b2de05,"{""bbox_aspect_ratio"": 289, ""bbox_fill_ratio"": 18685, ""ink_coverage_ratio"": 18685, ""whitespace_ratio"": 2078467}","{""bbox_aspect_ratio"": 320, ""bbox_fill_ratio"": 92480, ""ink_coverage_ratio"": 2097152, ""whitespace_ratio"": 2097152}","{""bbox_aspect_ratio"": ""ratio"", ""bbox_fill_ratio"": ""ratio"", ""centroid_x_norm"": ""ratio"", ""centroid_y_norm"": ""ratio"", ""closure_count"": ""count"", ""connected_component_count"": ""count"", ""ink_coverage_ratio"": ""ratio"", ""inter_glyph_spacing_mean_norm"": ""ratio"", ""inter_glyph_spacing_sd_norm"": ""ratio"", ""rhythm_periodicity"": ""ratio"", ""straight_curve_ratio"": ""ratio"", ""symmetry_horizontal"": ""ratio"", ""symmetry_vertical"": ""ratio"", ""unit_area_cv"": ""ratio"", ""unit_height_cv"": ""ratio"", ""unit_width_cv"": ""ratio"", ""whitespace_ratio"": ""ratio""}","{""bbox_aspect_ratio"": ""direct"", ""bbox_fill_ratio"": ""direct"", ""centroid_x_norm"": ""direct"", ""centroid_y_norm"": ""direct"", ""closure_count"": ""direct"", ""connected_component_count"": ""direct"", ""ink_coverage_ratio"": ""direct"", ""inter_glyph_spacing_mean_norm"": ""not_applicable"", ""inter_glyph_spacing_sd_norm"": ""not_applicable"", ""rhythm_periodicity"": ""not_applicable"", ""straight_curve_ratio"": ""protocol_dependent"", ""symmetry_horizontal"": ""direct"", ""symmetry_vertical"": ""direct"", ""unit_area_cv"": ""not_applicable"", ""unit_height_cv"": ""not_applicable"", ""unit_width_cv"": ""not_applicable"", ""whitespace_ratio"": ""direct""}","{""inter_glyph_spacing_mean_norm"": ""MEASURE_NOT_APPLICABLE"", ""inter_glyph_spacing_sd_norm"": ""MEASURE_NOT_APPLICABLE"", ""rhythm_periodicity"": ""MEASURE_NOT_APPLICABLE"", ""unit_area_cv"": ""MEASURE_NOT_APPLICABLE"", ""unit_height_cv"": ""MEASURE_NOT_APPLICABLE"", ""unit_width_cv"": ""MEASURE_NOT_APPLICABLE""}",0.00890970230102539,0.9910902976989746,0.20204368512110726,0.903125,1,2,0.9919424057006836,0.9940729141235352,0.8628129868946195,0.497076897829141,0.48414101175742574,,,,,,
feat_f638dcf1c2ad71086e72,stim_03e829dbf5892fb6,render_551362ca0ff22f33,1.1.0,raster_grayscale,bbox_height_matched,density|geometry|layout|proportion|reading_rhythm|stroke_gesture|uniformity|visual_center,direct,valid,,4d800e346b040f885277c164e937c2514144ed6292066deb66bb1fc465b2de05,"{""bbox_aspect_ratio"": 289, ""bbox_fill_ratio"": 21466, ""ink_coverage_ratio"": 21466, ""whitespace_ratio"": 2075686}","{""bbox_aspect_ratio"": 320, ""bbox_fill_ratio"": 92480, ""ink_coverage_ratio"": 2097152, ""whitespace_ratio"": 2097152}","{""bbox_aspect_ratio"": ""ratio"", ""bbox_fill_ratio"": ""ratio"", ""centroid_x_norm"": ""ratio"", ""centroid_y_norm"": ""ratio"", ""closure_count"": ""count"", ""connected_component_count"": ""count"", ""ink_coverage_ratio"": ""ratio"", ""inter_glyph_spacing_mean_norm"": ""ratio"", ""inter_glyph_spacing_sd_norm"": ""ratio"", ""rhythm_periodicity"": ""ratio"", ""straight_curve_ratio"": ""ratio"", ""symmetry_horizontal"": ""ratio"", ""symmetry_vertical"": ""ratio"", ""unit_area_cv"": ""ratio"", ""unit_height_cv"": ""ratio"", ""unit_width_cv"": ""ratio"", ""whitespace_ratio"": ""ratio""}","{""bbox_aspect_ratio"": ""direct"", ""bbox_fill_ratio"": ""direct"", ""centroid_x_norm"": ""direct"", ""centroid_y_norm"": ""direct"", ""closure_count"": ""direct"", ""connected_component_count"": ""direct"", ""ink_coverage_ratio"": ""direct"", ""inter_glyph_spacing_mean_norm"": ""not_applicable"", ""inter_glyph_spacing_sd_norm"": ""not_applicable"", ""rhythm_periodicity"": ""not_applicable"", ""straight_curve_ratio"": ""protocol_dependent"", ""symmetry_horizontal"": ""direct"", ""symmetry_vertical"": ""direct"", ""unit_area_cv"": ""not_applicable"", ""unit_height_cv"": ""not_applicable"", ""unit_width_cv"": ""not_applicable"", ""whitespace_ratio"": ""direct""}","{""inter_glyph_spacing_mean_norm"": ""MEASURE_NOT_APPLICABLE"", ""inter_glyph_spacing_sd_norm"": ""MEASURE_NOT_APPLICABLE"", ""rhythm_periodicity"": ""MEASURE_NOT_APPLICABLE"", ""unit_area_cv"": ""MEASURE_NOT_APPLICABLE"", ""unit_height_cv"": ""MEASURE_NOT_APPLICABLE"", ""unit_width_cv"": ""MEASURE_NOT_APPLICABLE""}",0.010235786437988281,0.9897642135620117,0.23211505190311418,0.903125,15,57,0.9925289154052734,0.99285888671875,0.7389876175160022,0.49731329304190347,0.48391938305052173,,,,,,
feat_83e16e4438826f0653e0,stim_046feb329e243591,render_551362ca0ff22f33,1.1.0,raster_binary,bbox_height_matched,density|geometry|layout|proportion|reading_rhythm|stroke_gesture|uniformity|visual_center,direct,valid,,4d800e346b040f885277c164e937c2514144ed6292066deb66bb1fc465b2de05,"{""bbox_aspect_ratio"": 325, ""bbox_fill_ratio"": 29661, ""ink_coverage_ratio"": 29661, ""whitespace_ratio"": 2067491}","{""bbox_aspect_ratio"": 320, ""bbox_fill_ratio"": 104000, ""ink_coverage_ratio"": 2097152, ""whitespace_ratio"": 2097152}","{""bbox_aspect_ratio"": ""ratio"", ""bbox_fill_ratio"": ""ratio"", ""centroid_x_norm"": ""ratio"", ""centroid_y_norm"": ""ratio"", ""closure_count"": ""count"", ""connected_component_count"": ""count"", ""ink_coverage_ratio"": ""ratio"", ""inter_glyph_spacing_mean_norm"": ""ratio"", ""inter_glyph_spacing_sd_norm"": ""ratio"", ""rhythm_periodicity"": ""ratio"", ""straight_curve_ratio"": ""ratio"", ""symmetry_horizontal"": ""ratio"", ""symmetry_vertical"": ""ratio"", ""unit_area_cv"": ""ratio"", ""unit_height_cv"": ""ratio"", ""unit_width_cv"": ""ratio"", ""whitespace_ratio"": ""ratio""}","{""bbox_aspect_ratio"": ""direct"", ""bbox_fill_ratio"": ""direct"", ""centroid_x_norm"": ""direct"", ""centroid_y_norm"": ""direct"", ""closure_count"": ""direct"", ""connected_component_count"": ""direct"", ""ink_coverage_ratio"": ""direct"", ""inter_glyph_spacing_mean_norm"": ""not_applicable"", ""inter_glyph_spacing_sd_norm"": ""not_applicable"", ""rhythm_periodicity"": ""not_applicable"", ""straight_curve_ratio"": ""protocol_dependent"", ""symmetry_horizontal"": ""direct"", ""symmetry_vertical"": ""direct"", ""unit_area_cv"": ""not_applicable"", ""unit_height_cv"": ""not_applicable"", ""unit_width_cv"": ""not_applicable"", ""whitespace_ratio"": ""direct""}","{""inter_glyph_spacing_mean_norm"": ""MEASURE_NOT_APPLICABLE"", ""inter_glyph_spacing_sd_norm"": ""MEASURE_NOT_APPLICABLE"", ""rhythm_periodicity"": ""MEASURE_NOT_APPLICABLE"", ""unit_area_cv"": ""MEASURE_NOT_APPLICABLE"", ""unit_height_cv"": ""MEASURE_NOT_APPLICABLE"", ""unit_width_cv"": ""MEASURE_NOT_APPLICABLE""}",0.01414346694946289,0.9858565330505371,0.2852019230769231,1.015625,3,0,0.9860677719116211,0.9842500686645508,0.6039845998308954,0.49686302220297696,0.5105018084563906,,,,,,
feat_c5c8c3de58ae9c08d02f,stim_046feb329e243591,render_551362ca0ff22f33,1.1.0,raster_grayscale,bbox_height_matched,density|geometry|layout|proportion|reading_rhythm|stroke_gesture|uniformity|visual_center,direct,valid,,4d800e346b040f885277c164e937c2514144ed6292066deb66bb1fc465b2de05,"{""bbox_aspect_ratio"": 325, ""bbox_fill_ratio"": 32880, ""ink_coverage_ratio"": 32880, ""whitespace_ratio"": 2064272}","{""bbox_aspect_ratio"": 320, ""bbox_fill_ratio"": 104000, ""ink_coverage_ratio"": 2097152, ""whitespace_ratio"": 2097152}","{""bbox_aspect_ratio"": ""ratio"", ""bbox_fill_ratio"": ""ratio"", ""centroid_x_norm"": ""ratio"", ""centroid_y_norm"": ""ratio"", ""closure_count"": ""count"", ""connected_component_count"": ""count"", ""ink_coverage_ratio"": ""ratio"", ""inter_glyph_spacing_mean_norm"": ""ratio"", ""inter_glyph_spacing_sd_norm"": ""ratio"", ""rhythm_periodicity"": ""ratio"", ""straight_curve_ratio"": ""ratio"", ""symmetry_horizontal"": ""ratio"", ""symmetry_vertical"": ""ratio"", ""unit_area_cv"": ""ratio"", ""unit_height_cv"": ""ratio"", ""unit_width_cv"": ""ratio"", ""whitespace_ratio"": ""ratio""}","{""bbox_aspect_ratio"": ""direct"", ""bbox_fill_ratio"": ""direct"", ""centroid_x_norm"": ""direct"", ""centroid_y_norm"": ""direct"", ""closure_count"": ""direct"", ""connected_component_count"": ""direct"", ""ink_coverage_ratio"": ""direct"", ""inter_glyph_spacing_mean_norm"": ""not_applicable"", ""inter_glyph_spacing_sd_norm"": ""not_applicable"", ""rhythm_periodicity"": ""not_applicable"", ""straight_curve_ratio"": ""protocol_dependent"", ""symmetry_horizontal"": ""direct"", ""symmetry_vertical"": ""direct"", ""unit_area_cv"": ""not_applicable"", ""unit_height_cv"": ""not_applicable"", ""unit_width_cv"": ""not_applicable"", ""whitespace_ratio"": ""direct""}","{""inter_glyph_spacing_mean_norm"": ""MEASURE_NOT_APPLICABLE"", ""inter_glyph_spacing_sd_norm"": ""MEASURE_NOT_APPLICABLE"", ""rhythm_periodicity"": ""MEASURE_NOT_APPLICABLE"", ""unit_area_cv"": ""MEASURE_NOT_APPLICABLE"", ""unit_height_cv"": ""MEASURE_NOT_APPLICABLE"", ""unit_width_cv"": ""MEASURE_NOT_APPLICABLE""}",0.01567840576171875,0.9843215942382812,0.3161538461538462,1.015625,40,508,0.9854736328125,0.9832572937011719,0.3496962088623277,0.4965077792350973,0.5100141316434763,,,,,,
feat_5db9ab44540f5f7f6d2e,stim_08959334f8e8701f,render_551362ca0ff22f33,1.1.0,raster_binary,ink_area_matched,density|geometry|layout|proportion|reading_rhythm|stroke_gesture|uniformity|visual_center,direct,valid,,4d800e346b040f885277c164e937c2514144ed6292066deb66bb1fc465b2de05,"{""bbox_aspect_ratio"": 599, ""bbox_fill_ratio"": 105023, ""ink_coverage_ratio"": 105023, ""whitespace_ratio"": 1992129}","{""bbox_aspect_ratio"": 634, ""bbox_fill_ratio"": 379766, ""ink_coverage_ratio"": 2097152, ""whitespace_ratio"": 2097152}","{""bbox_aspect_ratio"": ""ratio"", ""bbox_fill_ratio"": ""ratio"", ""centroid_x_norm"": ""ratio"", ""centroid_y_norm"": ""ratio"", ""closure_count"": ""count"", ""connected_component_count"": ""count"", ""ink_coverage_ratio"": ""ratio"", ""inter_glyph_spacing_mean_norm"": ""ratio"", ""inter_glyph_spacing_sd_norm"": ""ratio"", ""rhythm_periodicity"": ""ratio"", ""straight_curve_ratio"": ""ratio"", ""symmetry_horizontal"": ""ratio"", ""symmetry_vertical"": ""ratio"", ""unit_area_cv"": ""ratio"", ""unit_height_cv"": ""ratio"", ""unit_width_cv"": ""ratio"", ""whitespace_ratio"": ""ratio""}","{""bbox_aspect_ratio"": ""direct"", ""bbox_fill_ratio"": ""direct"", ""centroid_x_norm"": ""direct"", ""centroid_y_norm"": ""direct"", ""closure_count"": ""direct"", ""connected_component_count"": ""direct"", ""ink_coverage_ratio"": ""direct"", ""inter_glyph_spacing_mean_norm"": ""not_applicable"", ""inter_glyph_spacing_sd_norm"": ""not_applicable"", ""rhythm_periodicity"": ""not_applicable"", ""straight_curve_ratio"": ""protocol_dependent"", ""symmetry_horizontal"": ""direct"", ""symmetry_vertical"": ""direct"", ""unit_area_cv"": ""not_applicable"", ""unit_height_cv"": ""not_applicable"", ""unit_width_cv"": ""not_applicable"", ""whitespace_ratio"": ""direct""}","{""inter_glyph_spacing_mean_norm"": ""MEASURE_NOT_APPLICABLE"", ""inter_glyph_spacing_sd_norm"": ""MEASURE_NOT_APPLICABLE"", ""rhythm_periodicity"": ""MEASURE_NOT_APPLICABLE"", ""unit_area_cv"": ""MEASURE_NOT_APPLICABLE"", ""unit_height_cv"": ""MEASURE_NOT_APPLICABLE"", ""unit_width_cv"": ""MEASURE_NOT_APPLICABLE""}",0.0500788688659668,0.9499211311340332,0.2765466102810678,0.944794952681388,2,4,0.943568229675293,0.9555349349975586,0.8602514394589589,0.49617043986049486,0.43996388551495863,,,,,,
feat_7cba7bdb6d2fe34e4489,stim_08959334f8e8701f,render_551362ca0ff22f33,1.1.0,raster_grayscale,ink_area_matched,density|geometry|layout|proportion|reading_rhythm|stroke_gesture|uniformity|visual_center,direct,valid,,4d800e346b040f885277c164e937c2514144ed6292066deb66bb1fc465b2de05,"{""bbox_aspect_ratio"": 599, ""bbox_fill_ratio"": 111590, ""ink_coverage_ratio"": 111590, ""whitespace_ratio"": 1985562}","{""bbox_aspect_ratio"": 634, ""bbox_fill_ratio"": 379766, ""ink_coverage_ratio"": 2097152, ""whitespace_ratio"": 2097152}","{""bbox_aspect_ratio"": ""ratio"", ""bbox_fill_ratio"": ""ratio"", ""centroid_x_norm"": ""ratio"", ""centroid_y_norm"": ""ratio"", ""closure_count"": ""count"", ""connected_component_count"": ""count"", ""ink_coverage_ratio"": ""ratio"", ""inter_glyph_spacing_mean_norm"": ""ratio"", ""inter_glyph_spacing_sd_norm"": ""ratio"", ""rhythm_periodicity"": ""ratio"", ""straight_curve_ratio"": ""ratio"", ""symmetry_horizontal"": ""ratio"", ""symmetry_vertical"": ""ratio"", ""unit_area_cv"": ""ratio"", ""unit_height_cv"": ""ratio"", ""unit_width_cv"": ""ratio"", ""whitespace_ratio"": ""ratio""}","{""bbox_aspect_ratio"": ""direct"", ""bbox_fill_ratio"": ""direct"", ""centroid_x_norm"": ""direct"", ""centroid_y_norm"": ""direct"", ""closure_count"": ""direct"", ""connected_component_count"": ""direct"", ""ink_coverage_ratio"": ""direct"", ""inter_glyph_spacing_mean_norm"": ""not_applicable"", ""inter_glyph_spacing_sd_norm"": ""not_applicable"", ""rhythm_periodicity"": ""not_applicable"", ""straight_curve_ratio"": ""protocol_dependent"", ""symmetry_horizontal"": ""direct"", ""symmetry_vertical"": ""direct"", ""unit_area_cv"": ""not_applicable"", ""unit_height_cv"": ""not_applicable"", ""unit_width_cv"": ""not_applicable"", ""whitespace_ratio"": ""direct""}","{""inter_glyph_spacing_mean_norm"": ""MEASURE_NOT_APPLICABLE"", ""inter_glyph_spacing_sd_norm"": ""MEASURE_NOT_APPLICABLE"", ""rhythm_periodicity"": ""MEASURE_NOT_APPLICABLE"", ""unit_area_cv"": ""MEASURE_NOT_APPLICABLE"", ""unit_height_cv"": ""MEASURE_NOT_APPLICABLE"", ""unit_width_cv"": ""MEASURE_NOT_APPLICABLE""}",0.05321025848388672,0.9467897415161133,0.2938388375999958,0.944794952681388,31,150,0.9433917999267578,0.95208740234375,0.7431052107257973,0.49743613619051885,0.43834649127105924,,,,,,
feat_5ea94016f1091f98b065,stim_0c7862cd7dcddcf2,render_551362ca0ff22f33,1.1.0,raster_binary,ink_area_matched,density|geometry|layout|proportion|reading_rhythm|stroke_gesture|uniformity|visual_center,protocol_dependent,valid,,4d800e346b040f885277c164e937c2514144ed6292066deb66bb1fc465b2de05,"{""bbox_aspect_ratio"": 1574, ""bbox_fill_ratio"": 104721, ""ink_coverage_ratio"": 104721, ""whitespace_ratio"": 1992431}","{""bbox_aspect_ratio"": 370, ""bbox_fill_ratio"": 582380, ""ink_coverage_ratio"": 2097152, ""whitespace_ratio"": 2097152}","{""bbox_aspect_ratio"": ""ratio"", ""bbox_fill_ratio"": ""ratio"", ""centroid_x_norm"": ""ratio"", ""centroid_y_norm"": ""ratio"", ""closure_count"": ""count"", ""connected_component_count"": ""count"", ""ink_coverage_ratio"": ""ratio"", ""inter_glyph_spacing_mean_norm"": ""ratio"", ""inter_glyph_spacing_sd_norm"": ""ratio"", ""rhythm_periodicity"": ""ratio"", ""straight_curve_ratio"": ""ratio"", ""symmetry_horizontal"": ""ratio"", ""symmetry_vertical"": ""ratio"", ""unit_area_cv"": ""ratio"", ""unit_height_cv"": ""ratio"", ""unit_width_cv"": ""ratio"", ""whitespace_ratio"": ""ratio""}","{""bbox_aspect_ratio"": ""direct"", ""bbox_fill_ratio"": ""direct"", ""centroid_x_norm"": ""direct"", ""centroid_y_norm"": ""direct"", ""closure_count"": ""direct"", ""connected_component_count"": ""direct"", ""ink_coverage_ratio"": ""direct"", ""inter_glyph_spacing_mean_norm"": ""protocol_dependent"", ""inter_glyph_spacing_sd_norm"": ""protocol_dependent"", ""rhythm_periodicity"": ""protocol_dependent"", ""straight_curve_ratio"": ""protocol_dependent"", ""symmetry_horizontal"": ""direct"", ""symmetry_vertical"": ""direct"", ""unit_area_cv"": ""protocol_dependent"", ""unit_height_cv"": ""protocol_dependent"", ""unit_width_cv"": ""protocol_dependent"", ""whitespace_ratio"": ""direct""}","{""rhythm_periodicity"": ""MEASURE_SEQUENCE_TOO_SHORT""}",0.04993486404418945,0.9500651359558105,0.17981558432638484,4.254054054054054,7,2,0.9289884567260742,0.956059455871582,0.7467624644108717,0.5016408741739956,0.4839464990605991,0.12972972972972974,0.011466596451673744,,0.027858322277774093,0.059023630338487246,0.009633607373113726
feat_c4be5a979c23d83bcdd6,stim_0c7862cd7dcddcf2,render_551362ca0ff22f33,1.1.0,raster_grayscale,ink_area_matched,density|geometry|layout|proportion|reading_rhythm|stroke_gesture|uniformity|visual_center,protocol_dependent,valid,,4d800e346b040f885277c164e937c2514144ed6292066deb66bb1fc465b2de05,"{""bbox_aspect_ratio"": 1574, ""bbox_fill_ratio"": 118569, ""ink_coverage_ratio"": 118569, ""whitespace_ratio"": 1978583}","{""bbox_aspect_ratio"": 370, ""bbox_fill_ratio"": 582380, ""ink_coverage_ratio"": 2097152, ""whitespace_ratio"": 2097152}","{""bbox_aspect_ratio"": ""ratio"", ""bbox_fill_ratio"": ""ratio"", ""centroid_x_norm"": ""ratio"", ""centroid_y_norm"": ""ratio"", ""closure_count"": ""count"", ""connected_component_count"": ""count"", ""ink_coverage_ratio"": ""ratio"", ""inter_glyph_spacing_mean_norm"": ""ratio"", ""inter_glyph_spacing_sd_norm"": ""ratio"", ""rhythm_periodicity"": ""ratio"", ""straight_curve_ratio"": ""ratio"", ""symmetry_horizontal"": ""ratio"", ""symmetry_vertical"": ""ratio"", ""unit_area_cv"": ""ratio"", ""unit_height_cv"": ""ratio"", ""unit_width_cv"": ""ratio"", ""whitespace_ratio"": ""ratio""}","{""bbox_aspect_ratio"": ""direct"", ""bbox_fill_ratio"": ""direct"", ""centroid_x_norm"": ""direct"", ""centroid_y_norm"": ""direct"", ""closure_count"": ""direct"", ""connected_component_count"": ""direct"", ""ink_coverage_ratio"": ""direct"", ""inter_glyph_spacing_mean_norm"": ""protocol_dependent"", ""inter_glyph_spacing_sd_norm"": ""protocol_dependent"", ""rhythm_periodicity"": ""protocol_dependent"", ""straight_curve_ratio"": ""protocol_dependent"", ""symmetry_horizontal"": ""direct"", ""symmetry_vertical"": ""direct"", ""unit_area_cv"": ""protocol_dependent"", ""unit_height_cv"": ""protocol_dependent"", ""unit_width_cv"": ""protocol_dependent"", ""whitespace_ratio"": ""direct""}","{""rhythm_periodicity"": ""MEASURE_SEQUENCE_TOO_SHORT""}",0.05653810501098633,0.9434618949890137,0.2035938734159827,4.254054054054054,127,1300,0.9234800338745117,0.9504880905151367,0.443895861146774,0.49983983399829424,0.48343900097200787,0.12972972972972974,0.011466596451673744,,0.0317800356852844,0.059023630338487246,0.009633607373113726
feat_be65c59166323d7cbda2,stim_0d25f57b7f63d875,render_551362ca0ff22f33,1.1.0,raster_binary,ink_area_matched,density|geometry|layout|proportion|reading_rhythm|stroke_gesture|uniformity|visual_center,direct,valid,,4d800e346b040f885277c164e937c2514144ed6292066deb66bb1fc465b2de05,"{""bbox_aspect_ratio"": 749, ""bbox_fill_ratio"": 105227, ""ink_coverage_ratio"": 105227, ""whitespace_ratio"": 1991925}","{""bbox_aspect_ratio"": 741, ""bbox_fill_ratio"": 555009, ""ink_coverage_ratio"": 2097152, ""whitespace_ratio"": 2097152}","{""bbox_aspect_ratio"": ""ratio"", ""bbox_fill_ratio"": ""ratio"", ""centroid_x_norm"": ""ratio"", ""centroid_y_norm"": ""ratio"", ""closure_count"": ""count"", ""connected_component_count"": ""count"", ""ink_coverage_ratio"": ""ratio"", ""inter_glyph_spacing_mean_norm"": ""ratio"", ""inter_glyph_spacing_sd_norm"": ""ratio"", ""rhythm_periodicity"": ""ratio"", ""straight_curve_ratio"": ""ratio"", ""symmetry_horizontal"": ""ratio"", ""symmetry_vertical"": ""ratio"", ""unit_area_cv"": ""ratio"", ""unit_height_cv"": ""ratio"", ""unit_width_cv"": ""ratio"", ""whitespace_ratio"": ""ratio""}","{""bbox_aspect_ratio"": ""direct"", ""bbox_fill_ratio"": ""direct"", ""centroid_x_norm"": ""direct"", ""centroid_y_norm"": ""direct"", ""closure_count"": ""direct"", ""connected_component_count"": ""direct"", ""ink_coverage_ratio"": ""direct"", ""inter_glyph_spacing_mean_norm"": ""not_applicable"", ""inter_glyph_spacing_sd_norm"": ""not_applicable"", ""rhythm_periodicity"": ""not_applicable"", ""straight_curve_ratio"": ""protocol_dependent"", ""symmetry_horizontal"": ""direct"", ""symmetry_vertical"": ""direct"", ""unit_area_cv"": ""not_applicable"", ""unit_height_cv"": ""not_applicable"", ""unit_width_cv"": ""not_applicable"", ""whitespace_ratio"": ""direct""}","{""inter_glyph_spacing_mean_norm"": ""MEASURE_NOT_APPLICABLE"", ""inter_glyph_spacing_sd_norm"": ""MEASURE_NOT_APPLICABLE"", ""rhythm_periodicity"": ""MEASURE_NOT_APPLICABLE"", ""unit_area_cv"": ""MEASURE_NOT_APPLICABLE"", ""unit_height_cv"": ""MEASURE_NOT_APPLICABLE"", ""unit_width_cv"": ""MEASURE_NOT_APPLICABLE""}",0.050176143646240234,0.9498238563537598,0.18959512368267903,1.0107962213225372,1,0,0.9813203811645508,0.9527349472045898,0.7213977811026834,0.5088360127094282,0.5012234153603637,,,,,,
feat_9805eb6245ac5574b7f5,stim_0d25f57b7f63d875,render_551362ca0ff22f33,1.1.0,raster_grayscale,ink_area_matched,density|geometry|layout|proportion|reading_rhythm|stroke_gesture|uniformity|visual_center,direct,valid,,4d800e346b040f885277c164e937c2514144ed6292066deb66bb1fc465b2de05,"{""bbox_aspect_ratio"": 749, ""bbox_fill_ratio"": 112062, ""ink_coverage_ratio"": 112062, ""whitespace_ratio"": 1985090}","{""bbox_aspect_ratio"": 741, ""bbox_fill_ratio"": 555009, ""ink_coverage_ratio"": 2097152, ""whitespace_ratio"": 2097152}","{""bbox_aspect_ratio"": ""ratio"", ""bbox_fill_ratio"": ""ratio"", ""centroid_x_norm"": ""ratio"", ""centroid_y_norm"": ""ratio"", ""closure_count"": ""count"", ""connected_component_count"": ""count"", ""ink_coverage_ratio"": ""ratio"", ""inter_glyph_spacing_mean_norm"": ""ratio"", ""inter_glyph_spacing_sd_norm"": ""ratio"", ""rhythm_periodicity"": ""ratio"", ""straight_curve_ratio"": ""ratio"", ""symmetry_horizontal"": ""ratio"", ""symmetry_vertical"": ""ratio"", ""unit_area_cv"": ""ratio"", ""unit_height_cv"": ""ratio"", ""unit_width_cv"": ""ratio"", ""whitespace_ratio"": ""ratio""}","{""bbox_aspect_ratio"": ""direct"", ""bbox_fill_ratio"": ""direct"", ""centroid_x_norm"": ""direct"", ""centroid_y_norm"": ""direct"", ""closure_count"": ""direct"", ""connected_component_count"": ""direct"", ""ink_coverage_ratio"": ""direct"", ""inter_glyph_spacing_mean_norm"": ""not_applicable"", ""inter_glyph_spacing_sd_norm"": ""not_applicable"", ""rhythm_periodicity"": ""not_applicable"", ""straight_curve_ratio"": ""protocol_dependent"", ""symmetry_horizontal"": ""direct"", ""symmetry_vertical"": ""direct"", ""unit_area_cv"": ""not_applicable"", ""unit_height_cv"": ""not_applicable"", ""unit_width_cv"": ""not_applicable"", ""whitespace_ratio"": ""direct""}","{""inter_glyph_spacing_mean_norm"": ""MEASURE_NOT_APPLICABLE"", ""inter_glyph_spacing_sd_norm"": ""MEASURE_NOT_APPLICABLE"", ""rhythm_periodicity"": ""MEASURE_NOT_APPLICABLE"", ""unit_area_cv"": ""MEASURE_NOT_APPLICABLE"", ""unit_height_cv"": ""MEASURE_NOT_APPLICABLE"", ""unit_width_cv"": ""MEASURE_NOT_APPLICABLE""}",0.053435325622558594,0.9465646743774414,0.20191023929341687,1.0107962213225372,9,766,0.9812793731689453,0.9497776031494141,0.5023816303000136,0.5081974928290255,0.4991613529229355,,,,,,
feat_16681450510efc109e21,stim_10c68d4199b435c4,render_551362ca0ff22f33,1.1.0,raster_binary,bbox_height_matched,density|geometry|layout|proportion|reading_rhythm|stroke_gesture|uniformity|visual_center,direct,valid,,4d800e346b040f885277c164e937c2514144ed6292066deb66bb1fc465b2de05,"{""bbox_aspect_ratio"": 293, ""bbox_fill_ratio"": 40669, ""ink_coverage_ratio"": 40669, ""whitespace_ratio"": 2056483}","{""bbox_aspect_ratio"": 320, ""bbox_fill_ratio"": 93760, ""ink_coverage_ratio"": 2097152, ""whitespace_ratio"": 2097152}","{""bbox_aspect_ratio"": ""ratio"", ""bbox_fill_ratio"": ""ratio"", ""centroid_x_norm"": ""ratio"", ""centroid_y_norm"": ""ratio"", ""closure_count"": ""count"", ""connected_component_count"": ""count"", ""ink_coverage_ratio"": ""ratio"", ""inter_glyph_spacing_mean_norm"": ""ratio"", ""inter_glyph_spacing_sd_norm"": ""ratio"", ""rhythm_periodicity"": ""ratio"", ""straight_curve_ratio"": ""ratio"", ""symmetry_horizontal"": ""ratio"", ""symmetry_vertical"": ""ratio"", ""unit_area_cv"": ""ratio"", ""unit_height_cv"": ""ratio"", ""unit_width_cv"": ""ratio"", ""whitespace_ratio"": ""ratio""}","{""bbox_aspect_ratio"": ""direct"", ""bbox_fill_ratio"": ""direct"", ""centroid_x_norm"": ""direct"", ""centroid_y_norm"": ""direct"", ""closure_count"": ""direct"", ""connected_component_count"": ""direct"", ""ink_coverage_ratio"": ""direct"", ""inter_glyph_spacing_mean_norm"": ""not_applicable"", ""inter_glyph_spacing_sd_norm"": ""not_applicable"", ""rhythm_periodicity"": ""not_applicable"", ""straight_curve_ratio"": ""protocol_dependent"", ""symmetry_horizontal"": ""direct"", ""symmetry_vertical"": ""direct"", ""unit_area_cv"": ""not_applicable"", ""unit_height_cv"": ""not_applicable"", ""unit_width_cv"": ""not_applicable"", ""whitespace_ratio"": ""direct""}","{""inter_glyph_spacing_mean_norm"": ""MEASURE_NOT_APPLICABLE"", ""inter_glyph_spacing_sd_norm"": ""MEASURE_NOT_APPLICABLE"", ""rhythm_periodicity"": ""MEASURE_NOT_APPLICABLE"", ""unit_area_cv"": ""MEASURE_NOT_APPLICABLE"", ""unit_height_cv"": ""MEASURE_NOT_APPLICABLE"", ""unit_width_cv"": ""MEASURE_NOT_APPLICABLE""}",0.01939249038696289,0.9806075096130371,0.4337563993174061,0.915625,2,4,0.9970197677612305,0.9833898544311523,0.9349442485580884,0.5000664064420997,0.46748012537190486,,,,,,
feat_ad862d9733154837d2bd,stim_10c68d4199b435c4,render_551362ca0ff22f33,1.1.0,raster_grayscale,bbox_height_matched,density|geometry|layout|proportion|reading_rhythm|stroke_gesture|uniformity|visual_center,direct,valid,,4d800e346b040f885277c164e937c2514144ed6292066deb66bb1fc465b2de05,"{""bbox_aspect_ratio"": 293, ""bbox_fill_ratio"": 43033, ""ink_coverage_ratio"": 43033, ""whitespace_ratio"": 2054119}","{""bbox_aspect_ratio"": 320, ""bbox_fill_ratio"": 93760, ""ink_coverage_ratio"": 2097152, ""whitespace_ratio"": 2097152}","{""bbox_aspect_ratio"": ""ratio"", ""bbox_fill_ratio"": ""ratio"", ""centroid_x_norm"": ""ratio"", ""centroid_y_norm"": ""ratio"", ""closure_count"": ""count"", ""connected_component_count"": ""count"", ""ink_coverage_ratio"": ""ratio"", ""inter_glyph_spacing_mean_norm"": ""ratio"", ""inter_glyph_spacing_sd_norm"": ""ratio"", ""rhythm_periodicity"": ""ratio"", ""straight_curve_ratio"": ""ratio"", ""symmetry_horizontal"": ""ratio"", ""symmetry_vertical"": ""ratio"", ""unit_area_cv"": ""ratio"", ""unit_height_cv"": ""ratio"", ""unit_width_cv"": ""ratio"", ""whitespace_ratio"": ""ratio""}","{""bbox_aspect_ratio"": ""direct"", ""bbox_fill_ratio"": ""direct"", ""centroid_x_norm"": ""direct"", ""centroid_y_norm"": ""direct"", ""closure_count"": ""direct"", ""connected_component_count"": ""direct"", ""ink_coverage_ratio"": ""direct"", ""inter_glyph_spacing_mean_norm"": ""not_applicable"", ""inter_glyph_spacing_sd_norm"": ""not_applicable"", ""rhythm_periodicity"": ""not_applicable"", ""straight_curve_ratio"": ""protocol_dependent"", ""symmetry_horizontal"": ""direct"", ""symmetry_vertical"": ""direct"", ""unit_area_cv"": ""not_applicable"", ""unit_height_cv"": ""not_applicable"", ""unit_width_cv"": ""not_applicable"", ""whitespace_ratio"": ""direct""}","{""inter_glyph_spacing_mean_norm"": ""MEASURE_NOT_APPLICABLE"", ""inter_glyph_spacing_sd_norm"": ""MEASURE_NOT_APPLICABLE"", ""rhythm_periodicity"": ""MEASURE_NOT_APPLICABLE"", ""unit_area_cv"": ""MEASURE_NOT_APPLICABLE"", ""unit_height_cv"": ""MEASURE_NOT_APPLICABLE"", ""unit_width_cv"": ""MEASURE_NOT_APPLICABLE""}",0.020519733428955078,0.9794802665710449,0.45896970989761093,0.915625,20,16,0.9968194961547852,0.9815778732299805,0.893661891581196,0.5003510205830409,0.4661418090477076,,,,,,
feat_0a021fa23c293bff45f9,stim_131a6c080ed9f418,render_551362ca0ff22f33,1.1.0,raster_binary,ink_area_matched,density|geometry|layout|proportion|reading_rhythm|stroke_gesture|uniformity|visual_center,protocol_dependent,valid,,4d800e346b040f885277c164e937c2514144ed6292066deb66bb1fc465b2de05,"{""bbox_aspect_ratio"": 1376, ""bbox_fill_ratio"": 104808, ""ink_coverage_ratio"": 104808, ""whitespace_ratio"": 1992344}","{""bbox_aspect_ratio"": 314, ""bbox_fill_ratio"": 432064, ""ink_coverage_ratio"": 2097152, ""whitespace_ratio"": 2097152}","{""bbox_aspect_ratio"": ""ratio"", ""bbox_fill_ratio"": ""ratio"", ""centroid_x_norm"": ""ratio"", ""centroid_y_norm"": ""ratio"", ""closure_count"": ""count"", ""connected_component_count"": ""count"", ""ink_coverage_ratio"": ""ratio"", ""inter_glyph_spacing_mean_norm"": ""ratio"", ""inter_glyph_spacing_sd_norm"": ""ratio"", ""rhythm_periodicity"": ""ratio"", ""straight_curve_ratio"": ""ratio"", ""symmetry_horizontal"": ""ratio"", ""symmetry_vertical"": ""ratio"", ""unit_area_cv"": ""ratio"", ""unit_height_cv"": ""ratio"", ""unit_width_cv"": ""ratio"", ""whitespace_ratio"": ""ratio""}","{""bbox_aspect_ratio"": ""direct"", ""bbox_fill_ratio"": ""direct"", ""centroid_x_norm"": ""direct"", ""centroid_y_norm"": ""direct"", ""closure_count"": ""direct"", ""connected_component_count"": ""direct"", ""ink_coverage_ratio"": ""direct"", ""inter_glyph_spacing_mean_norm"": ""protocol_dependent"", ""inter_glyph_spacing_sd_norm"": ""protocol_dependent"", ""rhythm_periodicity"": ""protocol_dependent"", ""straight_curve_ratio"": ""protocol_dependent"", ""symmetry_horizontal"": ""direct"", ""symmetry_vertical"": ""direct"", ""unit_area_cv"": ""protocol_dependent"", ""unit_height_cv"": ""protocol_dependent"", ""unit_width_cv"": ""protocol_dependent"", ""whitespace_ratio"": ""direct""}","{""rhythm_periodicity"": ""MEASURE_SEQUENCE_TOO_SHORT""}",0.049976348876953125,0.9500236511230469,0.24257517404828915,4.382165605095541,5,5,0.9332027435302734,0.9384803771972656,0.7035672111593684,0.47407930416511623,0.4856611315453019,0.18365180467091294,0.0156739098303964,,0.2977283239616335,0.04831574608720594,0.01863829930893117
feat_d18bfe8c34da1527eb35,stim_131a6c080ed9f418,render_551362ca0ff22f33,1.1.0,raster_grayscale,ink_area_matched,density|geometry|layout|proportion|reading_rhythm|stroke_gesture|uniformity|visual_center,protocol_dependent,valid,,4d800e346b040f885277c164e937c2514144ed6292066deb66bb1fc465b2de05,"{""bbox_aspect_ratio"": 1377, ""bbox_fill_ratio"": 114372, ""ink_coverage_ratio"": 114372, ""whitespace_ratio"": 1982780}","{""bbox_aspect_ratio"": 314, ""bbox_fill_ratio"": 432378, ""ink_coverage_ratio"": 2097152, ""whitespace_ratio"": 2097152}","{""bbox_aspect_ratio"": ""ratio"", ""bbox_fill_ratio"": ""ratio"", ""centroid_x_norm"": ""ratio"", ""centroid_y_norm"": ""ratio"", ""closure_count"": ""count"", ""connected_component_count"": ""count"", ""ink_coverage_ratio"": ""ratio"", ""inter_glyph_spacing_mean_norm"": ""ratio"", ""inter_glyph_spacing_sd_norm"": ""ratio"", ""rhythm_periodicity"": ""ratio"", ""straight_curve_ratio"": ""ratio"", ""symmetry_horizontal"": ""ratio"", ""symmetry_vertical"": ""ratio"", ""unit_area_cv"": ""ratio"", ""unit_height_cv"": ""ratio"", ""unit_width_cv"": ""ratio"", ""whitespace_ratio"": ""ratio""}","{""bbox_aspect_ratio"": ""direct"", ""bbox_fill_ratio"": ""direct"", ""centroid_x_norm"": ""direct"", ""centroid_y_norm"": ""direct"", ""closure_count"": ""direct"", ""connected_component_count"": ""direct"", ""ink_coverage_ratio"": ""direct"", ""inter_glyph_spacing_mean_norm"": ""protocol_dependent"", ""inter_glyph_spacing_sd_norm"": ""protocol_dependent"", ""rhythm_periodicity"": ""protocol_dependent"", ""straight_curve_ratio"": ""protocol_dependent"", ""symmetry_horizontal"": ""direct"", ""symmetry_vertical"": ""direct"", ""unit_area_cv"": ""protocol_dependent"", ""unit_height_cv"": ""protocol_dependent"", ""unit_width_cv"": ""protocol_dependent"", ""whitespace_ratio"": ""direct""}","{""rhythm_periodicity"": ""MEASURE_SEQUENCE_TOO_SHORT""}",0.05453681945800781,0.9454631805419922,0.264518546272012,4.385350318471337,54,1508,0.9302272796630859,0.9332065582275391,0.3975571669312103,0.4745662727765537,0.48537445415234937,0.18365180467091294,0.0156739098303964,,0.28088760112004213,0.04831574608720594,0.01863829930893117
feat_f9e9d4f59b58be9cfc25,stim_133906c155e4a0e4,render_551362ca0ff22f33,1.1.0,raster_binary,ink_area_matched,density|geometry|layout|proportion|reading_rhythm|stroke_gesture|uniformity|visual_center,direct,valid,,4d800e346b040f885277c164e937c2514144ed6292066deb66bb1fc465b2de05,"{""bbox_aspect_ratio"": 350, ""bbox_fill_ratio"": 104863, ""ink_coverage_ratio"": 104863, ""whitespace_ratio"": 1992289}","{""bbox_aspect_ratio"": 627, ""bbox_fill_ratio"": 219450, ""ink_coverage_ratio"": 2097152, ""whitespace_ratio"": 2097152}","{""bbox_aspect_ratio"": ""ratio"", ""bbox_fill_ratio"": ""ratio"", ""centroid_x_norm"": ""ratio"", ""centroid_y_norm"": ""ratio"", ""closure_count"": ""count"", ""connected_component_count"": ""count"", ""ink_coverage_ratio"": ""ratio"", ""inter_glyph_spacing_mean_norm"": ""ratio"", ""inter_glyph_spacing_sd_norm"": ""ratio"", ""rhythm_periodicity"": ""ratio"", ""straight_curve_ratio"": ""ratio"", ""symmetry_horizontal"": ""ratio"", ""symmetry_vertical"": ""ratio"", ""unit_area_cv"": ""ratio"", ""unit_height_cv"": ""ratio"", ""unit_width_cv"": ""ratio"", ""whitespace_ratio"": ""ratio""}","{""bbox_aspect_ratio"": ""direct"", ""bbox_fill_ratio"": ""direct"", ""centroid_x_norm"": ""direct"", ""centroid_y_norm"": ""direct"", ""closure_count"": ""direct"", ""connected_component_count"": ""direct"", ""ink_coverage_ratio"": ""direct"", ""inter_glyph_spacing_mean_norm"": ""not_applicable"", ""inter_glyph_spacing_sd_norm"": ""not_applicable"", ""rhythm_periodicity"": ""not_applicable"", ""straight_curve_ratio"": ""protocol_dependent"", ""symmetry_horizontal"": ""direct"", ""symmetry_vertical"": ""direct"", ""unit_area_cv"": ""not_applicable"", ""unit_height_cv"": ""not_applicable"", ""unit_width_cv"": ""not_applicable"", ""whitespace_ratio"": ""direct""}","{""inter_glyph_spacing_mean_norm"": ""MEASURE_NOT_APPLICABLE"", ""inter_glyph_spacing_sd_norm"": ""MEASURE_NOT_APPLICABLE"", ""rhythm_periodicity"": ""MEASURE_NOT_APPLICABLE"", ""unit_area_cv"": ""MEASURE_NOT_APPLICABLE"", ""unit_height_cv"": ""MEASURE_NOT_APPLICABLE"", ""unit_width_cv"": ""MEASURE_NOT_APPLICABLE""}",0.0500025749206543,0.9499974250793457,0.47784461152882207,0.5582137161084529,1,0,0.967442512512207,0.9925870895385742,0.9882640233118692,0.4780632490427987,0.4961078122466933,,,,,,
feat_543f668072432aa2da5d,stim_133906c155e4a0e4,render_551362ca0ff22f33,1.1.0,raster_grayscale,ink_area_matched,density|geometry|layout|proportion|reading_rhythm|stroke_gesture|uniformity|visual_center,direct,valid,,4d800e346b040f885277c164e937c2514144ed6292066deb66bb1fc465b2de05,"{""bbox_aspect_ratio"": 350, ""bbox_fill_ratio"": 106590, ""ink_coverage_ratio"": 106590, ""whitespace_ratio"": 1990562}","{""bbox_aspect_ratio"": 627, ""bbox_fill_ratio"": 219450, ""ink_coverage_ratio"": 2097152, ""whitespace_ratio"": 2097152}","{""bbox_aspect_ratio"": ""ratio"", ""bbox_fill_ratio"": ""ratio"", ""centroid_x_norm"": ""ratio"", ""centroid_y_norm"": ""ratio"", ""closure_count"": ""count"", ""connected_component_count"": ""count"", ""ink_coverage_ratio"": ""ratio"", ""inter_glyph_spacing_mean_norm"": ""ratio"", ""inter_glyph_spacing_sd_norm"": ""ratio"", ""rhythm_periodicity"": ""ratio"", ""straight_curve_ratio"": ""ratio"", ""symmetry_horizontal"": ""ratio"", ""symmetry_vertical"": ""ratio"", ""unit_area_cv"": ""ratio"", ""unit_height_cv"": ""ratio"", ""unit_width_cv"": ""ratio"", ""whitespace_ratio"": ""ratio""}","{""bbox_aspect_ratio"": ""direct"", ""bbox_fill_ratio"": ""direct"", ""centroid_x_norm"": ""direct"", ""centroid_y_norm"": ""direct"", ""closure_count"": ""direct"", ""connected_component_count"": ""direct"", ""ink_coverage_ratio"": ""direct"", ""inter_glyph_spacing_mean_norm"": ""not_applicable"", ""inter_glyph_spacing_sd_norm"": ""not_applicable"", ""rhythm_periodicity"": ""not_applicable"", ""straight_curve_ratio"": ""protocol_dependent"", ""symmetry_horizontal"": ""direct"", ""symmetry_vertical"": ""direct"", ""unit_area_cv"": ""not_applicable"", ""unit_height_cv"": ""not_applicable"", ""unit_width_cv"": ""not_applicable"", ""whitespace_ratio"": ""direct""}","{""inter_glyph_spacing_mean_norm"": ""MEASURE_NOT_APPLICABLE"", ""inter_glyph_spacing_sd_norm"": ""MEASURE_NOT_APPLICABLE"", ""rhythm_periodicity"": ""MEASURE_NOT_APPLICABLE"", ""unit_area_cv"": ""MEASURE_NOT_APPLICABLE"", ""unit_height_cv"": ""MEASURE_NOT_APPLICABLE"", ""unit_width_cv"": ""MEASURE_NOT_APPLICABLE""}",0.050826072692871094,0.9491739273071289,0.4857142857142857,0.5582137161084529,2,0,0.9673824310302734,0.9928550720214844,0.9830860513018759,0.4784437593817431,0.49614905097804674,,,,,,
feat_f276e19ca15349489d23,stim_134d36893ad8956b,render_551362ca0ff22f33,1.1.0,raster_binary,ink_area_matched,density|geometry|layout|proportion|reading_rhythm|stroke_gesture|uniformity|visual_center,direct,valid,,4d800e346b040f885277c164e937c2514144ed6292066deb66bb1fc465b2de05,"{""bbox_aspect_ratio"": 548, ""bbox_fill_ratio"": 104825, ""ink_coverage_ratio"": 104825, ""whitespace_ratio"": 1992327}","{""bbox_aspect_ratio"": 733, ""bbox_fill_ratio"": 401684, ""ink_coverage_ratio"": 2097152, ""whitespace_ratio"": 2097152}","{""bbox_aspect_ratio"": ""ratio"", ""bbox_fill_ratio"": ""ratio"", ""centroid_x_norm"": ""ratio"", ""centroid_y_norm"": ""ratio"", ""closure_count"": ""count"", ""connected_component_count"": ""count"", ""ink_coverage_ratio"": ""ratio"", ""inter_glyph_spacing_mean_norm"": ""ratio"", ""inter_glyph_spacing_sd_norm"": ""ratio"", ""rhythm_periodicity"": ""ratio"", ""straight_curve_ratio"": ""ratio"", ""symmetry_horizontal"": ""ratio"", ""symmetry_vertical"": ""ratio"", ""unit_area_cv"": ""ratio"", ""unit_height_cv"": ""ratio"", ""unit_width_cv"": ""ratio"", ""whitespace_ratio"": ""ratio""}","{""bbox_aspect_ratio"": ""direct"", ""bbox_fill_ratio"": ""direct"", ""centroid_x_norm"": ""direct"", ""centroid_y_norm"": ""direct"", ""closure_count"": ""direct"", ""connected_component_count"": ""direct"", ""ink_coverage_ratio"": ""direct"", ""inter_glyph_spacing_mean_norm"": ""not_applicable"", ""inter_glyph_spacing_sd_norm"": ""not_applicable"", ""rhythm_periodicity"": ""not_applicable"", ""straight_curve_ratio"": ""protocol_dependent"", ""symmetry_horizontal"": ""direct"", ""symmetry_vertical"": ""direct"", ""unit_area_cv"": ""not_applicable"", ""unit_height_cv"": ""not_applicable"", ""unit_width_cv"": ""not_applicable"", ""whitespace_ratio"": ""direct""}","{""inter_glyph_spacing_mean_norm"": ""MEASURE_NOT_APPLICABLE"", ""inter_glyph_spacing_sd_norm"": ""MEASURE_NOT_APPLICABLE"", ""rhythm_periodicity"": ""MEASURE_NOT_APPLICABLE"", ""unit_area_cv"": ""MEASURE_NOT_APPLICABLE"", ""unit_height_cv"": ""MEASURE_NOT_APPLICABLE"", ""unit_width_cv"": ""MEASURE_NOT_APPLICABLE""}",0.04998445510864258,0.9500155448913574,0.26096384222423596,0.747612551159618,1,0,0.9987554550170898,0.9642553329467773,0.9882916104830276,0.5000335613298951,0.38662054875685664,,,,,,
feat_7a6817766e2bc860762d,stim_134d36893ad8956b,render_551362ca0ff22f33,1.1.0,raster_grayscale,ink_area_matched,density|geometry|layout|proportion|reading_rhythm|stroke_gesture|uniformity|visual_center,direct,valid,,4d800e346b040f885277c164e937c2514144ed6292066deb66bb1fc465b2de05,"{""bbox_aspect_ratio"": 549, ""bbox_fill_ratio"": 109065, ""ink_coverage_ratio"": 109065, ""whitespace_ratio"": 1988087}","{""bbox_aspect_ratio"": 733, ""bbox_fill_ratio"": 402417, ""ink_coverage_ratio"": 2097152, ""whitespace_ratio"": 2097152}","{""bbox_aspect_ratio"": ""ratio"", ""bbox_fill_ratio"": ""ratio"", ""centroid_x_norm"": ""ratio"", ""centroid_y_norm"": ""ratio"", ""closure_count"": ""count"", ""connected_component_count"": ""count"", ""ink_coverage_ratio"": ""ratio"", ""inter_glyph_spacing_mean_norm"": ""ratio"", ""inter_glyph_spacing_sd_norm"": ""ratio"", ""rhythm_periodicity"": ""ratio"", ""straight_curve_ratio"": ""ratio"", ""symmetry_horizontal"": ""ratio"", ""symmetry_vertical"": ""ratio"", ""unit_area_cv"": ""ratio"", ""unit_height_cv"": ""ratio"", ""unit_width_cv"": ""ratio"", ""whitespace_ratio"": ""ratio""}","{""bbox_aspect_ratio"": ""direct"", ""bbox_fill_ratio"": ""direct"", ""centroid_x_norm"": ""direct"", ""centroid_y_norm"": ""direct"", ""closure_count"": ""direct"", ""connected_component_count"": ""direct"", ""ink_coverage_ratio"": ""direct"", ""inter_glyph_spacing_mean_norm"": ""not_applicable"", ""inter_glyph_spacing_sd_norm"": ""not_applicable"", ""rhythm_periodicity"": ""not_applicable"", ""straight_curve_ratio"": ""protocol_dependent"", ""symmetry_horizontal"": ""direct"", ""symmetry_vertical"": ""direct"", ""unit_area_cv"": ""not_applicable"", ""unit_height_cv"": ""not_applicable"", ""unit_width_cv"": ""not_applicable"", ""whitespace_ratio"": ""direct""}","{""inter_glyph_spacing_mean_norm"": ""MEASURE_NOT_APPLICABLE"", ""inter_glyph_spacing_sd_norm"": ""MEASURE_NOT_APPLICABLE"", ""rhythm_periodicity"": ""MEASURE_NOT_APPLICABLE"", ""unit_area_cv"": ""MEASURE_NOT_APPLICABLE"", ""unit_height_cv"": ""MEASURE_NOT_APPLICABLE"", ""unit_width_cv"": ""MEASURE_NOT_APPLICABLE""}",0.05200624465942383,0.9479937553405762,0.27102483244992137,0.7489768076398363,1,0,0.9980649948120117,0.9636964797973633,0.9849116573116998,0.49999898372673407,0.389696000879636,,,,,,
feat_d26f8e2100231242257d,stim_169bb6d244b92865,render_551362ca0ff22f33,1.1.0,raster_binary,bbox_height_matched,density|geometry|layout|proportion|reading_rhythm|stroke_gesture|uniformity|visual_center,direct,valid,,4d800e346b040f885277c164e937c2514144ed6292066deb66bb1fc465b2de05,"{""bbox_aspect_ratio"": 281, ""bbox_fill_ratio"": 28104, ""ink_coverage_ratio"": 28104, ""whitespace_ratio"": 2069048}","{""bbox_aspect_ratio"": 320, ""bbox_fill_ratio"": 89920, ""ink_coverage_ratio"": 2097152, ""whitespace_ratio"": 2097152}","{""bbox_aspect_ratio"": ""ratio"", ""bbox_fill_ratio"": ""ratio"", ""centroid_x_norm"": ""ratio"", ""centroid_y_norm"": ""ratio"", ""closure_count"": ""count"", ""connected_component_count"": ""count"", ""ink_coverage_ratio"": ""ratio"", ""inter_glyph_spacing_mean_norm"": ""ratio"", ""inter_glyph_spacing_sd_norm"": ""ratio"", ""rhythm_periodicity"": ""ratio"", ""straight_curve_ratio"": ""ratio"", ""symmetry_horizontal"": ""ratio"", ""symmetry_vertical"": ""ratio"", ""unit_area_cv"": ""ratio"", ""unit_height_cv"": ""ratio"", ""unit_width_cv"": ""ratio"", ""whitespace_ratio"": ""ratio""}","{""bbox_aspect_ratio"": ""direct"", ""bbox_fill_ratio"": ""direct"", ""centroid_x_norm"": ""direct"", ""centroid_y_norm"": ""direct"", ""closure_count"": ""direct"", ""connected_component_count"": ""direct"", ""ink_coverage_ratio"": ""direct"", ""inter_glyph_spacing_mean_norm"": ""not_applicable"", ""inter_glyph_spacing_sd_norm"": ""not_applicable"", ""rhythm_periodicity"": ""not_applicable"", ""straight_curve_ratio"": ""protocol_dependent"", ""symmetry_horizontal"": ""direct"", ""symmetry_vertical"": ""direct"", ""unit_area_cv"": ""not_applicable"", ""unit_height_cv"": ""not_applicable"", ""unit_width_cv"": ""not_applicable"", ""whitespace_ratio"": ""direct""}","{""inter_glyph_spacing_mean_norm"": ""MEASURE_NOT_APPLICABLE"", ""inter_glyph_spacing_sd_norm"": ""MEASURE_NOT_APPLICABLE"", ""rhythm_periodicity"": ""MEASURE_NOT_APPLICABLE"", ""unit_area_cv"": ""MEASURE_NOT_APPLICABLE"", ""unit_height_cv"": ""MEASURE_NOT_APPLICABLE"", ""unit_width_cv"": ""MEASURE_NOT_APPLICABLE""}",0.013401031494140625,0.9865989685058594,0.3125444839857651,0.878125,1,2,0.9997940063476562,0.9885139465332031,0.9541083487868712,0.5000414545638521,0.48540437971463135,,,,,,
feat_0f4c13c9290baa4acd25,stim_169bb6d244b92865,render_551362ca0ff22f33,1.1.0,raster_grayscale,bbox_height_matched,density|geometry|layout|proportion|reading_rhythm|stroke_gesture|uniformity|visual_center,direct,valid,,4d800e346b040f885277c164e937c2514144ed6292066deb66bb1fc465b2de05,"{""bbox_aspect_ratio"": 281, ""bbox_fill_ratio"": 29378, ""ink_coverage_ratio"": 29378, ""whitespace_ratio"": 2067774}","{""bbox_aspect_ratio"": 320, ""bbox_fill_ratio"": 89920, ""ink_coverage_ratio"": 2097152, ""whitespace_ratio"": 2097152}","{""bbox_aspect_ratio"": ""ratio"", ""bbox_fill_ratio"": ""ratio"", ""centroid_x_norm"": ""ratio"", ""centroid_y_norm"": ""ratio"", ""closure_count"": ""count"", ""connected_component_count"": ""count"", ""ink_coverage_ratio"": ""ratio"", ""inter_glyph_spacing_mean_norm"": ""ratio"", ""inter_glyph_spacing_sd_norm"": ""ratio"", ""rhythm_periodicity"": ""ratio"", ""straight_curve_ratio"": ""ratio"", ""symmetry_horizontal"": ""ratio"", ""symmetry_vertical"": ""ratio"", ""unit_area_cv"": ""ratio"", ""unit_height_cv"": ""ratio"", ""unit_width_cv"": ""ratio"", ""whitespace_ratio"": ""ratio""}","{""bbox_aspect_ratio"": ""direct"", ""bbox_fill_ratio"": ""direct"", ""centroid_x_norm"": ""direct"", ""centroid_y_norm"": ""direct"", ""closure_count"": ""direct"", ""connected_component_count"": ""direct"", ""ink_coverage_ratio"": ""direct"", ""inter_glyph_spacing_mean_norm"": ""not_applicable"", ""inter_glyph_spacing_sd_norm"": ""not_applicable"", ""rhythm_periodicity"": ""not_applicable"", ""straight_curve_ratio"": ""protocol_dependent"", ""symmetry_horizontal"": ""direct"", ""symmetry_vertical"": ""direct"", ""unit_area_cv"": ""not_applicable"", ""unit_height_cv"": ""not_applicable"", ""unit_width_cv"": ""not_applicable"", ""whitespace_ratio"": ""direct""}","{""inter_glyph_spacing_mean_norm"": ""MEASURE_NOT_APPLICABLE"", ""inter_glyph_spacing_sd_norm"": ""MEASURE_NOT_APPLICABLE"", ""rhythm_periodicity"": ""MEASURE_NOT_APPLICABLE"", ""unit_area_cv"": ""MEASURE_NOT_APPLICABLE"", ""unit_height_cv"": ""MEASURE_NOT_APPLICABLE"", ""unit_width_cv"": ""MEASURE_NOT_APPLICABLE""}",0.014008522033691406,0.9859914779663086,0.3267126334519573,0.878125,8,4,0.9994163513183594,0.9880275726318359,0.9428395796767173,0.49970584786021854,0.4850237701787902,,,,,,
feat_f5f64546ca2eea7b234c,stim_176df5b46077cb5d,render_551362ca0ff22f33,1.1.0,raster_binary,ink_area_matched,density|geometry|layout|proportion|reading_rhythm|stroke_gesture|uniformity|visual_center,direct,valid,,4d800e346b040f885277c164e937c2514144ed6292066deb66bb1fc465b2de05,"{""bbox_aspect_ratio"": 509, ""bbox_fill_ratio"": 104806, ""ink_coverage_ratio"": 104806, ""whitespace_ratio"": 1992346}","{""bbox_aspect_ratio"": 541, ""bbox_fill_ratio"": 275369, ""ink_coverage_ratio"": 2097152, ""whitespace_ratio"": 2097152}","{""bbox_aspect_ratio"": ""ratio"", ""bbox_fill_ratio"": ""ratio"", ""centroid_x_norm"": ""ratio"", ""centroid_y_norm"": ""ratio"", ""closure_count"": ""count"", ""connected_component_count"": ""count"", ""ink_coverage_ratio"": ""ratio"", ""inter_glyph_spacing_mean_norm"": ""ratio"", ""inter_glyph_spacing_sd_norm"": ""ratio"", ""rhythm_periodicity"": ""ratio"", ""straight_curve_ratio"": ""ratio"", ""symmetry_horizontal"": ""ratio"", ""symmetry_vertical"": ""ratio"", ""unit_area_cv"": ""ratio"", ""unit_height_cv"": ""ratio"", ""unit_width_cv"": ""ratio"", ""whitespace_ratio"": ""ratio""}","{""bbox_aspect_ratio"": ""direct"", ""bbox_fill_ratio"": ""direct"", ""centroid_x_norm"": ""direct"", ""centroid_y_norm"": ""direct"", ""closure_count"": ""direct"", ""connected_component_count"": ""direct"", ""ink_coverage_ratio"": ""direct"", ""inter_glyph_spacing_mean_norm"": ""not_applicable"", ""inter_glyph_spacing_sd_norm"": ""not_applicable"", ""rhythm_periodicity"": ""not_applicable"", ""straight_curve_ratio"": ""protocol_dependent"", ""symmetry_horizontal"": ""direct"", ""symmetry_vertical"": ""direct"", ""unit_area_cv"": ""not_applicable"", ""unit_height_cv"": ""not_applicable"", ""unit_width_cv"": ""not_applicable"", ""whitespace_ratio"": ""direct""}","{""inter_glyph_spacing_mean_norm"": ""MEASURE_NOT_APPLICABLE"", ""inter_glyph_spacing_sd_norm"": ""MEASURE_NOT_APPLICABLE"", ""rhythm_periodicity"": ""MEASURE_NOT_APPLICABLE"", ""unit_area_cv"": ""MEASURE_NOT_APPLICABLE"", ""unit_height_cv"": ""MEASURE_NOT_APPLICABLE"", ""unit_width_cv"": ""MEASURE_NOT_APPLICABLE""}",0.04997539520263672,0.9500246047973633,0.38060202855078096,0.9408502772643254,2,4,0.9920616149902344,0.9541206359863281,0.9481296673909598,0.5030983445380632,0.435710700753058,,,,,,
feat_990d31e6c849a4e848fd,stim_176df5b46077cb5d,render_551362ca0ff22f33,1.1.0,raster_grayscale,ink_area_matched,density|geometry|layout|proportion|reading_rhythm|stroke_gesture|uniformity|visual_center,direct,valid,,4d800e346b040f885277c164e937c2514144ed6292066deb66bb1fc465b2de05,"{""bbox_aspect_ratio"": 509, ""bbox_fill_ratio"": 109306, ""ink_coverage_ratio"": 109306, ""whitespace_ratio"": 1987846}","{""bbox_aspect_ratio"": 541, ""bbox_fill_ratio"": 275369, ""ink_coverage_ratio"": 2097152, ""whitespace_ratio"": 2097152}","{""bbox_aspect_ratio"": ""ratio"", ""bbox_fill_ratio"": ""ratio"", ""centroid_x_norm"": ""ratio"", ""centroid_y_norm"": ""ratio"", ""closure_count"": ""count"", ""connected_component_count"": ""count"", ""ink_coverage_ratio"": ""ratio"", ""inter_glyph_spacing_mean_norm"": ""ratio"", ""inter_glyph_spacing_sd_norm"": ""ratio"", ""rhythm_periodicity"": ""ratio"", ""straight_curve_ratio"": ""ratio"", ""symmetry_horizontal"": ""ratio"", ""symmetry_vertical"": ""ratio"", ""unit_area_cv"": ""ratio"", ""unit_height_cv"": ""ratio"", ""unit_width_cv"": ""ratio"", ""whitespace_ratio"": ""ratio""}","{""bbox_aspect_ratio"": ""direct"", ""bbox_fill_ratio"": ""direct"", ""centroid_x_norm"": ""direct"", ""centroid_y_norm"": ""direct"", ""closure_count"": ""direct"", ""connected_component_count"": ""direct"", ""ink_coverage_ratio"": ""direct"", ""inter_glyph_spacing_mean_norm"": ""not_applicable"", ""inter_glyph_spacing_sd_norm"": ""not_applicable"", ""rhythm_periodicity"": ""not_applicable"", ""straight_curve_ratio"": ""protocol_dependent"", ""symmetry_horizontal"": ""direct"", ""symmetry_vertical"": ""direct"", ""unit_area_cv"": ""not_applicable"", ""unit_height_cv"": ""not_applicable"", ""unit_width_cv"": ""not_applicable"", ""whitespace_ratio"": ""direct""}","{""inter_glyph_spacing_mean_norm"": ""MEASURE_NOT_APPLICABLE"", ""inter_glyph_spacing_sd_norm"": ""MEASURE_NOT_APPLICABLE"", ""rhythm_periodicity"": ""MEASURE_NOT_APPLICABLE"", ""unit_area_cv"": ""MEASURE_NOT_APPLICABLE"", ""unit_height_cv"": ""MEASURE_NOT_APPLICABLE"", ""unit_width_cv"": ""MEASURE_NOT_APPLICABLE""}",0.05212116241455078,0.9478788375854492,0.3969437373124789,0.9408502772643254,17,27,0.9901294708251953,0.9514408111572266,0.899354286472249,0.5038345753192299,0.43488212528074854,,,,,,
feat_52648b4b78bf176cd5f2,stim_1bb692477d39c622,render_551362ca0ff22f33,1.1.0,raster_binary,ink_area_matched,density|geometry|layout|proportion|reading_rhythm|stroke_gesture|uniformity|visual_center,direct,valid,,4d800e346b040f885277c164e937c2514144ed6292066deb66bb1fc465b2de05,"{""bbox_aspect_ratio"": 555, ""bbox_fill_ratio"": 104774, ""ink_coverage_ratio"": 104774, ""whitespace_ratio"": 1992378}","{""bbox_aspect_ratio"": 622, ""bbox_fill_ratio"": 345210, ""ink_coverage_ratio"": 2097152, ""whitespace_ratio"": 2097152}","{""bbox_aspect_ratio"": ""ratio"", ""bbox_fill_ratio"": ""ratio"", ""centroid_x_norm"": ""ratio"", ""centroid_y_norm"": ""ratio"", ""closure_count"": ""count"", ""connected_component_count"": ""count"", ""ink_coverage_ratio"": ""ratio"", ""inter_glyph_spacing_mean_norm"": ""ratio"", ""inter_glyph_spacing_sd_norm"": ""ratio"", ""rhythm_periodicity"": ""ratio"", ""straight_curve_ratio"": ""ratio"", ""symmetry_horizontal"": ""ratio"", ""symmetry_vertical"": ""ratio"", ""unit_area_cv"": ""ratio"", ""unit_height_cv"": ""ratio"", ""unit_width_cv"": ""ratio"", ""whitespace_ratio"": ""ratio""}","{""bbox_aspect_ratio"": ""direct"", ""bbox_fill_ratio"": ""direct"", ""centroid_x_norm"": ""direct"", ""centroid_y_norm"": ""direct"", ""closure_count"": ""direct"", ""connected_component_count"": ""direct"", ""ink_coverage_ratio"": ""direct"", ""inter_glyph_spacing_mean_norm"": ""not_applicable"", ""inter_glyph_spacing_sd_norm"": ""not_applicable"", ""rhythm_periodicity"": ""not_applicable"", ""straight_curve_ratio"": ""protocol_dependent"", ""symmetry_horizontal"": ""direct"", ""symmetry_vertical"": ""direct"", ""unit_area_cv"": ""not_applicable"", ""unit_height_cv"": ""not_applicable"", ""unit_width_cv"": ""not_applicable"", ""whitespace_ratio"": ""direct""}","{""inter_glyph_spacing_mean_norm"": ""MEASURE_NOT_APPLICABLE"", ""inter_glyph_spacing_sd_norm"": ""MEASURE_NOT_APPLICABLE"", ""rhythm_periodicity"": ""MEASURE_NOT_APPLICABLE"", ""unit_area_cv"": ""MEASURE_NOT_APPLICABLE"", ""unit_height_cv"": ""MEASURE_NOT_APPLICABLE"", ""unit_width_cv"": ""MEASURE_NOT_APPLICABLE""}",0.04996013641357422,0.9500398635864258,0.3035080096173344,0.8922829581993569,2,1,0.9265308380126953,0.9691143035888672,0.9801218660977279,0.4891893802374635,0.48160375434566305,,,,,,
feat_ac07b396a5aada22fcce,stim_1bb692477d39c622,render_551362ca0ff22f33,1.1.0,raster_grayscale,ink_area_matched,density|geometry|layout|proportion|reading_rhythm|stroke_gesture|uniformity|visual_center,direct,valid,,4d800e346b040f885277c164e937c2514144ed6292066deb66bb1fc465b2de05,"{""bbox_aspect_ratio"": 555, ""bbox_fill_ratio"": 108632, ""ink_coverage_ratio"": 108632, ""whitespace_ratio"": 1988520}","{""bbox_aspect_ratio"": 622, ""bbox_fill_ratio"": 345210, ""ink_coverage_ratio"": 2097152, ""whitespace_ratio"": 2097152}","{""bbox_aspect_ratio"": ""ratio"", ""bbox_fill_ratio"": ""ratio"", ""centroid_x_norm"": ""ratio"", ""centroid_y_norm"": ""ratio"", ""closure_count"": ""count"", ""connected_component_count"": ""count"", ""ink_coverage_ratio"": ""ratio"", ""inter_glyph_spacing_mean_norm"": ""ratio"", ""inter_glyph_spacing_sd_norm"": ""ratio"", ""rhythm_periodicity"": ""ratio"", ""straight_curve_ratio"": ""ratio"", ""symmetry_horizontal"": ""ratio"", ""symmetry_vertical"": ""ratio"", ""unit_area_cv"": ""ratio"", ""unit_height_cv"": ""ratio"", ""unit_width_cv"": ""ratio"", ""whitespace_ratio"": ""ratio""}","{""bbox_aspect_ratio"": ""direct"", ""bbox_fill_ratio"": ""direct"", ""centroid_x_norm"": ""direct"", ""centroid_y_norm"": ""direct"", ""closure_count"": ""direct"", ""connected_component_count"": ""direct"", ""ink_coverage_ratio"": ""direct"", ""inter_glyph_spacing_mean_norm"": ""not_applicable"", ""inter_glyph_spacing_sd_norm"": ""not_applicable"", ""rhythm_periodicity"": ""not_applicable"", ""straight_curve_ratio"": ""protocol_dependent"", ""symmetry_horizontal"": ""direct"", ""symmetry_vertical"": ""direct"", ""unit_area_cv"": ""not_applicable"", ""unit_height_cv"": ""not_applicable"", ""unit_width_cv"": ""not_applicable"", ""whitespace_ratio"": ""direct""}","{""inter_glyph_spacing_mean_norm"": ""MEASURE_NOT_APPLICABLE"", ""inter_glyph_spacing_sd_norm"": ""MEASURE_NOT_APPLICABLE"", ""rhythm_periodicity"": ""MEASURE_NOT_APPLICABLE"", ""unit_area_cv"": ""MEASURE_NOT_APPLICABLE"", ""unit_height_cv"": ""MEASURE_NOT_APPLICABLE"", ""unit_width_cv"": ""MEASURE_NOT_APPLICABLE""}",0.051799774169921875,0.9482002258300781,0.3146838156484459,0.8922829581993569,5,3,0.9245891571044922,0.9680423736572266,0.9684105806378921,0.49019981882640473,0.48154480982813536,,,,,,
feat_bc27c655a78e3eb87891,stim_1d5fd42e46f9d61f,render_551362ca0ff22f33,1.1.0,raster_binary,ink_area_matched,density|geometry|layout|proportion|reading_rhythm|stroke_gesture|uniformity|visual_center,protocol_dependent,valid,,4d800e346b040f885277c164e937c2514144ed6292066deb66bb1fc465b2de05,"{""bbox_aspect_ratio"": 1994, ""bbox_fill_ratio"": 104867, ""ink_coverage_ratio"": 104867, ""whitespace_ratio"": 1992285}","{""bbox_aspect_ratio"": 328, ""bbox_fill_ratio"": 654032, ""ink_coverage_ratio"": 2097152, ""whitespace_ratio"": 2097152}","{""bbox_aspect_ratio"": ""ratio"", ""bbox_fill_ratio"": ""ratio"", ""centroid_x_norm"": ""ratio"", ""centroid_y_norm"": ""ratio"", ""closure_count"": ""count"", ""connected_component_count"": ""count"", ""ink_coverage_ratio"": ""ratio"", ""inter_glyph_spacing_mean_norm"": ""ratio"", ""inter_glyph_spacing_sd_norm"": ""ratio"", ""rhythm_periodicity"": ""ratio"", ""straight_curve_ratio"": ""ratio"", ""symmetry_horizontal"": ""ratio"", ""symmetry_vertical"": ""ratio"", ""unit_area_cv"": ""ratio"", ""unit_height_cv"": ""ratio"", ""unit_width_cv"": ""ratio"", ""whitespace_ratio"": ""ratio""}","{""bbox_aspect_ratio"": ""direct"", ""bbox_fill_ratio"": ""direct"", ""centroid_x_norm"": ""direct"", ""centroid_y_norm"": ""direct"", ""closure_count"": ""direct"", ""connected_component_count"": ""direct"", ""ink_coverage_ratio"": ""direct"", ""inter_glyph_spacing_mean_norm"": ""protocol_dependent"", ""inter_glyph_spacing_sd_norm"": ""protocol_dependent"", ""rhythm_periodicity"": ""protocol_dependent"", ""straight_curve_ratio"": ""protocol_dependent"", ""symmetry_horizontal"": ""direct"", ""symmetry_vertical"": ""direct"", ""unit_area_cv"": ""protocol_dependent"", ""unit_height_cv"": ""protocol_dependent"", ""unit_width_cv"": ""protocol_dependent"", ""whitespace_ratio"": ""direct""}","{""rhythm_periodicity"": ""MEASURE_SEQUENCE_TOO_SHORT""}",0.05000448226928711,0.9499955177307129,0.16033924945568412,6.079268292682927,18,5,0.9167757034301758,0.9337930679321289,0.6757086435819043,0.4617323311909371,0.4952670145577255,0.09146341463414633,0.04246459840604914,,0.21854399796293303,0.08717854588759004,0.03309073535808717
feat_5d7e46b383da4b8136fc,stim_1d5fd42e46f9d61f,render_551362ca0ff22f33,1.1.0,raster_grayscale,ink_area_matched,density|geometry|layout|proportion|reading_rhythm|stroke_gesture|uniformity|visual_center,protocol_dependent,valid,,4d800e346b040f885277c164e937c2514144ed6292066deb66bb1fc465b2de05,"{""bbox_aspect_ratio"": 1994, ""bbox_fill_ratio"": 120366, ""ink_coverage_ratio"": 120366, ""whitespace_ratio"": 1976786}","{""bbox_aspect_ratio"": 328, ""bbox_fill_ratio"": 654032, ""ink_coverage_ratio"": 2097152, ""whitespace_ratio"": 2097152}","{""bbox_aspect_ratio"": ""ratio"", ""bbox_fill_ratio"": ""ratio"", ""centroid_x_norm"": ""ratio"", ""centroid_y_norm"": ""ratio"", ""closure_count"": ""count"", ""connected_component_count"": ""count"", ""ink_coverage_ratio"": ""ratio"", ""inter_glyph_spacing_mean_norm"": ""ratio"", ""inter_glyph_spacing_sd_norm"": ""ratio"", ""rhythm_periodicity"": ""ratio"", ""straight_curve_ratio"": ""ratio"", ""symmetry_horizontal"": ""ratio"", ""symmetry_vertical"": ""ratio"", ""unit_area_cv"": ""ratio"", ""unit_height_cv"": ""ratio"", ""unit_width_cv"": ""ratio"", ""whitespace_ratio"": ""ratio""}","{""bbox_aspect_ratio"": ""direct"", ""bbox_fill_ratio"": ""direct"", ""centroid_x_norm"": ""direct"", ""centroid_y_norm"": ""direct"", ""closure_count"": ""direct"", ""connected_component_count"": ""direct"", ""ink_coverage_ratio"": ""direct"", ""inter_glyph_spacing_mean_norm"": ""protocol_dependent"", ""inter_glyph_spacing_sd_norm"": ""protocol_dependent"", ""rhythm_periodicity"": ""protocol_dependent"", ""straight_curve_ratio"": ""protocol_dependent"", ""symmetry_horizontal"": ""direct"", ""symmetry_vertical"": ""direct"", ""unit_area_cv"": ""protocol_dependent"", ""unit_height_cv"": ""protocol_dependent"", ""unit_width_cv"": ""protocol_dependent"", ""whitespace_ratio"": ""direct""}","{""rhythm_periodicity"": ""MEASURE_SEQUENCE_TOO_SHORT""}",0.057394981384277344,0.9426050186157227,0.18403686669765393,6.079268292682927,381,2458,0.9072380065917969,0.9264411926269531,0.3114928910444299,0.4635216714995825,0.4956154399653972,0.09146341463414633,0.04246459840604914,,0.22006738050747326,0.08717854588759004,0.03309073535808717
feat_7e6a670676406c096b24,stim_1ddb24bc31de4d20,render_551362ca0ff22f33,1.1.0,raster_binary,ink_area_matched,density|geometry|layout|proportion|reading_rhythm|stroke_gesture|uniformity|visual_center,direct,valid,,4d800e346b040f885277c164e937c2514144ed6292066deb66bb1fc465b2de05,"{""bbox_aspect_ratio"": 774, ""bbox_fill_ratio"": 104778, ""ink_coverage_ratio"": 104778, ""whitespace_ratio"": 1992374}","{""bbox_aspect_ratio"": 622, ""bbox_fill_ratio"": 481428, ""ink_coverage_ratio"": 2097152, ""whitespace_ratio"": 2097152}","{""bbox_aspect_ratio"": ""ratio"", ""bbox_fill_ratio"": ""ratio"", ""centroid_x_norm"": ""ratio"", ""centroid_y_norm"": ""ratio"", ""closure_count"": ""count"", ""connected_component_count"": ""count"", ""ink_coverage_ratio"": ""ratio"", ""inter_glyph_spacing_mean_norm"": ""ratio"", ""inter_glyph_spacing_sd_norm"": ""ratio"", ""rhythm_periodicity"": ""ratio"", ""straight_curve_ratio"": ""ratio"", ""symmetry_horizontal"": ""ratio"", ""symmetry_vertical"": ""ratio"", ""unit_area_cv"": ""ratio"", ""unit_height_cv"": ""ratio"", ""unit_width_cv"": ""ratio"", ""whitespace_ratio"": ""ratio""}","{""bbox_aspect_ratio"": ""direct"", ""bbox_fill_ratio"": ""direct"", ""centroid_x_norm"": ""direct"", ""centroid_y_norm"": ""direct"", ""closure_count"": ""direct"", ""connected_component_count"": ""direct"", ""ink_coverage_ratio"": ""direct"", ""inter_glyph_spacing_mean_norm"": ""not_applicable"", ""inter_glyph_spacing_sd_norm"": ""not_applicable"", ""rhythm_periodicity"": ""not_applicable"", ""straight_curve_ratio"": ""protocol_dependent"", ""symmetry_horizontal"": ""direct"", ""symmetry_vertical"": ""direct"", ""unit_area_cv"": ""not_applicable"", ""unit_height_cv"": ""not_applicable"", ""unit_width_cv"": ""not_applicable"", ""whitespace_ratio"": ""direct""}","{""inter_glyph_spacing_mean_norm"": ""MEASURE_NOT_APPLICABLE"", ""inter_glyph_spacing_sd_norm"": ""MEASURE_NOT_APPLICABLE"", ""rhythm_periodicity"": ""MEASURE_NOT_APPLICABLE"", ""unit_area_cv"": ""MEASURE_NOT_APPLICABLE"", ""unit_height_cv"": ""MEASURE_NOT_APPLICABLE"", ""unit_width_cv"": ""MEASURE_NOT_APPLICABLE""}",0.04996204376220703,0.950037956237793,0.21764002093771032,1.2443729903536977,4,2,0.9264984130859375,0.9481964111328125,0.7448336690714038,0.49284288026679024,0.4762450505473477,,,,,,
feat_b9b976d5de53014d0c4a,stim_1ddb24bc31de4d20,render_551362ca0ff22f33,1.1.0,raster_grayscale,ink_area_matched,density|geometry|layout|proportion|reading_rhythm|stroke_gesture|uniformity|visual_center,direct,valid,,4d800e346b040f885277c164e937c2514144ed6292066deb66bb1fc465b2de05,"{""bbox_aspect_ratio"": 774, ""bbox_fill_ratio"": 112871, ""ink_coverage_ratio"": 112871, ""whitespace_ratio"": 1984281}","{""bbox_aspect_ratio"": 622, ""bbox_fill_ratio"": 481428, ""ink_coverage_ratio"": 2097152, ""whitespace_ratio"": 2097152}","{""bbox_aspect_ratio"": ""ratio"", ""bbox_fill_ratio"": ""ratio"", ""centroid_x_norm"": ""ratio"", ""centroid_y_norm"": ""ratio"", ""closure_count"": ""count"", ""connected_component_count"": ""count"", ""ink_coverage_ratio"": ""ratio"", ""inter_glyph_spacing_mean_norm"": ""ratio"", ""inter_glyph_spacing_sd_norm"": ""ratio"", ""rhythm_periodicity"": ""ratio"", ""straight_curve_ratio"": ""ratio"", ""symmetry_horizontal"": ""ratio"", ""symmetry_vertical"": ""ratio"", ""unit_area_cv"": ""ratio"", ""unit_height_cv"": ""ratio"", ""unit_width_cv"": ""ratio"", ""whitespace_ratio"": ""ratio""}","{""bbox_aspect_ratio"": ""direct"", ""bbox_fill_ratio"": ""direct"", ""centroid_x_norm"": ""direct"", ""centroid_y_norm"": ""direct"", ""closure_count"": ""direct"", ""connected_component_count"": ""direct"", ""ink_coverage_ratio"": ""direct"", ""inter_glyph_spacing_mean_norm"": ""not_applicable"", ""inter_glyph_spacing_sd_norm"": ""not_applicable"", ""rhythm_periodicity"": ""not_applicable"", ""straight_curve_ratio"": ""protocol_dependent"", ""symmetry_horizontal"": ""direct"", ""symmetry_vertical"": ""direct"", ""unit_area_cv"": ""not_applicable"", ""unit_height_cv"": ""not_applicable"", ""unit_width_cv"": ""not_applicable"", ""whitespace_ratio"": ""direct""}","{""inter_glyph_spacing_mean_norm"": ""MEASURE_NOT_APPLICABLE"", ""inter_glyph_spacing_sd_norm"": ""MEASURE_NOT_APPLICABLE"", ""rhythm_periodicity"": ""MEASURE_NOT_APPLICABLE"", ""unit_area_cv"": ""MEASURE_NOT_APPLICABLE"", ""unit_height_cv"": ""MEASURE_NOT_APPLICABLE"", ""unit_width_cv"": ""MEASURE_NOT_APPLICABLE""}",0.05382108688354492,0.9461789131164551,0.2344504266473907,1.2443729903536977,232,520,0.9224309921264648,0.9453001022338867,0.5110531659169276,0.4951367886583467,0.4762333164768851,,,,,,
feat_84dd06ff3141d9438823,stim_1f13a3b259bcc6e3,render_551362ca0ff22f33,1.1.0,raster_binary,ink_area_matched,density|geometry|layout|proportion|reading_rhythm|stroke_gesture|uniformity|visual_center,protocol_dependent,valid,,4d800e346b040f885277c164e937c2514144ed6292066deb66bb1fc465b2de05,"{""bbox_aspect_ratio"": 1609, ""bbox_fill_ratio"": 104790, ""ink_coverage_ratio"": 104790, ""whitespace_ratio"": 1992362}","{""bbox_aspect_ratio"": 377, ""bbox_fill_ratio"": 606593, ""ink_coverage_ratio"": 2097152, ""whitespace_ratio"": 2097152}","{""bbox_aspect_ratio"": ""ratio"", ""bbox_fill_ratio"": ""ratio"", ""centroid_x_norm"": ""ratio"", ""centroid_y_norm"": ""ratio"", ""closure_count"": ""count"", ""connected_component_count"": ""count"", ""ink_coverage_ratio"": ""ratio"", ""inter_glyph_spacing_mean_norm"": ""ratio"", ""inter_glyph_spacing_sd_norm"": ""ratio"", ""rhythm_periodicity"": ""ratio"", ""straight_curve_ratio"": ""ratio"", ""symmetry_horizontal"": ""ratio"", ""symmetry_vertical"": ""ratio"", ""unit_area_cv"": ""ratio"", ""unit_height_cv"": ""ratio"", ""unit_width_cv"": ""ratio"", ""whitespace_ratio"": ""ratio""}","{""bbox_aspect_ratio"": ""direct"", ""bbox_fill_ratio"": ""direct"", ""centroid_x_norm"": ""direct"", ""centroid_y_norm"": ""direct"", ""closure_count"": ""direct"", ""connected_component_count"": ""direct"", ""ink_coverage_ratio"": ""direct"", ""inter_glyph_spacing_mean_norm"": ""protocol_dependent"", ""inter_glyph_spacing_sd_norm"": ""protocol_dependent"", ""rhythm_periodicity"": ""protocol_dependent"", ""straight_curve_ratio"": ""protocol_dependent"", ""symmetry_horizontal"": ""direct"", ""symmetry_vertical"": ""direct"", ""unit_area_cv"": ""protocol_dependent"", ""unit_height_cv"": ""protocol_dependent"", ""unit_width_cv"": ""protocol_dependent"", ""whitespace_ratio"": ""direct""}","{""rhythm_periodicity"": ""MEASURE_SEQUENCE_TOO_SHORT""}",0.04996776580810547,0.9500322341918945,0.17275174622852554,4.267904509283819,6,5,0.9199943542480469,0.93316650390625,0.6706906912403646,0.4777768893441645,0.47170817639743773,0.10786914235190097,0.024342882224467198,,0.2287376619984385,0.038485282926225946,0.012830005981991683
feat_12663a53640dced1f2c2,stim_1f13a3b259bcc6e3,render_551362ca0ff22f33,1.1.0,raster_grayscale,ink_area_matched,density|geometry|layout|proportion|reading_rhythm|stroke_gesture|uniformity|visual_center,protocol_dependent,valid,,4d800e346b040f885277c164e937c2514144ed6292066deb66bb1fc465b2de05,"{""bbox_aspect_ratio"": 1609, ""bbox_fill_ratio"": 118138, ""ink_coverage_ratio"": 118138, ""whitespace_ratio"": 1979014}","{""bbox_aspect_ratio"": 377, ""bbox_fill_ratio"": 606593, ""ink_coverage_ratio"": 2097152, ""whitespace_ratio"": 2097152}","{""bbox_aspect_ratio"": ""ratio"", ""bbox_fill_ratio"": ""ratio"", ""centroid_x_norm"": ""ratio"", ""centroid_y_norm"": ""ratio"", ""closure_count"": ""count"", ""connected_component_count"": ""count"", ""ink_coverage_ratio"": ""ratio"", ""inter_glyph_spacing_mean_norm"": ""ratio"", ""inter_glyph_spacing_sd_norm"": ""ratio"", ""rhythm_periodicity"": ""ratio"", ""straight_curve_ratio"": ""ratio"", ""symmetry_horizontal"": ""ratio"", ""symmetry_vertical"": ""ratio"", ""unit_area_cv"": ""ratio"", ""unit_height_cv"": ""ratio"", ""unit_width_cv"": ""ratio"", ""whitespace_ratio"": ""ratio""}","{""bbox_aspect_ratio"": ""direct"", ""bbox_fill_ratio"": ""direct"", ""centroid_x_norm"": ""direct"", ""centroid_y_norm"": ""direct"", ""closure_count"": ""direct"", ""connected_component_count"": ""direct"", ""ink_coverage_ratio"": ""direct"", ""inter_glyph_spacing_mean_norm"": ""protocol_dependent"", ""inter_glyph_spacing_sd_norm"": ""protocol_dependent"", ""rhythm_periodicity"": ""protocol_dependent"", ""straight_curve_ratio"": ""protocol_dependent"", ""symmetry_horizontal"": ""direct"", ""symmetry_vertical"": ""direct"", ""unit_area_cv"": ""protocol_dependent"", ""unit_height_cv"": ""protocol_dependent"", ""unit_width_cv"": ""protocol_dependent"", ""whitespace_ratio"": ""direct""}","{""rhythm_periodicity"": ""MEASURE_SEQUENCE_TOO_SHORT""}",0.05633258819580078,0.9436674118041992,0.19475661605063033,4.267904509283819,167,1503,0.9123210906982422,0.9258003234863281,0.3942433412592204,0.4772158259170419,0.4711769981134351,0.10786914235190097,0.024342882224467198,,0.22532900227300595,0.038485282926225946,0.012830005981991683
feat_04826c826248876ec7b0,stim_1f8665bff4786a84,render_551362ca0ff22f33,1.1.0,raster_binary,ink_area_matched,density|geometry|layout|proportion|reading_rhythm|stroke_gesture|uniformity|visual_center,direct,valid,,4d800e346b040f885277c164e937c2514144ed6292066deb66bb1fc465b2de05,"{""bbox_aspect_ratio"": 778, ""bbox_fill_ratio"": 104834, ""ink_coverage_ratio"": 104834, ""whitespace_ratio"": 1992318}","{""bbox_aspect_ratio"": 768, ""bbox_fill_ratio"": 597504, ""ink_coverage_ratio"": 2097152, ""whitespace_ratio"": 2097152}","{""bbox_aspect_ratio"": ""ratio"", ""bbox_fill_ratio"": ""ratio"", ""centroid_x_norm"": ""ratio"", ""centroid_y_norm"": ""ratio"", ""closure_count"": ""count"", ""connected_component_count"": ""count"", ""ink_coverage_ratio"": ""ratio"", ""inter_glyph_spacing_mean_norm"": ""ratio"", ""inter_glyph_spacing_sd_norm"": ""ratio"", ""rhythm_periodicity"": ""ratio"", ""straight_curve_ratio"": ""ratio"", ""symmetry_horizontal"": ""ratio"", ""symmetry_vertical"": ""ratio"", ""unit_area_cv"": ""ratio"", ""unit_height_cv"": ""ratio"", ""unit_width_cv"": ""ratio"", ""whitespace_ratio"": ""ratio""}","{""bbox_aspect_ratio"": ""direct"", ""bbox_fill_ratio"": ""direct"", ""centroid_x_norm"": ""direct"", ""centroid_y_norm"": ""direct"", ""closure_count"": ""direct"", ""connected_component_count"": ""direct"", ""ink_coverage_ratio"": ""direct"", ""inter_glyph_spacing_mean_norm"": ""not_applicable"", ""inter_glyph_spacing_sd_norm"": ""not_applicable"", ""rhythm_periodicity"": ""not_applicable"", ""straight_curve_ratio"": ""protocol_dependent"", ""symmetry_horizontal"": ""direct"", ""symmetry_vertical"": ""direct"", ""unit_area_cv"": ""not_applicable"", ""unit_height_cv"": ""not_applicable"", ""unit_width_cv"": ""not_applicable"", ""whitespace_ratio"": ""direct""}","{""inter_glyph_spacing_mean_norm"": ""MEASURE_NOT_APPLICABLE"", ""inter_glyph_spacing_sd_norm"": ""MEASURE_NOT_APPLICABLE"", ""rhythm_periodicity"": ""MEASURE_NOT_APPLICABLE"", ""unit_area_cv"": ""MEASURE_NOT_APPLICABLE"", ""unit_height_cv"": ""MEASURE_NOT_APPLICABLE"", ""unit_width_cv"": ""MEASURE_NOT_APPLICABLE""}",0.049988746643066406,0.9500112533569336,0.17545321872322195,1.0130208333333333,2,1,0.9684562683105469,0.9125938415527344,0.5070412961159586,0.5224587856605443,0.5336146200481237,,,,,,
feat_b3168af9bbd75118aca6,stim_1f8665bff4786a84,render_551362ca0ff22f33,1.1.0,raster_grayscale,ink_area_matched,density|geometry|layout|proportion|reading_rhythm|stroke_gesture|uniformity|visual_center,direct,valid,,4d800e346b040f885277c164e937c2514144ed6292066deb66bb1fc465b2de05,"{""bbox_aspect_ratio"": 778, ""bbox_fill_ratio"": 111697, ""ink_coverage_ratio"": 111697, ""whitespace_ratio"": 1985455}","{""bbox_aspect_ratio"": 768, ""bbox_fill_ratio"": 597504, ""ink_coverage_ratio"": 2097152, ""whitespace_ratio"": 2097152}","{""bbox_aspect_ratio"": ""ratio"", ""bbox_fill_ratio"": ""ratio"", ""centroid_x_norm"": ""ratio"", ""centroid_y_norm"": ""ratio"", ""closure_count"": ""count"", ""connected_component_count"": ""count"", ""ink_coverage_ratio"": ""ratio"", ""inter_glyph_spacing_mean_norm"": ""ratio"", ""inter_glyph_spacing_sd_norm"": ""ratio"", ""rhythm_periodicity"": ""ratio"", ""straight_curve_ratio"": ""ratio"", ""symmetry_horizontal"": ""ratio"", ""symmetry_vertical"": ""ratio"", ""unit_area_cv"": ""ratio"", ""unit_height_cv"": ""ratio"", ""unit_width_cv"": ""ratio"", ""whitespace_ratio"": ""ratio""}","{""bbox_aspect_ratio"": ""direct"", ""bbox_fill_ratio"": ""direct"", ""centroid_x_norm"": ""direct"", ""centroid_y_norm"": ""direct"", ""closure_count"": ""direct"", ""connected_component_count"": ""direct"", ""ink_coverage_ratio"": ""direct"", ""inter_glyph_spacing_mean_norm"": ""not_applicable"", ""inter_glyph_spacing_sd_norm"": ""not_applicable"", ""rhythm_periodicity"": ""not_applicable"", ""straight_curve_ratio"": ""protocol_dependent"", ""symmetry_horizontal"": ""direct"", ""symmetry_vertical"": ""direct"", ""unit_area_cv"": ""not_applicable"", ""unit_height_cv"": ""not_applicable"", ""unit_width_cv"": ""not_applicable"", ""whitespace_ratio"": ""direct""}","{""inter_glyph_spacing_mean_norm"": ""MEASURE_NOT_APPLICABLE"", ""inter_glyph_spacing_sd_norm"": ""MEASURE_NOT_APPLICABLE"", ""rhythm_periodicity"": ""MEASURE_NOT_APPLICABLE"", ""unit_area_cv"": ""MEASURE_NOT_APPLICABLE"", ""unit_height_cv"": ""MEASURE_NOT_APPLICABLE"", ""unit_width_cv"": ""MEASURE_NOT_APPLICABLE""}",0.05326128005981445,0.9467387199401855,0.1869393342973436,1.0130208333333333,53,870,0.9679384231567383,0.9079217910766602,0.4802304307003353,0.5209243883564465,0.5312641198818008,,,,,,
feat_6a67713a36b105f85b77,stim_20d24d3d632a06f1,render_551362ca0ff22f33,1.1.0,raster_binary,bbox_height_matched,density|geometry|layout|proportion|reading_rhythm|stroke_gesture|uniformity|visual_center,direct,valid,,4d800e346b040f885277c164e937c2514144ed6292066deb66bb1fc465b2de05,"{""bbox_aspect_ratio"": 294, ""bbox_fill_ratio"": 25045, ""ink_coverage_ratio"": 25045, ""whitespace_ratio"": 2072107}","{""bbox_aspect_ratio"": 320, ""bbox_fill_ratio"": 94080, ""ink_coverage_ratio"": 2097152, ""whitespace_ratio"": 2097152}","{""bbox_aspect_ratio"": ""ratio"", ""bbox_fill_ratio"": ""ratio"", ""centroid_x_norm"": ""ratio"", ""centroid_y_norm"": ""ratio"", ""closure_count"": ""count"", ""connected_component_count"": ""count"", ""ink_coverage_ratio"": ""ratio"", ""inter_glyph_spacing_mean_norm"": ""ratio"", ""inter_glyph_spacing_sd_norm"": ""ratio"", ""rhythm_periodicity"": ""ratio"", ""straight_curve_ratio"": ""ratio"", ""symmetry_horizontal"": ""ratio"", ""symmetry_vertical"": ""ratio"", ""unit_area_cv"": ""ratio"", ""unit_height_cv"": ""ratio"", ""unit_width_cv"": ""ratio"", ""whitespace_ratio"": ""ratio""}","{""bbox_aspect_ratio"": ""direct"", ""bbox_fill_ratio"": ""direct"", ""centroid_x_norm"": ""direct"", ""centroid_y_norm"": ""direct"", ""closure_count"": ""direct"", ""connected_component_count"": ""direct"", ""ink_coverage_ratio"": ""direct"", ""inter_glyph_spacing_mean_norm"": ""not_applicable"", ""inter_glyph_spacing_sd_norm"": ""not_applicable"", ""rhythm_periodicity"": ""not_applicable"", ""straight_curve_ratio"": ""protocol_dependent"", ""symmetry_horizontal"": ""direct"", ""symmetry_vertical"": ""direct"", ""unit_area_cv"": ""not_applicable"", ""unit_height_cv"": ""not_applicable"", ""unit_width_cv"": ""not_applicable"", ""whitespace_ratio"": ""direct""}","{""inter_glyph_spacing_mean_norm"": ""MEASURE_NOT_APPLICABLE"", ""inter_glyph_spacing_sd_norm"": ""MEASURE_NOT_APPLICABLE"", ""rhythm_periodicity"": ""MEASURE_NOT_APPLICABLE"", ""unit_area_cv"": ""MEASURE_NOT_APPLICABLE"", ""unit_height_cv"": ""MEASURE_NOT_APPLICABLE"", ""unit_width_cv"": ""MEASURE_NOT_APPLICABLE""}",0.011942386627197266,0.9880576133728027,0.2662096088435374,0.91875,2,1,0.9828939437866211,0.9895257949829102,0.702771100906867,0.49827679317852863,0.48510672976142943,,,,,,
feat_aff00402f83744453bdf,stim_20d24d3d632a06f1,render_551362ca0ff22f33,1.1.0,raster_grayscale,bbox_height_matched,density|geometry|layout|proportion|reading_rhythm|stroke_gesture|uniformity|visual_center,direct,valid,,4d800e346b040f885277c164e937c2514144ed6292066deb66bb1fc465b2de05,"{""bbox_aspect_ratio"": 294, ""bbox_fill_ratio"": 27514, ""ink_coverage_ratio"": 27514, ""whitespace_ratio"": 2069638}","{""bbox_aspect_ratio"": 320, ""bbox_fill_ratio"": 94080, ""ink_coverage_ratio"": 2097152, ""whitespace_ratio"": 2097152}","{""bbox_aspect_ratio"": ""ratio"", ""bbox_fill_ratio"": ""ratio"", ""centroid_x_norm"": ""ratio"", ""centroid_y_norm"": ""ratio"", ""closure_count"": ""count"", ""connected_component_count"": ""count"", ""ink_coverage_ratio"": ""ratio"", ""inter_glyph_spacing_mean_norm"": ""ratio"", ""inter_glyph_spacing_sd_norm"": ""ratio"", ""rhythm_periodicity"": ""ratio"", ""straight_curve_ratio"": ""ratio"", ""symmetry_horizontal"": ""ratio"", ""symmetry_vertical"": ""ratio"", ""unit_area_cv"": ""ratio"", ""unit_height_cv"": ""ratio"", ""unit_width_cv"": ""ratio"", ""whitespace_ratio"": ""ratio""}","{""bbox_aspect_ratio"": ""direct"", ""bbox_fill_ratio"": ""direct"", ""centroid_x_norm"": ""direct"", ""centroid_y_norm"": ""direct"", ""closure_count"": ""direct"", ""connected_component_count"": ""direct"", ""ink_coverage_ratio"": ""direct"", ""inter_glyph_spacing_mean_norm"": ""not_applicable"", ""inter_glyph_spacing_sd_norm"": ""not_applicable"", ""rhythm_periodicity"": ""not_applicable"", ""straight_curve_ratio"": ""protocol_dependent"", ""symmetry_horizontal"": ""direct"", ""symmetry_vertical"": ""direct"", ""unit_area_cv"": ""not_applicable"", ""unit_height_cv"": ""not_applicable"", ""unit_width_cv"": ""not_applicable"", ""whitespace_ratio"": ""direct""}","{""inter_glyph_spacing_mean_norm"": ""MEASURE_NOT_APPLICABLE"", ""inter_glyph_spacing_sd_norm"": ""MEASURE_NOT_APPLICABLE"", ""rhythm_periodicity"": ""MEASURE_NOT_APPLICABLE"", ""unit_area_cv"": ""MEASURE_NOT_APPLICABLE"", ""unit_height_cv"": ""MEASURE_NOT_APPLICABLE"", ""unit_width_cv"": ""MEASURE_NOT_APPLICABLE""}",0.013119697570800781,0.9868803024291992,0.292453231292517,0.91875,46,198,0.9818115234375,0.9889011383056641,0.46897900773404033,0.49869255126367484,0.48510896583330304,,,,,,
feat_80e0c905471e332410ac,stim_230b295ca8e86b48,render_551362ca0ff22f33,1.1.0,raster_binary,bbox_height_matched,density|geometry|layout|proportion|reading_rhythm|stroke_gesture|uniformity|visual_center,protocol_dependent,valid,,4d800e346b040f885277c164e937c2514144ed6292066deb66bb1fc465b2de05,"{""bbox_aspect_ratio"": 1271, ""bbox_fill_ratio"": 91230, ""ink_coverage_ratio"": 91230, ""whitespace_ratio"": 2005922}","{""bbox_aspect_ratio"": 320, ""bbox_fill_ratio"": 406720, ""ink_coverage_ratio"": 2097152, ""whitespace_ratio"": 2097152}","{""bbox_aspect_ratio"": ""ratio"", ""bbox_fill_ratio"": ""ratio"", ""centroid_x_norm"": ""ratio"", ""centroid_y_norm"": ""ratio"", ""closure_count"": ""count"", ""connected_component_count"": ""count"", ""ink_coverage_ratio"": ""ratio"", ""inter_glyph_spacing_mean_norm"": ""ratio"", ""inter_glyph_spacing_sd_norm"": ""ratio"", ""rhythm_periodicity"": ""ratio"", ""straight_curve_ratio"": ""ratio"", ""symmetry_horizontal"": ""ratio"", ""symmetry_vertical"": ""ratio"", ""unit_area_cv"": ""ratio"", ""unit_height_cv"": ""ratio"", ""unit_width_cv"": ""ratio"", ""whitespace_ratio"": ""ratio""}","{""bbox_aspect_ratio"": ""direct"", ""bbox_fill_ratio"": ""direct"", ""centroid_x_norm"": ""direct"", ""centroid_y_norm"": ""direct"", ""closure_count"": ""direct"", ""connected_component_count"": ""direct"", ""ink_coverage_ratio"": ""direct"", ""inter_glyph_spacing_mean_norm"": ""protocol_dependent"", ""inter_glyph_spacing_sd_norm"": ""protocol_dependent"", ""rhythm_periodicity"": ""protocol_dependent"", ""straight_curve_ratio"": ""protocol_dependent"", ""symmetry_horizontal"": ""direct"", ""symmetry_vertical"": ""direct"", ""unit_area_cv"": ""protocol_dependent"", ""unit_height_cv"": ""protocol_dependent"", ""unit_width_cv"": ""protocol_dependent"", ""whitespace_ratio"": ""direct""}","{""rhythm_periodicity"": ""MEASURE_SEQUENCE_TOO_SHORT""}",0.043501853942871094,0.9564981460571289,0.22430664830841857,3.971875,8,0,0.9345512390136719,0.9612388610839844,0.8883269731995433,0.5161575439479886,0.4853277023902499,0.12916666666666668,0.005311478659992485,,0.09518938820644036,0.015075515663287343,0.001564945226917058
feat_6e943b867e411a36e085,stim_230b295ca8e86b48,render_551362ca0ff22f33,1.1.0,raster_grayscale,bbox_height_matched,density|geometry|layout|proportion|reading_rhythm|stroke_gesture|uniformity|visual_center,protocol_dependent,valid,,4d800e346b040f885277c164e937c2514144ed6292066deb66bb1fc465b2de05,"{""bbox_aspect_ratio"": 1271, ""bbox_fill_ratio"": 98429, ""ink_coverage_ratio"": 98429, ""whitespace_ratio"": 1998723}","{""bbox_aspect_ratio"": 320, ""bbox_fill_ratio"": 406720, ""ink_coverage_ratio"": 2097152, ""whitespace_ratio"": 2097152}","{""bbox_aspect_ratio"": ""ratio"", ""bbox_fill_ratio"": ""ratio"", ""centroid_x_norm"": ""ratio"", ""centroid_y_norm"": ""ratio"", ""closure_count"": ""count"", ""connected_component_count"": ""count"", ""ink_coverage_ratio"": ""ratio"", ""inter_glyph_spacing_mean_norm"": ""ratio"", ""inter_glyph_spacing_sd_norm"": ""ratio"", ""rhythm_periodicity"": ""ratio"", ""straight_curve_ratio"": ""ratio"", ""symmetry_horizontal"": ""ratio"", ""symmetry_vertical"": ""ratio"", ""unit_area_cv"": ""ratio"", ""unit_height_cv"": ""ratio"", ""unit_width_cv"": ""ratio"", ""whitespace_ratio"": ""ratio""}","{""bbox_aspect_ratio"": ""direct"", ""bbox_fill_ratio"": ""direct"", ""centroid_x_norm"": ""direct"", ""centroid_y_norm"": ""direct"", ""closure_count"": ""direct"", ""connected_component_count"": ""direct"", ""ink_coverage_ratio"": ""direct"", ""inter_glyph_spacing_mean_norm"": ""protocol_dependent"", ""inter_glyph_spacing_sd_norm"": ""protocol_dependent"", ""rhythm_periodicity"": ""protocol_dependent"", ""straight_curve_ratio"": ""protocol_dependent"", ""symmetry_horizontal"": ""direct"", ""symmetry_vertical"": ""direct"", ""unit_area_cv"": ""protocol_dependent"", ""unit_height_cv"": ""protocol_dependent"", ""unit_width_cv"": ""protocol_dependent"", ""whitespace_ratio"": ""direct""}","{""rhythm_periodicity"": ""MEASURE_SEQUENCE_TOO_SHORT""}",0.04693460464477539,0.9530653953552246,0.2420067859952793,3.971875,98,164,0.9311800003051758,0.9575910568237305,0.7636659988596521,0.5163000880552225,0.4853345471418484,0.12916666666666668,0.005311478659992485,,0.10466180044926283,0.015075515663287343,0.001564945226917058
feat_ca74b54d79bad5cfb95c,stim_23330edc55d86694,render_551362ca0ff22f33,1.1.0,raster_binary,ink_area_matched,density|geometry|layout|proportion|reading_rhythm|stroke_gesture|uniformity|visual_center,direct,valid,,4d800e346b040f885277c164e937c2514144ed6292066deb66bb1fc465b2de05,"{""bbox_aspect_ratio"": 592, ""bbox_fill_ratio"": 104853, ""ink_coverage_ratio"": 104853, ""whitespace_ratio"": 1992299}","{""bbox_aspect_ratio"": 588, ""bbox_fill_ratio"": 348096, ""ink_coverage_ratio"": 2097152, ""whitespace_ratio"": 2097152}","{""bbox_aspect_ratio"": ""ratio"", ""bbox_fill_ratio"": ""ratio"", ""centroid_x_norm"": ""ratio"", ""centroid_y_norm"": ""ratio"", ""closure_count"": ""count"", ""connected_component_count"": ""count"", ""ink_coverage_ratio"": ""ratio"", ""inter_glyph_spacing_mean_norm"": ""ratio"", ""inter_glyph_spacing_sd_norm"": ""ratio"", ""rhythm_periodicity"": ""ratio"", ""straight_curve_ratio"": ""ratio"", ""symmetry_horizontal"": ""ratio"", ""symmetry_vertical"": ""ratio"", ""unit_area_cv"": ""ratio"", ""unit_height_cv"": ""ratio"", ""unit_width_cv"": ""ratio"", ""whitespace_ratio"": ""ratio""}","{""bbox_aspect_ratio"": ""direct"", ""bbox_fill_ratio"": ""direct"", ""centroid_x_norm"": ""direct"", ""centroid_y_norm"": ""direct"", ""closure_count"": ""direct"", ""connected_component_count"": ""direct"", ""ink_coverage_ratio"": ""direct"", ""inter_glyph_spacing_mean_norm"": ""not_applicable"", ""inter_glyph_spacing_sd_norm"": ""not_applicable"", ""rhythm_periodicity"": ""not_applicable"", ""straight_curve_ratio"": ""protocol_dependent"", ""symmetry_horizontal"": ""direct"", ""symmetry_vertical"": ""direct"", ""unit_area_cv"": ""not_applicable"", ""unit_height_cv"": ""not_applicable"", ""unit_width_cv"": ""not_applicable"", ""whitespace_ratio"": ""direct""}","{""inter_glyph_spacing_mean_norm"": ""MEASURE_NOT_APPLICABLE"", ""inter_glyph_spacing_sd_norm"": ""MEASURE_NOT_APPLICABLE"", ""rhythm_periodicity"": ""MEASURE_NOT_APPLICABLE"", ""unit_area_cv"": ""MEASURE_NOT_APPLICABLE"", ""unit_height_cv"": ""MEASURE_NOT_APPLICABLE"", ""unit_width_cv"": ""MEASURE_NOT_APPLICABLE""}",0.049997806549072266,0.9500021934509277,0.30121862934362936,1.0068027210884354,1,0,0.9917173385620117,0.9489259719848633,0.9874801893377901,0.5019621266275762,0.5903304712162504,,,,,,
feat_70ee18563b07b7bf0b27,stim_23330edc55d86694,render_551362ca0ff22f33,1.1.0,raster_grayscale,ink_area_matched,density|geometry|layout|proportion|reading_rhythm|stroke_gesture|uniformity|visual_center,direct,valid,,4d800e346b040f885277c164e937c2514144ed6292066deb66bb1fc465b2de05,"{""bbox_aspect_ratio"": 592, ""bbox_fill_ratio"": 107535, ""ink_coverage_ratio"": 107535, ""whitespace_ratio"": 1989617}","{""bbox_aspect_ratio"": 588, ""bbox_fill_ratio"": 348096, ""ink_coverage_ratio"": 2097152, ""whitespace_ratio"": 2097152}","{""bbox_aspect_ratio"": ""ratio"", ""bbox_fill_ratio"": ""ratio"", ""centroid_x_norm"": ""ratio"", ""centroid_y_norm"": ""ratio"", ""closure_count"": ""count"", ""connected_component_count"": ""count"", ""ink_coverage_ratio"": ""ratio"", ""inter_glyph_spacing_mean_norm"": ""ratio"", ""inter_glyph_spacing_sd_norm"": ""ratio"", ""rhythm_periodicity"": ""ratio"", ""straight_curve_ratio"": ""ratio"", ""symmetry_horizontal"": ""ratio"", ""symmetry_vertical"": ""ratio"", ""unit_area_cv"": ""ratio"", ""unit_height_cv"": ""ratio"", ""unit_width_cv"": ""ratio"", ""whitespace_ratio"": ""ratio""}","{""bbox_aspect_ratio"": ""direct"", ""bbox_fill_ratio"": ""direct"", ""centroid_x_norm"": ""direct"", ""centroid_y_norm"": ""direct"", ""closure_count"": ""direct"", ""connected_component_count"": ""direct"", ""ink_coverage_ratio"": ""direct"", ""inter_glyph_spacing_mean_norm"": ""not_applicable"", ""inter_glyph_spacing_sd_norm"": ""not_applicable"", ""rhythm_periodicity"": ""not_applicable"", ""straight_curve_ratio"": ""protocol_dependent"", ""symmetry_horizontal"": ""direct"", ""symmetry_vertical"": ""direct"", ""unit_area_cv"": ""not_applicable"", ""unit_height_cv"": ""not_applicable"", ""unit_width_cv"": ""not_applicable"", ""whitespace_ratio"": ""direct""}","{""inter_glyph_spacing_mean_norm"": ""MEASURE_NOT_APPLICABLE"", ""inter_glyph_spacing_sd_norm"": ""MEASURE_NOT_APPLICABLE"", ""rhythm_periodicity"": ""MEASURE_NOT_APPLICABLE"", ""unit_area_cv"": ""MEASURE_NOT_APPLICABLE"", ""unit_height_cv"": ""MEASURE_NOT_APPLICABLE"", ""unit_width_cv"": ""MEASURE_NOT_APPLICABLE""}",0.05127668380737305,0.948723316192627,0.3089234004412576,1.0068027210884354,3,0,0.9916219711303711,0.9480047225952148,0.9880310557359965,0.5020059148620216,0.5905378644888873,,,,,,
feat_1ee34ff1a556eb5c590b,stim_241bff3a606da10f,render_551362ca0ff22f33,1.1.0,raster_binary,ink_area_matched,density|geometry|layout|proportion|reading_rhythm|stroke_gesture|uniformity|visual_center,direct,valid,,4d800e346b040f885277c164e937c2514144ed6292066deb66bb1fc465b2de05,"{""bbox_aspect_ratio"": 615, ""bbox_fill_ratio"": 104928, ""ink_coverage_ratio"": 104928, ""whitespace_ratio"": 1992224}","{""bbox_aspect_ratio"": 558, ""bbox_fill_ratio"": 343170, ""ink_coverage_ratio"": 2097152, ""whitespace_ratio"": 2097152}","{""bbox_aspect_ratio"": ""ratio"", ""bbox_fill_ratio"": ""ratio"", ""centroid_x_norm"": ""ratio"", ""centroid_y_norm"": ""ratio"", ""closure_count"": ""count"", ""connected_component_count"": ""count"", ""ink_coverage_ratio"": ""ratio"", ""inter_glyph_spacing_mean_norm"": ""ratio"", ""inter_glyph_spacing_sd_norm"": ""ratio"", ""rhythm_periodicity"": ""ratio"", ""straight_curve_ratio"": ""ratio"", ""symmetry_horizontal"": ""ratio"", ""symmetry_vertical"": ""ratio"", ""unit_area_cv"": ""ratio"", ""unit_height_cv"": ""ratio"", ""unit_width_cv"": ""ratio"", ""whitespace_ratio"": ""ratio""}","{""bbox_aspect_ratio"": ""direct"", ""bbox_fill_ratio"": ""direct"", ""centroid_x_norm"": ""direct"", ""centroid_y_norm"": ""direct"", ""closure_count"": ""direct"", ""connected_component_count"": ""direct"", ""ink_coverage_ratio"": ""direct"", ""inter_glyph_spacing_mean_norm"": ""not_applicable"", ""inter_glyph_spacing_sd_norm"": ""not_applicable"", ""rhythm_periodicity"": ""not_applicable"", ""straight_curve_ratio"": ""protocol_dependent"", ""symmetry_horizontal"": ""direct"", ""symmetry_vertical"": ""direct"", ""unit_area_cv"": ""not_applicable"", ""unit_height_cv"": ""not_applicable"", ""unit_width_cv"": ""not_applicable"", ""whitespace_ratio"": ""direct""}","{""inter_glyph_spacing_mean_norm"": ""MEASURE_NOT_APPLICABLE"", ""inter_glyph_spacing_sd_norm"": ""MEASURE_NOT_APPLICABLE"", ""rhythm_periodicity"": ""MEASURE_NOT_APPLICABLE"", ""unit_area_cv"": ""MEASURE_NOT_APPLICABLE"", ""unit_height_cv"": ""MEASURE_NOT_APPLICABLE"", ""unit_width_cv"": ""MEASURE_NOT_APPLICABLE""}",0.0500335693359375,0.9499664306640625,0.3057609930938019,1.1021505376344085,1,1,0.9383888244628906,0.9463272094726562,0.6346568813953352,0.4946495956602385,0.5277073642908708,,,,,,
feat_d683b1135e6a9bf1aaa6,stim_241bff3a606da10f,render_551362ca0ff22f33,1.1.0,raster_grayscale,ink_area_matched,density|geometry|layout|proportion|reading_rhythm|stroke_gesture|uniformity|visual_center,direct,valid,,4d800e346b040f885277c164e937c2514144ed6292066deb66bb1fc465b2de05,"{""bbox_aspect_ratio"": 615, ""bbox_fill_ratio"": 110245, ""ink_coverage_ratio"": 110245, ""whitespace_ratio"": 1986907}","{""bbox_aspect_ratio"": 558, ""bbox_fill_ratio"": 343170, ""ink_coverage_ratio"": 2097152, ""whitespace_ratio"": 2097152}","{""bbox_aspect_ratio"": ""ratio"", ""bbox_fill_ratio"": ""ratio"", ""centroid_x_norm"": ""ratio"", ""centroid_y_norm"": ""ratio"", ""closure_count"": ""count"", ""connected_component_count"": ""count"", ""ink_coverage_ratio"": ""ratio"", ""inter_glyph_spacing_mean_norm"": ""ratio"", ""inter_glyph_spacing_sd_norm"": ""ratio"", ""rhythm_periodicity"": ""ratio"", ""straight_curve_ratio"": ""ratio"", ""symmetry_horizontal"": ""ratio"", ""symmetry_vertical"": ""ratio"", ""unit_area_cv"": ""ratio"", ""unit_height_cv"": ""ratio"", ""unit_width_cv"": ""ratio"", ""whitespace_ratio"": ""ratio""}","{""bbox_aspect_ratio"": ""direct"", ""bbox_fill_ratio"": ""direct"", ""centroid_x_norm"": ""direct"", ""centroid_y_norm"": ""direct"", ""closure_count"": ""direct"", ""connected_component_count"": ""direct"", ""ink_coverage_ratio"": ""direct"", ""inter_glyph_spacing_mean_norm"": ""not_applicable"", ""inter_glyph_spacing_sd_norm"": ""not_applicable"", ""rhythm_periodicity"": ""not_applicable"", ""straight_curve_ratio"": ""protocol_dependent"", ""symmetry_horizontal"": ""direct"", ""symmetry_vertical"": ""direct"", ""unit_area_cv"": ""not_applicable"", ""unit_height_cv"": ""not_applicable"", ""unit_width_cv"": ""not_applicable"", ""whitespace_ratio"": ""direct""}","{""inter_glyph_spacing_mean_norm"": ""MEASURE_NOT_APPLICABLE"", ""inter_glyph_spacing_sd_norm"": ""MEASURE_NOT_APPLICABLE"", ""rhythm_periodicity"": ""MEASURE_NOT_APPLICABLE"", ""unit_area_cv"": ""MEASURE_NOT_APPLICABLE"", ""unit_height_cv"": ""MEASURE_NOT_APPLICABLE"", ""unit_width_cv"": ""MEASURE_NOT_APPLICABLE""}",0.052568912506103516,0.9474310874938965,0.32125477168750183,1.1021505376344085,152,665,0.9371137619018555,0.9447126388549805,0.5189402638305324,0.49456915385901856,0.5279274906883532,,,,,,
feat_c03b0afbdab858c63252,stim_24a5cda64fe9d052,render_551362ca0ff22f33,1.1.0,raster_binary,ink_area_matched,density|geometry|layout|proportion|reading_rhythm|stroke_gesture|uniformity|visual_center,direct,valid,,4d800e346b040f885277c164e937c2514144ed6292066deb66bb1fc465b2de05,"{""bbox_aspect_ratio"": 472, ""bbox_fill_ratio"": 105222, ""ink_coverage_ratio"": 105222, ""whitespace_ratio"": 1991930}","{""bbox_aspect_ratio"": 514, ""bbox_fill_ratio"": 242608, ""ink_coverage_ratio"": 2097152, ""whitespace_ratio"": 2097152}","{""bbox_aspect_ratio"": ""ratio"", ""bbox_fill_ratio"": ""ratio"", ""centroid_x_norm"": ""ratio"", ""centroid_y_norm"": ""ratio"", ""closure_count"": ""count"", ""connected_component_count"": ""count"", ""ink_coverage_ratio"": ""ratio"", ""inter_glyph_spacing_mean_norm"": ""ratio"", ""inter_glyph_spacing_sd_norm"": ""ratio"", ""rhythm_periodicity"": ""ratio"", ""straight_curve_ratio"": ""ratio"", ""symmetry_horizontal"": ""ratio"", ""symmetry_vertical"": ""ratio"", ""unit_area_cv"": ""ratio"", ""unit_height_cv"": ""ratio"", ""unit_width_cv"": ""ratio"", ""whitespace_ratio"": ""ratio""}","{""bbox_aspect_ratio"": ""direct"", ""bbox_fill_ratio"": ""direct"", ""centroid_x_norm"": ""direct"", ""centroid_y_norm"": ""direct"", ""closure_count"": ""direct"", ""connected_component_count"": ""direct"", ""ink_coverage_ratio"": ""direct"", ""inter_glyph_spacing_mean_norm"": ""not_applicable"", ""inter_glyph_spacing_sd_norm"": ""not_applicable"", ""rhythm_periodicity"": ""not_applicable"", ""straight_curve_ratio"": ""protocol_dependent"", ""symmetry_horizontal"": ""direct"", ""symmetry_vertical"": ""direct"", ""unit_area_cv"": ""not_applicable"", ""unit_height_cv"": ""not_applicable"", ""unit_width_cv"": ""not_applicable"", ""whitespace_ratio"": ""direct""}","{""inter_glyph_spacing_mean_norm"": ""MEASURE_NOT_APPLICABLE"", ""inter_glyph_spacing_sd_norm"": ""MEASURE_NOT_APPLICABLE"", ""rhythm_periodicity"": ""MEASURE_NOT_APPLICABLE"", ""unit_area_cv"": ""MEASURE_NOT_APPLICABLE"", ""unit_height_cv"": ""MEASURE_NOT_APPLICABLE"", ""unit_width_cv"": ""MEASURE_NOT_APPLICABLE""}",0.05017375946044922,0.9498262405395508,0.43371199630679946,0.9182879377431906,2,4,0.9937343597412109,0.9566421508789062,0.9520398201388337,0.4994645946115712,0.44758691370982306,,,,,,
feat_51e44c97b04d79af2705,stim_24a5cda64fe9d052,render_551362ca0ff22f33,1.1.0,raster_grayscale,ink_area_matched,density|geometry|layout|proportion|reading_rhythm|stroke_gesture|uniformity|visual_center,direct,valid,,4d800e346b040f885277c164e937c2514144ed6292066deb66bb1fc465b2de05,"{""bbox_aspect_ratio"": 472, ""bbox_fill_ratio"": 108836, ""ink_coverage_ratio"": 108836, ""whitespace_ratio"": 1988316}","{""bbox_aspect_ratio"": 514, ""bbox_fill_ratio"": 242608, ""ink_coverage_ratio"": 2097152, ""whitespace_ratio"": 2097152}","{""bbox_aspect_ratio"": ""ratio"", ""bbox_fill_ratio"": ""ratio"", ""centroid_x_norm"": ""ratio"", ""centroid_y_norm"": ""ratio"", ""closure_count"": ""count"", ""connected_component_count"": ""count"", ""ink_coverage_ratio"": ""ratio"", ""inter_glyph_spacing_mean_norm"": ""ratio"", ""inter_glyph_spacing_sd_norm"": ""ratio"", ""rhythm_periodicity"": ""ratio"", ""straight_curve_ratio"": ""ratio"", ""symmetry_horizontal"": ""ratio"", ""symmetry_vertical"": ""ratio"", ""unit_area_cv"": ""ratio"", ""unit_height_cv"": ""ratio"", ""unit_width_cv"": ""ratio"", ""whitespace_ratio"": ""ratio""}","{""bbox_aspect_ratio"": ""direct"", ""bbox_fill_ratio"": ""direct"", ""centroid_x_norm"": ""direct"", ""centroid_y_norm"": ""direct"", ""closure_count"": ""direct"", ""connected_component_count"": ""direct"", ""ink_coverage_ratio"": ""direct"", ""inter_glyph_spacing_mean_norm"": ""not_applicable"", ""inter_glyph_spacing_sd_norm"": ""not_applicable"", ""rhythm_periodicity"": ""not_applicable"", ""straight_curve_ratio"": ""protocol_dependent"", ""symmetry_horizontal"": ""direct"", ""symmetry_vertical"": ""direct"", ""unit_area_cv"": ""not_applicable"", ""unit_height_cv"": ""not_applicable"", ""unit_width_cv"": ""not_applicable"", ""whitespace_ratio"": ""direct""}","{""inter_glyph_spacing_mean_norm"": ""MEASURE_NOT_APPLICABLE"", ""inter_glyph_spacing_sd_norm"": ""MEASURE_NOT_APPLICABLE"", ""rhythm_periodicity"": ""MEASURE_NOT_APPLICABLE"", ""unit_area_cv"": ""MEASURE_NOT_APPLICABLE"", ""unit_height_cv"": ""MEASURE_NOT_APPLICABLE"", ""unit_width_cv"": ""MEASURE_NOT_APPLICABLE""}",0.05189704895019531,0.9481029510498047,0.4486084547912682,0.9182879377431906,21,15,0.9942665100097656,0.9543170928955078,0.9192333220894889,0.5004179300952235,0.4467366431775791,,,,,,
feat_bc39d4019c8d7ac13061,stim_296de8e77d52da93,render_551362ca0ff22f33,1.1.0,raster_binary,ink_area_matched,density|geometry|layout|proportion|reading_rhythm|stroke_gesture|uniformity|visual_center,protocol_dependent,valid,,4d800e346b040f885277c164e937c2514144ed6292066deb66bb1fc465b2de05,"{""bbox_aspect_ratio"": 1414, ""bbox_fill_ratio"": 104994, ""ink_coverage_ratio"": 104994, ""whitespace_ratio"": 1992158}","{""bbox_aspect_ratio"": 311, ""bbox_fill_ratio"": 439754, ""ink_coverage_ratio"": 2097152, ""whitespace_ratio"": 2097152}","{""bbox_aspect_ratio"": ""ratio"", ""bbox_fill_ratio"": ""ratio"", ""centroid_x_norm"": ""ratio"", ""centroid_y_norm"": ""ratio"", ""closure_count"": ""count"", ""connected_component_count"": ""count"", ""ink_coverage_ratio"": ""ratio"", ""inter_glyph_spacing_mean_norm"": ""ratio"", ""inter_glyph_spacing_sd_norm"": ""ratio"", ""rhythm_periodicity"": ""ratio"", ""straight_curve_ratio"": ""ratio"", ""symmetry_horizontal"": ""ratio"", ""symmetry_vertical"": ""ratio"", ""unit_area_cv"": ""ratio"", ""unit_height_cv"": ""ratio"", ""unit_width_cv"": ""ratio"", ""whitespace_ratio"": ""ratio""}","{""bbox_aspect_ratio"": ""direct"", ""bbox_fill_ratio"": ""direct"", ""centroid_x_norm"": ""direct"", ""centroid_y_norm"": ""direct"", ""closure_count"": ""direct"", ""connected_component_count"": ""direct"", ""ink_coverage_ratio"": ""direct"", ""inter_glyph_spacing_mean_norm"": ""protocol_dependent"", ""inter_glyph_spacing_sd_norm"": ""protocol_dependent"", ""rhythm_periodicity"": ""protocol_dependent"", ""straight_curve_ratio"": ""protocol_dependent"", ""symmetry_horizontal"": ""direct"", ""symmetry_vertical"": ""direct"", ""unit_area_cv"": ""protocol_dependent"", ""unit_height_cv"": ""protocol_dependent"", ""unit_width_cv"": ""protocol_dependent"", ""whitespace_ratio"": ""direct""}","{""rhythm_periodicity"": ""MEASURE_SEQUENCE_TOO_SHORT""}",0.050065040588378906,0.9499349594116211,0.23875621370129663,4.546623794212219,5,4,0.9264392852783203,0.9455070495605469,0.5925213925962766,0.4915134101412938,0.4974230484301484,0.20471596998928188,0.045950591876154384,,0.24351218748610776,0.06010229097608194,0.07202008897539525
feat_66d4f30e4aa6cd5f5eaa,stim_296de8e77d52da93,render_551362ca0ff22f33,1.1.0,raster_grayscale,ink_area_matched,density|geometry|layout|proportion|reading_rhythm|stroke_gesture|uniformity|visual_center,protocol_dependent,valid,,4d800e346b040f885277c164e937c2514144ed6292066deb66bb1fc465b2de05,"{""bbox_aspect_ratio"": 1414, ""bbox_fill_ratio"": 115461, ""ink_coverage_ratio"": 115461, ""whitespace_ratio"": 1981691}","{""bbox_aspect_ratio"": 311, ""bbox_fill_ratio"": 439754, ""ink_coverage_ratio"": 2097152, ""whitespace_ratio"": 2097152}","{""bbox_aspect_ratio"": ""ratio"", ""bbox_fill_ratio"": ""ratio"", ""centroid_x_norm"": ""ratio"", ""centroid_y_norm"": ""ratio"", ""closure_count"": ""count"", ""connected_component_count"": ""count"", ""ink_coverage_ratio"": ""ratio"", ""inter_glyph_spacing_mean_norm"": ""ratio"", ""inter_glyph_spacing_sd_norm"": ""ratio"", ""rhythm_periodicity"": ""ratio"", ""straight_curve_ratio"": ""ratio"", ""symmetry_horizontal"": ""ratio"", ""symmetry_vertical"": ""ratio"", ""unit_area_cv"": ""ratio"", ""unit_height_cv"": ""ratio"", ""unit_width_cv"": ""ratio"", ""whitespace_ratio"": ""ratio""}","{""bbox_aspect_ratio"": ""direct"", ""bbox_fill_ratio"": ""direct"", ""centroid_x_norm"": ""direct"", ""centroid_y_norm"": ""direct"", ""closure_count"": ""direct"", ""connected_component_count"": ""direct"", ""ink_coverage_ratio"": ""direct"", ""inter_glyph_spacing_mean_norm"": ""protocol_dependent"", ""inter_glyph_spacing_sd_norm"": ""protocol_dependent"", ""rhythm_periodicity"": ""protocol_dependent"", ""straight_curve_ratio"": ""protocol_dependent"", ""symmetry_horizontal"": ""direct"", ""symmetry_vertical"": ""direct"", ""unit_area_cv"": ""protocol_dependent"", ""unit_height_cv"": ""protocol_dependent"", ""unit_width_cv"": ""protocol_dependent"", ""whitespace_ratio"": ""direct""}","{""rhythm_periodicity"": ""MEASURE_SEQUENCE_TOO_SHORT""}",0.055056095123291016,0.944943904876709,0.2625581575153381,4.546623794212219,306,1212,0.9218759536743164,0.9426641464233398,0.40821004823093293,0.4913905207643165,0.49725803653398115,0.20471596998928188,0.045950591876154384,,0.24498795445375832,0.06010229097608194,0.07202008897539525
feat_f33865c8b5b67cad9f13,stim_2aff17228cc1e358,render_551362ca0ff22f33,1.1.0,raster_binary,bbox_height_matched,density|geometry|layout|proportion|reading_rhythm|stroke_gesture|uniformity|visual_center,direct,valid,,4d800e346b040f885277c164e937c2514144ed6292066deb66bb1fc465b2de05,"{""bbox_aspect_ratio"": 286, ""bbox_fill_ratio"": 26743, ""ink_coverage_ratio"": 26743, ""whitespace_ratio"": 2070409}","{""bbox_aspect_ratio"": 320, ""bbox_fill_ratio"": 91520, ""ink_coverage_ratio"": 2097152, ""whitespace_ratio"": 2097152}","{""bbox_aspect_ratio"": ""ratio"", ""bbox_fill_ratio"": ""ratio"", ""centroid_x_norm"": ""ratio"", ""centroid_y_norm"": ""ratio"", ""closure_count"": ""count"", ""connected_component_count"": ""count"", ""ink_coverage_ratio"": ""ratio"", ""inter_glyph_spacing_mean_norm"": ""ratio"", ""inter_glyph_spacing_sd_norm"": ""ratio"", ""rhythm_periodicity"": ""ratio"", ""straight_curve_ratio"": ""ratio"", ""symmetry_horizontal"": ""ratio"", ""symmetry_vertical"": ""ratio"", ""unit_area_cv"": ""ratio"", ""unit_height_cv"": ""ratio"", ""unit_width_cv"": ""ratio"", ""whitespace_ratio"": ""ratio""}","{""bbox_aspect_ratio"": ""direct"", ""bbox_fill_ratio"": ""direct"", ""centroid_x_norm"": ""direct"", ""centroid_y_norm"": ""direct"", ""closure_count"": ""direct"", ""connected_component_count"": ""direct"", ""ink_coverage_ratio"": ""direct"", ""inter_glyph_spacing_mean_norm"": ""not_applicable"", ""inter_glyph_spacing_sd_norm"": ""not_applicable"", ""rhythm_periodicity"": ""not_applicable"", ""straight_curve_ratio"": ""protocol_dependent"", ""symmetry_horizontal"": ""direct"", ""symmetry_vertical"": ""direct"", ""unit_area_cv"": ""not_applicable"", ""unit_height_cv"": ""not_applicable"", ""unit_width_cv"": ""not_applicable"", ""whitespace_ratio"": ""direct""}","{""inter_glyph_spacing_mean_norm"": ""MEASURE_NOT_APPLICABLE"", ""inter_glyph_spacing_sd_norm"": ""MEASURE_NOT_APPLICABLE"", ""rhythm_periodicity"": ""MEASURE_NOT_APPLICABLE"", ""unit_area_cv"": ""MEASURE_NOT_APPLICABLE"", ""unit_height_cv"": ""MEASURE_NOT_APPLICABLE"", ""unit_width_cv"": ""MEASURE_NOT_APPLICABLE""}",0.012752056121826172,0.9872479438781738,0.29220935314685315,0.89375,2,1,0.9800024032592773,0.9920854568481445,0.9774985099218649,0.49471426372088023,0.4843576911481509,,,,,,
feat_5f13abace97407d208fe,stim_2aff17228cc1e358,render_551362ca0ff22f33,1.1.0,raster_grayscale,bbox_height_matched,density|geometry|layout|proportion|reading_rhythm|stroke_gesture|uniformity|visual_center,direct,valid,,4d800e346b040f885277c164e937c2514144ed6292066deb66bb1fc465b2de05,"{""bbox_aspect_ratio"": 286, ""bbox_fill_ratio"": 28987, ""ink_coverage_ratio"": 28987, ""whitespace_ratio"": 2068165}","{""bbox_aspect_ratio"": 320, ""bbox_fill_ratio"": 91520, ""ink_coverage_ratio"": 2097152, ""whitespace_ratio"": 2097152}","{""bbox_aspect_ratio"": ""ratio"", ""bbox_fill_ratio"": ""ratio"", ""centroid_x_norm"": ""ratio"", ""centroid_y_norm"": ""ratio"", ""closure_count"": ""count"", ""connected_component_count"": ""count"", ""ink_coverage_ratio"": ""ratio"", ""inter_glyph_spacing_mean_norm"": ""ratio"", ""inter_glyph_spacing_sd_norm"": ""ratio"", ""rhythm_periodicity"": ""ratio"", ""straight_curve_ratio"": ""ratio"", ""symmetry_horizontal"": ""ratio"", ""symmetry_vertical"": ""ratio"", ""unit_area_cv"": ""ratio"", ""unit_height_cv"": ""ratio"", ""unit_width_cv"": ""ratio"", ""whitespace_ratio"": ""ratio""}","{""bbox_aspect_ratio"": ""direct"", ""bbox_fill_ratio"": ""direct"", ""centroid_x_norm"": ""direct"", ""centroid_y_norm"": ""direct"", ""closure_count"": ""direct"", ""connected_component_count"": ""direct"", ""ink_coverage_ratio"": ""direct"", ""inter_glyph_spacing_mean_norm"": ""not_applicable"", ""inter_glyph_spacing_sd_norm"": ""not_applicable"", ""rhythm_periodicity"": ""not_applicable"", ""straight_curve_ratio"": ""protocol_dependent"", ""symmetry_horizontal"": ""direct"", ""symmetry_vertical"": ""direct"", ""unit_area_cv"": ""not_applicable"", ""unit_height_cv"": ""not_applicable"", ""unit_width_cv"": ""not_applicable"", ""whitespace_ratio"": ""direct""}","{""inter_glyph_spacing_mean_norm"": ""MEASURE_NOT_APPLICABLE"", ""inter_glyph_spacing_sd_norm"": ""MEASURE_NOT_APPLICABLE"", ""rhythm_periodicity"": ""MEASURE_NOT_APPLICABLE"", ""unit_area_cv"": ""MEASURE_NOT_APPLICABLE"", ""unit_height_cv"": ""MEASURE_NOT_APPLICABLE"", ""unit_width_cv"": ""MEASURE_NOT_APPLICABLE""}",0.013822078704833984,0.986177921295166,0.31672858391608394,0.89375,6,2,0.9794607162475586,0.991419792175293,0.962633546625182,0.496052783359782,0.48426648556896196,,,,,,
feat_7e1d424ed3b972051edc,stim_2b4efe4a3a92d7df,render_551362ca0ff22f33,1.1.0,raster_binary,bbox_height_matched,density|geometry|layout|proportion|reading_rhythm|stroke_gesture|uniformity|visual_center,direct,valid,,4d800e346b040f885277c164e937c2514144ed6292066deb66bb1fc465b2de05,"{""bbox_aspect_ratio"": 298, ""bbox_fill_ratio"": 31836, ""ink_coverage_ratio"": 31836, ""whitespace_ratio"": 2065316}","{""bbox_aspect_ratio"": 320, ""bbox_fill_ratio"": 95360, ""ink_coverage_ratio"": 2097152, ""whitespace_ratio"": 2097152}","{""bbox_aspect_ratio"": ""ratio"", ""bbox_fill_ratio"": ""ratio"", ""centroid_x_norm"": ""ratio"", ""centroid_y_norm"": ""ratio"", ""closure_count"": ""count"", ""connected_component_count"": ""count"", ""ink_coverage_ratio"": ""ratio"", ""inter_glyph_spacing_mean_norm"": ""ratio"", ""inter_glyph_spacing_sd_norm"": ""ratio"", ""rhythm_periodicity"": ""ratio"", ""straight_curve_ratio"": ""ratio"", ""symmetry_horizontal"": ""ratio"", ""symmetry_vertical"": ""ratio"", ""unit_area_cv"": ""ratio"", ""unit_height_cv"": ""ratio"", ""unit_width_cv"": ""ratio"", ""whitespace_ratio"": ""ratio""}","{""bbox_aspect_ratio"": ""direct"", ""bbox_fill_ratio"": ""direct"", ""centroid_x_norm"": ""direct"", ""centroid_y_norm"": ""direct"", ""closure_count"": ""direct"", ""connected_component_count"": ""direct"", ""ink_coverage_ratio"": ""direct"", ""inter_glyph_spacing_mean_norm"": ""not_applicable"", ""inter_glyph_spacing_sd_norm"": ""not_applicable"", ""rhythm_periodicity"": ""not_applicable"", ""straight_curve_ratio"": ""protocol_dependent"", ""symmetry_horizontal"": ""direct"", ""symmetry_vertical"": ""direct"", ""unit_area_cv"": ""not_applicable"", ""unit_height_cv"": ""not_applicable"", ""unit_width_cv"": ""not_applicable"", ""whitespace_ratio"": ""direct""}","{""inter_glyph_spacing_mean_norm"": ""MEASURE_NOT_APPLICABLE"", ""inter_glyph_spacing_sd_norm"": ""MEASURE_NOT_APPLICABLE"", ""rhythm_periodicity"": ""MEASURE_NOT_APPLICABLE"", ""unit_area_cv"": ""MEASURE_NOT_APPLICABLE"", ""unit_height_cv"": ""MEASURE_NOT_APPLICABLE"", ""unit_width_cv"": ""MEASURE_NOT_APPLICABLE""}",0.015180587768554688,0.9848194122314453,0.3338506711409396,0.93125,1,1,0.9874210357666016,0.9837665557861328,0.6053828187828991,0.5073794180281364,0.5068656613680268,,,,,,
feat_4ab7e943fa3038867b67,stim_2b4efe4a3a92d7df,render_551362ca0ff22f33,1.1.0,raster_grayscale,bbox_height_matched,density|geometry|layout|proportion|reading_rhythm|stroke_gesture|uniformity|visual_center,direct,valid,,4d800e346b040f885277c164e937c2514144ed6292066deb66bb1fc465b2de05,"{""bbox_aspect_ratio"": 298, ""bbox_fill_ratio"": 34612, ""ink_coverage_ratio"": 34612, ""whitespace_ratio"": 2062540}","{""bbox_aspect_ratio"": 320, ""bbox_fill_ratio"": 95360, ""ink_coverage_ratio"": 2097152, ""whitespace_ratio"": 2097152}","{""bbox_aspect_ratio"": ""ratio"", ""bbox_fill_ratio"": ""ratio"", ""centroid_x_norm"": ""ratio"", ""centroid_y_norm"": ""ratio"", ""closure_count"": ""count"", ""connected_component_count"": ""count"", ""ink_coverage_ratio"": ""ratio"", ""inter_glyph_spacing_mean_norm"": ""ratio"", ""inter_glyph_spacing_sd_norm"": ""ratio"", ""rhythm_periodicity"": ""ratio"", ""straight_curve_ratio"": ""ratio"", ""symmetry_horizontal"": ""ratio"", ""symmetry_vertical"": ""ratio"", ""unit_area_cv"": ""ratio"", ""unit_height_cv"": ""ratio"", ""unit_width_cv"": ""ratio"", ""whitespace_ratio"": ""ratio""}","{""bbox_aspect_ratio"": ""direct"", ""bbox_fill_ratio"": ""direct"", ""centroid_x_norm"": ""direct"", ""centroid_y_norm"": ""direct"", ""closure_count"": ""direct"", ""connected_component_count"": ""direct"", ""ink_coverage_ratio"": ""direct"", ""inter_glyph_spacing_mean_norm"": ""not_applicable"", ""inter_glyph_spacing_sd_norm"": ""not_applicable"", ""rhythm_periodicity"": ""not_applicable"", ""straight_curve_ratio"": ""protocol_dependent"", ""symmetry_horizontal"": ""direct"", ""symmetry_vertical"": ""direct"", ""unit_area_cv"": ""not_applicable"", ""unit_height_cv"": ""not_applicable"", ""unit_width_cv"": ""not_applicable"", ""whitespace_ratio"": ""direct""}","{""inter_glyph_spacing_mean_norm"": ""MEASURE_NOT_APPLICABLE"", ""inter_glyph_spacing_sd_norm"": ""MEASURE_NOT_APPLICABLE"", ""rhythm_periodicity"": ""MEASURE_NOT_APPLICABLE"", ""unit_area_cv"": ""MEASURE_NOT_APPLICABLE"", ""unit_height_cv"": ""MEASURE_NOT_APPLICABLE"", ""unit_width_cv"": ""MEASURE_NOT_APPLICABLE""}",0.016504287719726562,0.9834957122802734,0.36296140939597316,0.93125,78,496,0.9872055053710938,0.9829807281494141,0.37645908596026045,0.5071760922873569,0.5064282652602421,,,,,,
feat_c78b607a796b3518c2ff,stim_2bae14211d33b18e,render_551362ca0ff22f33,1.1.0,raster_binary,bbox_height_matched,density|geometry|layout|proportion|reading_rhythm|stroke_gesture|uniformity|visual_center,direct,valid,,4d800e346b040f885277c164e937c2514144ed6292066deb66bb1fc465b2de05,"{""bbox_aspect_ratio"": 260, ""bbox_fill_ratio"": 31129, ""ink_coverage_ratio"": 31129, ""whitespace_ratio"": 2066023}","{""bbox_aspect_ratio"": 320, ""bbox_fill_ratio"": 83200, ""ink_coverage_ratio"": 2097152, ""whitespace_ratio"": 2097152}","{""bbox_aspect_ratio"": ""ratio"", ""bbox_fill_ratio"": ""ratio"", ""centroid_x_norm"": ""ratio"", ""centroid_y_norm"": ""ratio"", ""closure_count"": ""count"", ""connected_component_count"": ""count"", ""ink_coverage_ratio"": ""ratio"", ""inter_glyph_spacing_mean_norm"": ""ratio"", ""inter_glyph_spacing_sd_norm"": ""ratio"", ""rhythm_periodicity"": ""ratio"", ""straight_curve_ratio"": ""ratio"", ""symmetry_horizontal"": ""ratio"", ""symmetry_vertical"": ""ratio"", ""unit_area_cv"": ""ratio"", ""unit_height_cv"": ""ratio"", ""unit_width_cv"": ""ratio"", ""whitespace_ratio"": ""ratio""}","{""bbox_aspect_ratio"": ""direct"", ""bbox_fill_ratio"": ""direct"", ""centroid_x_norm"": ""direct"", ""centroid_y_norm"": ""direct"", ""closure_count"": ""direct"", ""connected_component_count"": ""direct"", ""ink_coverage_ratio"": ""direct"", ""inter_glyph_spacing_mean_norm"": ""not_applicable"", ""inter_glyph_spacing_sd_norm"": ""not_applicable"", ""rhythm_periodicity"": ""not_applicable"", ""straight_curve_ratio"": ""protocol_dependent"", ""symmetry_horizontal"": ""direct"", ""symmetry_vertical"": ""direct"", ""unit_area_cv"": ""not_applicable"", ""unit_height_cv"": ""not_applicable"", ""unit_width_cv"": ""not_applicable"", ""whitespace_ratio"": ""direct""}","{""inter_glyph_spacing_mean_norm"": ""MEASURE_NOT_APPLICABLE"", ""inter_glyph_spacing_sd_norm"": ""MEASURE_NOT_APPLICABLE"", ""rhythm_periodicity"": ""MEASURE_NOT_APPLICABLE"", ""unit_area_cv"": ""MEASURE_NOT_APPLICABLE"", ""unit_height_cv"": ""MEASURE_NOT_APPLICABLE"", ""unit_width_cv"": ""MEASURE_NOT_APPLICABLE""}",0.014843463897705078,0.9851565361022949,0.3741466346153846,0.8125,1,1,0.9900217056274414,0.9824800491333008,0.7038956800772649,0.49560703732351663,0.5083637594766938,,,,,,
feat_3e0a76208fa8f9731d3c,stim_2bae14211d33b18e,render_551362ca0ff22f33,1.1.0,raster_grayscale,bbox_height_matched,density|geometry|layout|proportion|reading_rhythm|stroke_gesture|uniformity|visual_center,direct,valid,,4d800e346b040f885277c164e937c2514144ed6292066deb66bb1fc465b2de05,"{""bbox_aspect_ratio"": 260, ""bbox_fill_ratio"": 33894, ""ink_coverage_ratio"": 33894, ""whitespace_ratio"": 2063258}","{""bbox_aspect_ratio"": 320, ""bbox_fill_ratio"": 83200, ""ink_coverage_ratio"": 2097152, ""whitespace_ratio"": 2097152}","{""bbox_aspect_ratio"": ""ratio"", ""bbox_fill_ratio"": ""ratio"", ""centroid_x_norm"": ""ratio"", ""centroid_y_norm"": ""ratio"", ""closure_count"": ""count"", ""connected_component_count"": ""count"", ""ink_coverage_ratio"": ""ratio"", ""inter_glyph_spacing_mean_norm"": ""ratio"", ""inter_glyph_spacing_sd_norm"": ""ratio"", ""rhythm_periodicity"": ""ratio"", ""straight_curve_ratio"": ""ratio"", ""symmetry_horizontal"": ""ratio"", ""symmetry_vertical"": ""ratio"", ""unit_area_cv"": ""ratio"", ""unit_height_cv"": ""ratio"", ""unit_width_cv"": ""ratio"", ""whitespace_ratio"": ""ratio""}","{""bbox_aspect_ratio"": ""direct"", ""bbox_fill_ratio"": ""direct"", ""centroid_x_norm"": ""direct"", ""centroid_y_norm"": ""direct"", ""closure_count"": ""direct"", ""connected_component_count"": ""direct"", ""ink_coverage_ratio"": ""direct"", ""inter_glyph_spacing_mean_norm"": ""not_applicable"", ""inter_glyph_spacing_sd_norm"": ""not_applicable"", ""rhythm_periodicity"": ""not_applicable"", ""straight_curve_ratio"": ""protocol_dependent"", ""symmetry_horizontal"": ""direct"", ""symmetry_vertical"": ""direct"", ""unit_area_cv"": ""not_applicable"", ""unit_height_cv"": ""not_applicable"", ""unit_width_cv"": ""not_applicable"", ""whitespace_ratio"": ""direct""}","{""inter_glyph_spacing_mean_norm"": ""MEASURE_NOT_APPLICABLE"", ""inter_glyph_spacing_sd_norm"": ""MEASURE_NOT_APPLICABLE"", ""rhythm_periodicity"": ""MEASURE_NOT_APPLICABLE"", ""unit_area_cv"": ""MEASURE_NOT_APPLICABLE"", ""unit_height_cv"": ""MEASURE_NOT_APPLICABLE"", ""unit_width_cv"": ""MEASURE_NOT_APPLICABLE""}",0.01616191864013672,0.9838380813598633,0.4073798076923077,0.8125,104,144,0.9898109436035156,0.9815120697021484,0.5311139621789214,0.49569825861048417,0.5077569787886499,,,,,,
feat_b40ce04961d4eccd89b2,stim_2c15393655973c79,render_551362ca0ff22f33,1.1.0,raster_binary,ink_area_matched,density|geometry|layout|proportion|reading_rhythm|stroke_gesture|uniformity|visual_center,direct,valid,,4d800e346b040f885277c164e937c2514144ed6292066deb66bb1fc465b2de05,"{""bbox_aspect_ratio"": 954, ""bbox_fill_ratio"": 104803, ""ink_coverage_ratio"": 104803, ""whitespace_ratio"": 1992349}","{""bbox_aspect_ratio"": 588, ""bbox_fill_ratio"": 560952, ""ink_coverage_ratio"": 2097152, ""whitespace_ratio"": 2097152}","{""bbox_aspect_ratio"": ""ratio"", ""bbox_fill_ratio"": ""ratio"", ""centroid_x_norm"": ""ratio"", ""centroid_y_norm"": ""ratio"", ""closure_count"": ""count"", ""connected_component_count"": ""count"", ""ink_coverage_ratio"": ""ratio"", ""inter_glyph_spacing_mean_norm"": ""ratio"", ""inter_glyph_spacing_sd_norm"": ""ratio"", ""rhythm_periodicity"": ""ratio"", ""straight_curve_ratio"": ""ratio"", ""symmetry_horizontal"": ""ratio"", ""symmetry_vertical"": ""ratio"", ""unit_area_cv"": ""ratio"", ""unit_height_cv"": ""ratio"", ""unit_width_cv"": ""ratio"", ""whitespace_ratio"": ""ratio""}","{""bbox_aspect_ratio"": ""direct"", ""bbox_fill_ratio"": ""direct"", ""centroid_x_norm"": ""direct"", ""centroid_y_norm"": ""direct"", ""closure_count"": ""direct"", ""connected_component_count"": ""direct"", ""ink_coverage_ratio"": ""direct"", ""inter_glyph_spacing_mean_norm"": ""not_applicable"", ""inter_glyph_spacing_sd_norm"": ""not_applicable"", ""rhythm_periodicity"": ""not_applicable"", ""straight_curve_ratio"": ""protocol_dependent"", ""symmetry_horizontal"": ""direct"", ""symmetry_vertical"": ""direct"", ""unit_area_cv"": ""not_applicable"", ""unit_height_cv"": ""not_applicable"", ""unit_width_cv"": ""not_applicable"", ""whitespace_ratio"": ""direct""}","{""inter_glyph_spacing_mean_norm"": ""MEASURE_NOT_APPLICABLE"", ""inter_glyph_spacing_sd_norm"": ""MEASURE_NOT_APPLICABLE"", ""rhythm_periodicity"": ""MEASURE_NOT_APPLICABLE"", ""unit_area_cv"": ""MEASURE_NOT_APPLICABLE"", ""unit_height_cv"": ""MEASURE_NOT_APPLICABLE"", ""unit_width_cv"": ""MEASURE_NOT_APPLICABLE""}",0.04997396469116211,0.9500260353088379,0.18683060226186912,1.6224489795918366,6,0,0.9089345932006836,0.937413215637207,0.5954510645504555,0.46558910303736534,0.5182754806189946,,,,,,
feat_c0cebe4ff19aed376b43,stim_2c15393655973c79,render_551362ca0ff22f33,1.1.0,raster_grayscale,ink_area_matched,density|geometry|layout|proportion|reading_rhythm|stroke_gesture|uniformity|visual_center,direct,valid,,4d800e346b040f885277c164e937c2514144ed6292066deb66bb1fc465b2de05,"{""bbox_aspect_ratio"": 954, ""bbox_fill_ratio"": 112924, ""ink_coverage_ratio"": 112924, ""whitespace_ratio"": 1984228}","{""bbox_aspect_ratio"": 588, ""bbox_fill_ratio"": 560952, ""ink_coverage_ratio"": 2097152, ""whitespace_ratio"": 2097152}","{""bbox_aspect_ratio"": ""ratio"", ""bbox_fill_ratio"": ""ratio"", ""centroid_x_norm"": ""ratio"", ""centroid_y_norm"": ""ratio"", ""closure_count"": ""count"", ""connected_component_count"": ""count"", ""ink_coverage_ratio"": ""ratio"", ""inter_glyph_spacing_mean_norm"": ""ratio"", ""inter_glyph_spacing_sd_norm"": ""ratio"", ""rhythm_periodicity"": ""ratio"", ""straight_curve_ratio"": ""ratio"", ""symmetry_horizontal"": ""ratio"", ""symmetry_vertical"": ""ratio"", ""unit_area_cv"": ""ratio"", ""unit_height_cv"": ""ratio"", ""unit_width_cv"": ""ratio"", ""whitespace_ratio"": ""ratio""}","{""bbox_aspect_ratio"": ""direct"", ""bbox_fill_ratio"": ""direct"", ""centroid_x_norm"": ""direct"", ""centroid_y_norm"": ""direct"", ""closure_count"": ""direct"", ""connected_component_count"": ""direct"", ""ink_coverage_ratio"": ""direct"", ""inter_glyph_spacing_mean_norm"": ""not_applicable"", ""inter_glyph_spacing_sd_norm"": ""not_applicable"", ""rhythm_periodicity"": ""not_applicable"", ""straight_curve_ratio"": ""protocol_dependent"", ""symmetry_horizontal"": ""direct"", ""symmetry_vertical"": ""direct"", ""unit_area_cv"": ""not_applicable"", ""unit_height_cv"": ""not_applicable"", ""unit_width_cv"": ""not_applicable"", ""whitespace_ratio"": ""direct""}","{""inter_glyph_spacing_mean_norm"": ""MEASURE_NOT_APPLICABLE"", ""inter_glyph_spacing_sd_norm"": ""MEASURE_NOT_APPLICABLE"", ""rhythm_periodicity"": ""MEASURE_NOT_APPLICABLE"", ""unit_area_cv"": ""MEASURE_NOT_APPLICABLE"", ""unit_height_cv"": ""MEASURE_NOT_APPLICABLE"", ""unit_width_cv"": ""MEASURE_NOT_APPLICABLE""}",0.05384635925292969,0.9461536407470703,0.2013077767794749,1.6224489795918366,187,1160,0.902923583984375,0.9337348937988281,0.40912554197529744,0.46705706191913365,0.5179654412896063,,,,,,
feat_b8a3298f30291785a80b,stim_2d5e2ae923bd8eb4,render_551362ca0ff22f33,1.1.0,raster_binary,bbox_height_matched,density|geometry|layout|proportion|reading_rhythm|stroke_gesture|uniformity|visual_center,direct,valid,,4d800e346b040f885277c164e937c2514144ed6292066deb66bb1fc465b2de05,"{""bbox_aspect_ratio"": 325, ""bbox_fill_ratio"": 26526, ""ink_coverage_ratio"": 26526, ""whitespace_ratio"": 2070626}","{""bbox_aspect_ratio"": 320, ""bbox_fill_ratio"": 104000, ""ink_coverage_ratio"": 2097152, ""whitespace_ratio"": 2097152}","{""bbox_aspect_ratio"": ""ratio"", ""bbox_fill_ratio"": ""ratio"", ""centroid_x_norm"": ""ratio"", ""centroid_y_norm"": ""ratio"", ""closure_count"": ""count"", ""connected_component_count"": ""count"", ""ink_coverage_ratio"": ""ratio"", ""inter_glyph_spacing_mean_norm"": ""ratio"", ""inter_glyph_spacing_sd_norm"": ""ratio"", ""rhythm_periodicity"": ""ratio"", ""straight_curve_ratio"": ""ratio"", ""symmetry_horizontal"": ""ratio"", ""symmetry_vertical"": ""ratio"", ""unit_area_cv"": ""ratio"", ""unit_height_cv"": ""ratio"", ""unit_width_cv"": ""ratio"", ""whitespace_ratio"": ""ratio""}","{""bbox_aspect_ratio"": ""direct"", ""bbox_fill_ratio"": ""direct"", ""centroid_x_norm"": ""direct"", ""centroid_y_norm"": ""direct"", ""closure_count"": ""direct"", ""connected_component_count"": ""direct"", ""ink_coverage_ratio"": ""direct"", ""inter_glyph_spacing_mean_norm"": ""not_applicable"", ""inter_glyph_spacing_sd_norm"": ""not_applicable"", ""rhythm_periodicity"": ""not_applicable"", ""straight_curve_ratio"": ""protocol_dependent"", ""symmetry_horizontal"": ""direct"", ""symmetry_vertical"": ""direct"", ""unit_area_cv"": ""not_applicable"", ""unit_height_cv"": ""not_applicable"", ""unit_width_cv"": ""not_applicable"", ""whitespace_ratio"": ""direct""}","{""inter_glyph_spacing_mean_norm"": ""MEASURE_NOT_APPLICABLE"", ""inter_glyph_spacing_sd_norm"": ""MEASURE_NOT_APPLICABLE"", ""rhythm_periodicity"": ""MEASURE_NOT_APPLICABLE"", ""unit_area_cv"": ""MEASURE_NOT_APPLICABLE"", ""unit_height_cv"": ""MEASURE_NOT_APPLICABLE"", ""unit_width_cv"": ""MEASURE_NOT_APPLICABLE""}",0.012648582458496094,0.9873514175415039,0.2550576923076923,1.015625,2,0,0.9907302856445312,0.9898891448974609,0.6602866435424701,0.4971706525849638,0.5110667143203838,,,,,,
feat_0904075dcee22e1eac0f,stim_2d5e2ae923bd8eb4,render_551362ca0ff22f33,1.1.0,raster_grayscale,bbox_height_matched,density|geometry|layout|proportion|reading_rhythm|stroke_gesture|uniformity|visual_center,direct,valid,,4d800e346b040f885277c164e937c2514144ed6292066deb66bb1fc465b2de05,"{""bbox_aspect_ratio"": 325, ""bbox_fill_ratio"": 28806, ""ink_coverage_ratio"": 28806, ""whitespace_ratio"": 2068346}","{""bbox_aspect_ratio"": 320, ""bbox_fill_ratio"": 104000, ""ink_coverage_ratio"": 2097152, ""whitespace_ratio"": 2097152}","{""bbox_aspect_ratio"": ""ratio"", ""bbox_fill_ratio"": ""ratio"", ""centroid_x_norm"": ""ratio"", ""centroid_y_norm"": ""ratio"", ""closure_count"": ""count"", ""connected_component_count"": ""count"", ""ink_coverage_ratio"": ""ratio"", ""inter_glyph_spacing_mean_norm"": ""ratio"", ""inter_glyph_spacing_sd_norm"": ""ratio"", ""rhythm_periodicity"": ""ratio"", ""straight_curve_ratio"": ""ratio"", ""symmetry_horizontal"": ""ratio"", ""symmetry_vertical"": ""ratio"", ""unit_area_cv"": ""ratio"", ""unit_height_cv"": ""ratio"", ""unit_width_cv"": ""ratio"", ""whitespace_ratio"": ""ratio""}","{""bbox_aspect_ratio"": ""direct"", ""bbox_fill_ratio"": ""direct"", ""centroid_x_norm"": ""direct"", ""centroid_y_norm"": ""direct"", ""closure_count"": ""direct"", ""connected_component_count"": ""direct"", ""ink_coverage_ratio"": ""direct"", ""inter_glyph_spacing_mean_norm"": ""not_applicable"", ""inter_glyph_spacing_sd_norm"": ""not_applicable"", ""rhythm_periodicity"": ""not_applicable"", ""straight_curve_ratio"": ""protocol_dependent"", ""symmetry_horizontal"": ""direct"", ""symmetry_vertical"": ""direct"", ""unit_area_cv"": ""not_applicable"", ""unit_height_cv"": ""not_applicable"", ""unit_width_cv"": ""not_applicable"", ""whitespace_ratio"": ""direct""}","{""inter_glyph_spacing_mean_norm"": ""MEASURE_NOT_APPLICABLE"", ""inter_glyph_spacing_sd_norm"": ""MEASURE_NOT_APPLICABLE"", ""rhythm_periodicity"": ""MEASURE_NOT_APPLICABLE"", ""unit_area_cv"": ""MEASURE_NOT_APPLICABLE"", ""unit_height_cv"": ""MEASURE_NOT_APPLICABLE"", ""unit_width_cv"": ""MEASURE_NOT_APPLICABLE""}",0.013735771179199219,0.9862642288208008,0.27698076923076925,1.015625,25,524,0.9902572631835938,0.9894027709960938,0.29598696501303806,0.49705848092628274,0.5113656334617788,,,,,,
feat_90a6c6a853c0371baba3,stim_303bbacbf19f5b6a,render_551362ca0ff22f33,1.1.0,raster_binary,ink_area_matched,density|geometry|layout|proportion|reading_rhythm|stroke_gesture|uniformity|visual_center,direct,valid,,4d800e346b040f885277c164e937c2514144ed6292066deb66bb1fc465b2de05,"{""bbox_aspect_ratio"": 683, ""bbox_fill_ratio"": 104957, ""ink_coverage_ratio"": 104957, ""whitespace_ratio"": 1992195}","{""bbox_aspect_ratio"": 757, ""bbox_fill_ratio"": 517031, ""ink_coverage_ratio"": 2097152, ""whitespace_ratio"": 2097152}","{""bbox_aspect_ratio"": ""ratio"", ""bbox_fill_ratio"": ""ratio"", ""centroid_x_norm"": ""ratio"", ""centroid_y_norm"": ""ratio"", ""closure_count"": ""count"", ""connected_component_count"": ""count"", ""ink_coverage_ratio"": ""ratio"", ""inter_glyph_spacing_mean_norm"": ""ratio"", ""inter_glyph_spacing_sd_norm"": ""ratio"", ""rhythm_periodicity"": ""ratio"", ""straight_curve_ratio"": ""ratio"", ""symmetry_horizontal"": ""ratio"", ""symmetry_vertical"": ""ratio"", ""unit_area_cv"": ""ratio"", ""unit_height_cv"": ""ratio"", ""unit_width_cv"": ""ratio"", ""whitespace_ratio"": ""ratio""}","{""bbox_aspect_ratio"": ""direct"", ""bbox_fill_ratio"": ""direct"", ""centroid_x_norm"": ""direct"", ""centroid_y_norm"": ""direct"", ""closure_count"": ""direct"", ""connected_component_count"": ""direct"", ""ink_coverage_ratio"": ""direct"", ""inter_glyph_spacing_mean_norm"": ""not_applicable"", ""inter_glyph_spacing_sd_norm"": ""not_applicable"", ""rhythm_periodicity"": ""not_applicable"", ""straight_curve_ratio"": ""protocol_dependent"", ""symmetry_horizontal"": ""direct"", ""symmetry_vertical"": ""direct"", ""unit_area_cv"": ""not_applicable"", ""unit_height_cv"": ""not_applicable"", ""unit_width_cv"": ""not_applicable"", ""whitespace_ratio"": ""direct""}","{""inter_glyph_spacing_mean_norm"": ""MEASURE_NOT_APPLICABLE"", ""inter_glyph_spacing_sd_norm"": ""MEASURE_NOT_APPLICABLE"", ""rhythm_periodicity"": ""MEASURE_NOT_APPLICABLE"", ""unit_area_cv"": ""MEASURE_NOT_APPLICABLE"", ""unit_height_cv"": ""MEASURE_NOT_APPLICABLE"", ""unit_width_cv"": ""MEASURE_NOT_APPLICABLE""}",0.05004739761352539,0.9499526023864746,0.2029994333028387,0.9022457067371202,1,2,0.9528379440307617,0.966679573059082,0.8897724553522769,0.4920221607122441,0.46383680861567117,,,,,,
feat_772640a690b754f55172,stim_303bbacbf19f5b6a,render_551362ca0ff22f33,1.1.0,raster_grayscale,ink_area_matched,density|geometry|layout|proportion|reading_rhythm|stroke_gesture|uniformity|visual_center,direct,valid,,4d800e346b040f885277c164e937c2514144ed6292066deb66bb1fc465b2de05,"{""bbox_aspect_ratio"": 684, ""bbox_fill_ratio"": 110376, ""ink_coverage_ratio"": 110376, ""whitespace_ratio"": 1986776}","{""bbox_aspect_ratio"": 757, ""bbox_fill_ratio"": 517788, ""ink_coverage_ratio"": 2097152, ""whitespace_ratio"": 2097152}","{""bbox_aspect_ratio"": ""ratio"", ""bbox_fill_ratio"": ""ratio"", ""centroid_x_norm"": ""ratio"", ""centroid_y_norm"": ""ratio"", ""closure_count"": ""count"", ""connected_component_count"": ""count"", ""ink_coverage_ratio"": ""ratio"", ""inter_glyph_spacing_mean_norm"": ""ratio"", ""inter_glyph_spacing_sd_norm"": ""ratio"", ""rhythm_periodicity"": ""ratio"", ""straight_curve_ratio"": ""ratio"", ""symmetry_horizontal"": ""ratio"", ""symmetry_vertical"": ""ratio"", ""unit_area_cv"": ""ratio"", ""unit_height_cv"": ""ratio"", ""unit_width_cv"": ""ratio"", ""whitespace_ratio"": ""ratio""}","{""bbox_aspect_ratio"": ""direct"", ""bbox_fill_ratio"": ""direct"", ""centroid_x_norm"": ""direct"", ""centroid_y_norm"": ""direct"", ""closure_count"": ""direct"", ""connected_component_count"": ""direct"", ""ink_coverage_ratio"": ""direct"", ""inter_glyph_spacing_mean_norm"": ""not_applicable"", ""inter_glyph_spacing_sd_norm"": ""not_applicable"", ""rhythm_periodicity"": ""not_applicable"", ""straight_curve_ratio"": ""protocol_dependent"", ""symmetry_horizontal"": ""direct"", ""symmetry_vertical"": ""direct"", ""unit_area_cv"": ""not_applicable"", ""unit_height_cv"": ""not_applicable"", ""unit_width_cv"": ""not_applicable"", ""whitespace_ratio"": ""direct""}","{""inter_glyph_spacing_mean_norm"": ""MEASURE_NOT_APPLICABLE"", ""inter_glyph_spacing_sd_norm"": ""MEASURE_NOT_APPLICABLE"", ""rhythm_periodicity"": ""MEASURE_NOT_APPLICABLE"", ""unit_area_cv"": ""MEASURE_NOT_APPLICABLE"", ""unit_height_cv"": ""MEASURE_NOT_APPLICABLE"", ""unit_width_cv"": ""MEASURE_NOT_APPLICABLE""}",0.052631378173828125,0.9473686218261719,0.21316832371549746,0.9035667107001321,17,104,0.9539051055908203,0.9646568298339844,0.7918184985175069,0.4926721448871358,0.46353868502607,,,,,,
feat_5da59d1511a1ba3bb317,stim_3043debd11827c54,render_551362ca0ff22f33,1.1.0,raster_binary,ink_area_matched,density|geometry|layout|proportion|reading_rhythm|stroke_gesture|uniformity|visual_center,direct,valid,,4d800e346b040f885277c164e937c2514144ed6292066deb66bb1fc465b2de05,"{""bbox_aspect_ratio"": 541, ""bbox_fill_ratio"": 104901, ""ink_coverage_ratio"": 104901, ""whitespace_ratio"": 1992251}","{""bbox_aspect_ratio"": 581, ""bbox_fill_ratio"": 314321, ""ink_coverage_ratio"": 2097152, ""whitespace_ratio"": 2097152}","{""bbox_aspect_ratio"": ""ratio"", ""bbox_fill_ratio"": ""ratio"", ""centroid_x_norm"": ""ratio"", ""centroid_y_norm"": ""ratio"", ""closure_count"": ""count"", ""connected_component_count"": ""count"", ""ink_coverage_ratio"": ""ratio"", ""inter_glyph_spacing_mean_norm"": ""ratio"", ""inter_glyph_spacing_sd_norm"": ""ratio"", ""rhythm_periodicity"": ""ratio"", ""straight_curve_ratio"": ""ratio"", ""symmetry_horizontal"": ""ratio"", ""symmetry_vertical"": ""ratio"", ""unit_area_cv"": ""ratio"", ""unit_height_cv"": ""ratio"", ""unit_width_cv"": ""ratio"", ""whitespace_ratio"": ""ratio""}","{""bbox_aspect_ratio"": ""direct"", ""bbox_fill_ratio"": ""direct"", ""centroid_x_norm"": ""direct"", ""centroid_y_norm"": ""direct"", ""closure_count"": ""direct"", ""connected_component_count"": ""direct"", ""ink_coverage_ratio"": ""direct"", ""inter_glyph_spacing_mean_norm"": ""not_applicable"", ""inter_glyph_spacing_sd_norm"": ""not_applicable"", ""rhythm_periodicity"": ""not_applicable"", ""straight_curve_ratio"": ""protocol_dependent"", ""symmetry_horizontal"": ""direct"", ""symmetry_vertical"": ""direct"", ""unit_area_cv"": ""not_applicable"", ""unit_height_cv"": ""not_applicable"", ""unit_width_cv"": ""not_applicable"", ""whitespace_ratio"": ""direct""}","{""inter_glyph_spacing_mean_norm"": ""MEASURE_NOT_APPLICABLE"", ""inter_glyph_spacing_sd_norm"": ""MEASURE_NOT_APPLICABLE"", ""rhythm_periodicity"": ""MEASURE_NOT_APPLICABLE"", ""unit_area_cv"": ""MEASURE_NOT_APPLICABLE"", ""unit_height_cv"": ""MEASURE_NOT_APPLICABLE"", ""unit_width_cv"": ""MEASURE_NOT_APPLICABLE""}",0.050020694732666016,0.949979305267334,0.33373843936612574,0.9311531841652324,1,2,0.9583559036254883,0.9465360641479492,0.6099907697167205,0.513900941423342,0.5133558124892756,,,,,,
feat_e6a506fefa958cd98b22,stim_3043debd11827c54,render_551362ca0ff22f33,1.1.0,raster_grayscale,ink_area_matched,density|geometry|layout|proportion|reading_rhythm|stroke_gesture|uniformity|visual_center,direct,valid,,4d800e346b040f885277c164e937c2514144ed6292066deb66bb1fc465b2de05,"{""bbox_aspect_ratio"": 541, ""bbox_fill_ratio"": 109830, ""ink_coverage_ratio"": 109830, ""whitespace_ratio"": 1987322}","{""bbox_aspect_ratio"": 581, ""bbox_fill_ratio"": 314321, ""ink_coverage_ratio"": 2097152, ""whitespace_ratio"": 2097152}","{""bbox_aspect_ratio"": ""ratio"", ""bbox_fill_ratio"": ""ratio"", ""centroid_x_norm"": ""ratio"", ""centroid_y_norm"": ""ratio"", ""closure_count"": ""count"", ""connected_component_count"": ""count"", ""ink_coverage_ratio"": ""ratio"", ""inter_glyph_spacing_mean_norm"": ""ratio"", ""inter_glyph_spacing_sd_norm"": ""ratio"", ""rhythm_periodicity"": ""ratio"", ""straight_curve_ratio"": ""ratio"", ""symmetry_horizontal"": ""ratio"", ""symmetry_vertical"": ""ratio"", ""unit_area_cv"": ""ratio"", ""unit_height_cv"": ""ratio"", ""unit_width_cv"": ""ratio"", ""whitespace_ratio"": ""ratio""}","{""bbox_aspect_ratio"": ""direct"", ""bbox_fill_ratio"": ""direct"", ""centroid_x_norm"": ""direct"", ""centroid_y_norm"": ""direct"", ""closure_count"": ""direct"", ""connected_component_count"": ""direct"", ""ink_coverage_ratio"": ""direct"", ""inter_glyph_spacing_mean_norm"": ""not_applicable"", ""inter_glyph_spacing_sd_norm"": ""not_applicable"", ""rhythm_periodicity"": ""not_applicable"", ""straight_curve_ratio"": ""protocol_dependent"", ""symmetry_horizontal"": ""direct"", ""symmetry_vertical"": ""direct"", ""unit_area_cv"": ""not_applicable"", ""unit_height_cv"": ""not_applicable"", ""unit_width_cv"": ""not_applicable"", ""whitespace_ratio"": ""direct""}","{""inter_glyph_spacing_mean_norm"": ""MEASURE_NOT_APPLICABLE"", ""inter_glyph_spacing_sd_norm"": ""MEASURE_NOT_APPLICABLE"", ""rhythm_periodicity"": ""MEASURE_NOT_APPLICABLE"", ""unit_area_cv"": ""MEASURE_NOT_APPLICABLE"", ""unit_height_cv"": ""MEASURE_NOT_APPLICABLE"", ""unit_width_cv"": ""MEASURE_NOT_APPLICABLE""}",0.05237102508544922,0.9476289749145508,0.34941986058837937,0.9311531841652324,85,761,0.9579658508300781,0.9450511932373047,0.5240066510331888,0.5136915342887872,0.512914987935901,,,,,,
feat_16b0937014fd927bdec7,stim_32336080424dfc3e,render_551362ca0ff22f33,1.1.0,raster_binary,bbox_height_matched,density|geometry|layout|proportion|reading_rhythm|stroke_gesture|uniformity|visual_center,direct,valid,,4d800e346b040f885277c164e937c2514144ed6292066deb66bb1fc465b2de05,"{""bbox_aspect_ratio"": 278, ""bbox_fill_ratio"": 28936, ""ink_coverage_ratio"": 28936, ""whitespace_ratio"": 2068216}","{""bbox_aspect_ratio"": 320, ""bbox_fill_ratio"": 88960, ""ink_coverage_ratio"": 2097152, ""whitespace_ratio"": 2097152}","{""bbox_aspect_ratio"": ""ratio"", ""bbox_fill_ratio"": ""ratio"", ""centroid_x_norm"": ""ratio"", ""centroid_y_norm"": ""ratio"", ""closure_count"": ""count"", ""connected_component_count"": ""count"", ""ink_coverage_ratio"": ""ratio"", ""inter_glyph_spacing_mean_norm"": ""ratio"", ""inter_glyph_spacing_sd_norm"": ""ratio"", ""rhythm_periodicity"": ""ratio"", ""straight_curve_ratio"": ""ratio"", ""symmetry_horizontal"": ""ratio"", ""symmetry_vertical"": ""ratio"", ""unit_area_cv"": ""ratio"", ""unit_height_cv"": ""ratio"", ""unit_width_cv"": ""ratio"", ""whitespace_ratio"": ""ratio""}","{""bbox_aspect_ratio"": ""direct"", ""bbox_fill_ratio"": ""direct"", ""centroid_x_norm"": ""direct"", ""centroid_y_norm"": ""direct"", ""closure_count"": ""direct"", ""connected_component_count"": ""direct"", ""ink_coverage_ratio"": ""direct"", ""inter_glyph_spacing_mean_norm"": ""not_applicable"", ""inter_glyph_spacing_sd_norm"": ""not_applicable"", ""rhythm_periodicity"": ""not_applicable"", ""straight_curve_ratio"": ""protocol_dependent"", ""symmetry_horizontal"": ""direct"", ""symmetry_vertical"": ""direct"", ""unit_area_cv"": ""not_applicable"", ""unit_height_cv"": ""not_applicable"", ""unit_width_cv"": ""not_applicable"", ""whitespace_ratio"": ""direct""}","{""inter_glyph_spacing_mean_norm"": ""MEASURE_NOT_APPLICABLE"", ""inter_glyph_spacing_sd_norm"": ""MEASURE_NOT_APPLICABLE"", ""rhythm_periodicity"": ""MEASURE_NOT_APPLICABLE"", ""unit_area_cv"": ""MEASURE_NOT_APPLICABLE"", ""unit_height_cv"": ""MEASURE_NOT_APPLICABLE"", ""unit_width_cv"": ""MEASURE_NOT_APPLICABLE""}",0.013797760009765625,0.9862022399902344,0.3252697841726619,0.86875,1,2,0.9985542297363281,0.9958839416503906,0.9553136851202756,0.49931356120511644,0.4970477006367501,,,,,,
feat_3cd178af3c7b77383c40,stim_32336080424dfc3e,render_551362ca0ff22f33,1.1.0,raster_grayscale,bbox_height_matched,density|geometry|layout|proportion|reading_rhythm|stroke_gesture|uniformity|visual_center,direct,valid,,4d800e346b040f885277c164e937c2514144ed6292066deb66bb1fc465b2de05,"{""bbox_aspect_ratio"": 278, ""bbox_fill_ratio"": 30999, ""ink_coverage_ratio"": 30999, ""whitespace_ratio"": 2066153}","{""bbox_aspect_ratio"": 320, ""bbox_fill_ratio"": 88960, ""ink_coverage_ratio"": 2097152, ""whitespace_ratio"": 2097152}","{""bbox_aspect_ratio"": ""ratio"", ""bbox_fill_ratio"": ""ratio"", ""centroid_x_norm"": ""ratio"", ""centroid_y_norm"": ""ratio"", ""closure_count"": ""count"", ""connected_component_count"": ""count"", ""ink_coverage_ratio"": ""ratio"", ""inter_glyph_spacing_mean_norm"": ""ratio"", ""inter_glyph_spacing_sd_norm"": ""ratio"", ""rhythm_periodicity"": ""ratio"", ""straight_curve_ratio"": ""ratio"", ""symmetry_horizontal"": ""ratio"", ""symmetry_vertical"": ""ratio"", ""unit_area_cv"": ""ratio"", ""unit_height_cv"": ""ratio"", ""unit_width_cv"": ""ratio"", ""whitespace_ratio"": ""ratio""}","{""bbox_aspect_ratio"": ""direct"", ""bbox_fill_ratio"": ""direct"", ""centroid_x_norm"": ""direct"", ""centroid_y_norm"": ""direct"", ""closure_count"": ""direct"", ""connected_component_count"": ""direct"", ""ink_coverage_ratio"": ""direct"", ""inter_glyph_spacing_mean_norm"": ""not_applicable"", ""inter_glyph_spacing_sd_norm"": ""not_applicable"", ""rhythm_periodicity"": ""not_applicable"", ""straight_curve_ratio"": ""protocol_dependent"", ""symmetry_horizontal"": ""direct"", ""symmetry_vertical"": ""direct"", ""unit_area_cv"": ""not_applicable"", ""unit_height_cv"": ""not_applicable"", ""unit_width_cv"": ""not_applicable"", ""whitespace_ratio"": ""direct""}","{""inter_glyph_spacing_mean_norm"": ""MEASURE_NOT_APPLICABLE"", ""inter_glyph_spacing_sd_norm"": ""MEASURE_NOT_APPLICABLE"", ""rhythm_periodicity"": ""MEASURE_NOT_APPLICABLE"", ""unit_area_cv"": ""MEASURE_NOT_APPLICABLE"", ""unit_height_cv"": ""MEASURE_NOT_APPLICABLE"", ""unit_width_cv"": ""MEASURE_NOT_APPLICABLE""}",0.014781475067138672,0.9852185249328613,0.3484599820143885,0.86875,4,7,0.9987001419067383,0.9953947067260742,0.9339638162306904,0.49917299814610955,0.49706943041509405,,,,,,
feat_b9a46cc75f0cd2f977e0,stim_32f7caf9902568e8,render_551362ca0ff22f33,1.1.0,raster_binary,bbox_height_matched,density|geometry|layout|proportion|reading_rhythm|stroke_gesture|uniformity|visual_center,direct,valid,,4d800e346b040f885277c164e937c2514144ed6292066deb66bb1fc465b2de05,"{""bbox_aspect_ratio"": 308, ""bbox_fill_ratio"": 26646, ""ink_coverage_ratio"": 26646, ""whitespace_ratio"": 2070506}","{""bbox_aspect_ratio"": 320, ""bbox_fill_ratio"": 98560, ""ink_coverage_ratio"": 2097152, ""whitespace_ratio"": 2097152}","{""bbox_aspect_ratio"": ""ratio"", ""bbox_fill_ratio"": ""ratio"", ""centroid_x_norm"": ""ratio"", ""centroid_y_norm"": ""ratio"", ""closure_count"": ""count"", ""connected_component_count"": ""count"", ""ink_coverage_ratio"": ""ratio"", ""inter_glyph_spacing_mean_norm"": ""ratio"", ""inter_glyph_spacing_sd_norm"": ""ratio"", ""rhythm_periodicity"": ""ratio"", ""straight_curve_ratio"": ""ratio"", ""symmetry_horizontal"": ""ratio"", ""symmetry_vertical"": ""ratio"", ""unit_area_cv"": ""ratio"", ""unit_height_cv"": ""ratio"", ""unit_width_cv"": ""ratio"", ""whitespace_ratio"": ""ratio""}","{""bbox_aspect_ratio"": ""direct"", ""bbox_fill_ratio"": ""direct"", ""centroid_x_norm"": ""direct"", ""centroid_y_norm"": ""direct"", ""closure_count"": ""direct"", ""connected_component_count"": ""direct"", ""ink_coverage_ratio"": ""direct"", ""inter_glyph_spacing_mean_norm"": ""not_applicable"", ""inter_glyph_spacing_sd_norm"": ""not_applicable"", ""rhythm_periodicity"": ""not_applicable"", ""straight_curve_ratio"": ""protocol_dependent"", ""symmetry_horizontal"": ""direct"", ""symmetry_vertical"": ""direct"", ""unit_area_cv"": ""not_applicable"", ""unit_height_cv"": ""not_applicable"", ""unit_width_cv"": ""not_applicable"", ""whitespace_ratio"": ""direct""}","{""inter_glyph_spacing_mean_norm"": ""MEASURE_NOT_APPLICABLE"", ""inter_glyph_spacing_sd_norm"": ""MEASURE_NOT_APPLICABLE"", ""rhythm_periodicity"": ""MEASURE_NOT_APPLICABLE"", ""unit_area_cv"": ""MEASURE_NOT_APPLICABLE"", ""unit_height_cv"": ""MEASURE_NOT_APPLICABLE"", ""unit_width_cv"": ""MEASURE_NOT_APPLICABLE""}",0.012705802917480469,0.9872941970825195,0.2703530844155844,0.9625,4,0,0.9853343963623047,0.9855747222900391,0.6791645657368015,0.4962804425382797,0.521347415829299,,,,,,
feat_a44cf2ec1f48e096cfa2,stim_32f7caf9902568e8,render_551362ca0ff22f33,1.1.0,raster_grayscale,bbox_height_matched,density|geometry|layout|proportion|reading_rhythm|stroke_gesture|uniformity|visual_center,direct,valid,,4d800e346b040f885277c164e937c2514144ed6292066deb66bb1fc465b2de05,"{""bbox_aspect_ratio"": 308, ""bbox_fill_ratio"": 29902, ""ink_coverage_ratio"": 29902, ""whitespace_ratio"": 2067250}","{""bbox_aspect_ratio"": 320, ""bbox_fill_ratio"": 98560, ""ink_coverage_ratio"": 2097152, ""whitespace_ratio"": 2097152}","{""bbox_aspect_ratio"": ""ratio"", ""bbox_fill_ratio"": ""ratio"", ""centroid_x_norm"": ""ratio"", ""centroid_y_norm"": ""ratio"", ""closure_count"": ""count"", ""connected_component_count"": ""count"", ""ink_coverage_ratio"": ""ratio"", ""inter_glyph_spacing_mean_norm"": ""ratio"", ""inter_glyph_spacing_sd_norm"": ""ratio"", ""rhythm_periodicity"": ""ratio"", ""straight_curve_ratio"": ""ratio"", ""symmetry_horizontal"": ""ratio"", ""symmetry_vertical"": ""ratio"", ""unit_area_cv"": ""ratio"", ""unit_height_cv"": ""ratio"", ""unit_width_cv"": ""ratio"", ""whitespace_ratio"": ""ratio""}","{""bbox_aspect_ratio"": ""direct"", ""bbox_fill_ratio"": ""direct"", ""centroid_x_norm"": ""direct"", ""centroid_y_norm"": ""direct"", ""closure_count"": ""direct"", ""connected_component_count"": ""direct"", ""ink_coverage_ratio"": ""direct"", ""inter_glyph_spacing_mean_norm"": ""not_applicable"", ""inter_glyph_spacing_sd_norm"": ""not_applicable"", ""rhythm_periodicity"": ""not_applicable"", ""straight_curve_ratio"": ""protocol_dependent"", ""symmetry_horizontal"": ""direct"", ""symmetry_vertical"": ""direct"", ""unit_area_cv"": ""not_applicable"", ""unit_height_cv"": ""not_applicable"", ""unit_width_cv"": ""not_applicable"", ""whitespace_ratio"": ""direct""}","{""inter_glyph_spacing_mean_norm"": ""MEASURE_NOT_APPLICABLE"", ""inter_glyph_spacing_sd_norm"": ""MEASURE_NOT_APPLICABLE"", ""rhythm_periodicity"": ""MEASURE_NOT_APPLICABLE"", ""unit_area_cv"": ""MEASURE_NOT_APPLICABLE"", ""unit_height_cv"": ""MEASURE_NOT_APPLICABLE"", ""unit_width_cv"": ""MEASURE_NOT_APPLICABLE""}",0.014258384704589844,0.9857416152954102,0.3033887987012987,0.9625,25,509,0.9843730926513672,0.9842815399169922,0.3368304371208903,0.4959952838125376,0.5207108847234299,,,,,,
feat_fcd60163cd98be2571a5,stim_363121c97354de28,render_551362ca0ff22f33,1.1.0,raster_binary,bbox_height_matched,density|geometry|layout|proportion|reading_rhythm|stroke_gesture|uniformity|visual_center,protocol_dependent,valid,,4d800e346b040f885277c164e937c2514144ed6292066deb66bb1fc465b2de05,"{""bbox_aspect_ratio"": 1353, ""bbox_fill_ratio"": 103204, ""ink_coverage_ratio"": 103204, ""whitespace_ratio"": 1993948}","{""bbox_aspect_ratio"": 320, ""bbox_fill_ratio"": 432960, ""ink_coverage_ratio"": 2097152, ""whitespace_ratio"": 2097152}","{""bbox_aspect_ratio"": ""ratio"", ""bbox_fill_ratio"": ""ratio"", ""centroid_x_norm"": ""ratio"", ""centroid_y_norm"": ""ratio"", ""closure_count"": ""count"", ""connected_component_count"": ""count"", ""ink_coverage_ratio"": ""ratio"", ""inter_glyph_spacing_mean_norm"": ""ratio"", ""inter_glyph_spacing_sd_norm"": ""ratio"", ""rhythm_periodicity"": ""ratio"", ""straight_curve_ratio"": ""ratio"", ""symmetry_horizontal"": ""ratio"", ""symmetry_vertical"": ""ratio"", ""unit_area_cv"": ""ratio"", ""unit_height_cv"": ""ratio"", ""unit_width_cv"": ""ratio"", ""whitespace_ratio"": ""ratio""}","{""bbox_aspect_ratio"": ""direct"", ""bbox_fill_ratio"": ""direct"", ""centroid_x_norm"": ""direct"", ""centroid_y_norm"": ""direct"", ""closure_count"": ""direct"", ""connected_component_count"": ""direct"", ""ink_coverage_ratio"": ""direct"", ""inter_glyph_spacing_mean_norm"": ""protocol_dependent"", ""inter_glyph_spacing_sd_norm"": ""protocol_dependent"", ""rhythm_periodicity"": ""protocol_dependent"", ""straight_curve_ratio"": ""protocol_dependent"", ""symmetry_horizontal"": ""direct"", ""symmetry_vertical"": ""direct"", ""unit_area_cv"": ""protocol_dependent"", ""unit_height_cv"": ""protocol_dependent"", ""unit_width_cv"": ""protocol_dependent"", ""whitespace_ratio"": ""direct""}","{""rhythm_periodicity"": ""MEASURE_SEQUENCE_TOO_SHORT""}",0.04921150207519531,0.9507884979248047,0.23836844050258685,4.228125,6,5,0.9272365570068359,0.9393043518066406,0.7072022684933803,0.47080155338576996,0.49343119687403103,0.11145833333333333,0.024116326880812968,,0.2176945052263649,0.0517889752966346,0.023061745054748426
feat_1dad0ad33887a70dab44,stim_363121c97354de28,render_551362ca0ff22f33,1.1.0,raster_grayscale,bbox_height_matched,density|geometry|layout|proportion|reading_rhythm|stroke_gesture|uniformity|visual_center,protocol_dependent,valid,,4d800e346b040f885277c164e937c2514144ed6292066deb66bb1fc465b2de05,"{""bbox_aspect_ratio"": 1353, ""bbox_fill_ratio"": 113076, ""ink_coverage_ratio"": 113076, ""whitespace_ratio"": 1984076}","{""bbox_aspect_ratio"": 320, ""bbox_fill_ratio"": 432960, ""ink_coverage_ratio"": 2097152, ""whitespace_ratio"": 2097152}","{""bbox_aspect_ratio"": ""ratio"", ""bbox_fill_ratio"": ""ratio"", ""centroid_x_norm"": ""ratio"", ""centroid_y_norm"": ""ratio"", ""closure_count"": ""count"", ""connected_component_count"": ""count"", ""ink_coverage_ratio"": ""ratio"", ""inter_glyph_spacing_mean_norm"": ""ratio"", ""inter_glyph_spacing_sd_norm"": ""ratio"", ""rhythm_periodicity"": ""ratio"", ""straight_curve_ratio"": ""ratio"", ""symmetry_horizontal"": ""ratio"", ""symmetry_vertical"": ""ratio"", ""unit_area_cv"": ""ratio"", ""unit_height_cv"": ""ratio"", ""unit_width_cv"": ""ratio"", ""whitespace_ratio"": ""ratio""}","{""bbox_aspect_ratio"": ""direct"", ""bbox_fill_ratio"": ""direct"", ""centroid_x_norm"": ""direct"", ""centroid_y_norm"": ""direct"", ""closure_count"": ""direct"", ""connected_component_count"": ""direct"", ""ink_coverage_ratio"": ""direct"", ""inter_glyph_spacing_mean_norm"": ""protocol_dependent"", ""inter_glyph_spacing_sd_norm"": ""protocol_dependent"", ""rhythm_periodicity"": ""protocol_dependent"", ""straight_curve_ratio"": ""protocol_dependent"", ""symmetry_horizontal"": ""direct"", ""symmetry_vertical"": ""direct"", ""unit_area_cv"": ""protocol_dependent"", ""unit_height_cv"": ""protocol_dependent"", ""unit_width_cv"": ""protocol_dependent"", ""whitespace_ratio"": ""direct""}","{""rhythm_periodicity"": ""MEASURE_SEQUENCE_TOO_SHORT""}",0.05391883850097656,0.9460811614990234,0.26116962305986696,4.228125,91,1251,0.922576904296875,0.9347686767578125,0.42202511318778146,0.4706623787596395,0.4934144903787055,0.11145833333333333,0.024116326880812968,,0.21037923598661923,0.0517889752966346,0.023061745054748426
feat_7774f2ba3828470d3f58,stim_3d5a196875f2bae5,render_551362ca0ff22f33,1.1.0,raster_binary,ink_area_matched,density|geometry|layout|proportion|reading_rhythm|stroke_gesture|uniformity|visual_center,direct,valid,,4d800e346b040f885277c164e937c2514144ed6292066deb66bb1fc465b2de05,"{""bbox_aspect_ratio"": 445, ""bbox_fill_ratio"": 104407, ""ink_coverage_ratio"": 104407, ""whitespace_ratio"": 1992745}","{""bbox_aspect_ratio"": 582, ""bbox_fill_ratio"": 258990, ""ink_coverage_ratio"": 2097152, ""whitespace_ratio"": 2097152}","{""bbox_aspect_ratio"": ""ratio"", ""bbox_fill_ratio"": ""ratio"", ""centroid_x_norm"": ""ratio"", ""centroid_y_norm"": ""ratio"", ""closure_count"": ""count"", ""connected_component_count"": ""count"", ""ink_coverage_ratio"": ""ratio"", ""inter_glyph_spacing_mean_norm"": ""ratio"", ""inter_glyph_spacing_sd_norm"": ""ratio"", ""rhythm_periodicity"": ""ratio"", ""straight_curve_ratio"": ""ratio"", ""symmetry_horizontal"": ""ratio"", ""symmetry_vertical"": ""ratio"", ""unit_area_cv"": ""ratio"", ""unit_height_cv"": ""ratio"", ""unit_width_cv"": ""ratio"", ""whitespace_ratio"": ""ratio""}","{""bbox_aspect_ratio"": ""direct"", ""bbox_fill_ratio"": ""direct"", ""centroid_x_norm"": ""direct"", ""centroid_y_norm"": ""direct"", ""closure_count"": ""direct"", ""connected_component_count"": ""direct"", ""ink_coverage_ratio"": ""direct"", ""inter_glyph_spacing_mean_norm"": ""not_applicable"", ""inter_glyph_spacing_sd_norm"": ""not_applicable"", ""rhythm_periodicity"": ""not_applicable"", ""straight_curve_ratio"": ""protocol_dependent"", ""symmetry_horizontal"": ""direct"", ""symmetry_vertical"": ""direct"", ""unit_area_cv"": ""not_applicable"", ""unit_height_cv"": ""not_applicable"", ""unit_width_cv"": ""not_applicable"", ""whitespace_ratio"": ""direct""}","{""inter_glyph_spacing_mean_norm"": ""MEASURE_NOT_APPLICABLE"", ""inter_glyph_spacing_sd_norm"": ""MEASURE_NOT_APPLICABLE"", ""rhythm_periodicity"": ""MEASURE_NOT_APPLICABLE"", ""unit_area_cv"": ""MEASURE_NOT_APPLICABLE"", ""unit_height_cv"": ""MEASURE_NOT_APPLICABLE"", ""unit_width_cv"": ""MEASURE_NOT_APPLICABLE""}",0.04978513717651367,0.9502148628234863,0.4031313950345573,0.7646048109965635,1,0,0.9989519119262695,0.9928712844848633,0.9833391838031852,0.5,0.49724524015690996,,,,,,
feat_fb413152f0bdc942ac20,stim_3d5a196875f2bae5,render_551362ca0ff22f33,1.1.0,raster_grayscale,ink_area_matched,density|geometry|layout|proportion|reading_rhythm|stroke_gesture|uniformity|visual_center,direct,valid,,4d800e346b040f885277c164e937c2514144ed6292066deb66bb1fc465b2de05,"{""bbox_aspect_ratio"": 445, ""bbox_fill_ratio"": 106035, ""ink_coverage_ratio"": 106035, ""whitespace_ratio"": 1991117}","{""bbox_aspect_ratio"": 582, ""bbox_fill_ratio"": 258990, ""ink_coverage_ratio"": 2097152, ""whitespace_ratio"": 2097152}","{""bbox_aspect_ratio"": ""ratio"", ""bbox_fill_ratio"": ""ratio"", ""centroid_x_norm"": ""ratio"", ""centroid_y_norm"": ""ratio"", ""closure_count"": ""count"", ""connected_component_count"": ""count"", ""ink_coverage_ratio"": ""ratio"", ""inter_glyph_spacing_mean_norm"": ""ratio"", ""inter_glyph_spacing_sd_norm"": ""ratio"", ""rhythm_periodicity"": ""ratio"", ""straight_curve_ratio"": ""ratio"", ""symmetry_horizontal"": ""ratio"", ""symmetry_vertical"": ""ratio"", ""unit_area_cv"": ""ratio"", ""unit_height_cv"": ""ratio"", ""unit_width_cv"": ""ratio"", ""whitespace_ratio"": ""ratio""}","{""bbox_aspect_ratio"": ""direct"", ""bbox_fill_ratio"": ""direct"", ""centroid_x_norm"": ""direct"", ""centroid_y_norm"": ""direct"", ""closure_count"": ""direct"", ""connected_component_count"": ""direct"", ""ink_coverage_ratio"": ""direct"", ""inter_glyph_spacing_mean_norm"": ""not_applicable"", ""inter_glyph_spacing_sd_norm"": ""not_applicable"", ""rhythm_periodicity"": ""not_applicable"", ""straight_curve_ratio"": ""protocol_dependent"", ""symmetry_horizontal"": ""direct"", ""symmetry_vertical"": ""direct"", ""unit_area_cv"": ""not_applicable"", ""unit_height_cv"": ""not_applicable"", ""unit_width_cv"": ""not_applicable"", ""whitespace_ratio"": ""direct""}","{""inter_glyph_spacing_mean_norm"": ""MEASURE_NOT_APPLICABLE"", ""inter_glyph_spacing_sd_norm"": ""MEASURE_NOT_APPLICABLE"", ""rhythm_periodicity"": ""MEASURE_NOT_APPLICABLE"", ""unit_area_cv"": ""MEASURE_NOT_APPLICABLE"", ""unit_height_cv"": ""MEASURE_NOT_APPLICABLE"", ""unit_width_cv"": ""MEASURE_NOT_APPLICABLE""}",0.05056142807006836,0.9494385719299316,0.4094173520213136,0.7646048109965635,1,1,0.9989538192749023,0.9929189682006836,0.9783428650347886,0.5,0.49721815762484084,,,,,,
feat_d10fab777c5ed6a7c39e,stim_3dcd996bbad78448,render_551362ca0ff22f33,1.1.0,raster_binary,bbox_height_matched,density|geometry|layout|proportion|reading_rhythm|stroke_gesture|uniformity|visual_center,direct,valid,,4d800e346b040f885277c164e937c2514144ed6292066deb66bb1fc465b2de05,"{""bbox_aspect_ratio"": 197, ""bbox_fill_ratio"": 23928, ""ink_coverage_ratio"": 23928, ""whitespace_ratio"": 2073224}","{""bbox_aspect_ratio"": 320, ""bbox_fill_ratio"": 63040, ""ink_coverage_ratio"": 2097152, ""whitespace_ratio"": 2097152}","{""bbox_aspect_ratio"": ""ratio"", ""bbox_fill_ratio"": ""ratio"", ""centroid_x_norm"": ""ratio"", ""centroid_y_norm"": ""ratio"", ""closure_count"": ""count"", ""connected_component_count"": ""count"", ""ink_coverage_ratio"": ""ratio"", ""inter_glyph_spacing_mean_norm"": ""ratio"", ""inter_glyph_spacing_sd_norm"": ""ratio"", ""rhythm_periodicity"": ""ratio"", ""straight_curve_ratio"": ""ratio"", ""symmetry_horizontal"": ""ratio"", ""symmetry_vertical"": ""ratio"", ""unit_area_cv"": ""ratio"", ""unit_height_cv"": ""ratio"", ""unit_width_cv"": ""ratio"", ""whitespace_ratio"": ""ratio""}","{""bbox_aspect_ratio"": ""direct"", ""bbox_fill_ratio"": ""direct"", ""centroid_x_norm"": ""direct"", ""centroid_y_norm"": ""direct"", ""closure_count"": ""direct"", ""connected_component_count"": ""direct"", ""ink_coverage_ratio"": ""direct"", ""inter_glyph_spacing_mean_norm"": ""not_applicable"", ""inter_glyph_spacing_sd_norm"": ""not_applicable"", ""rhythm_periodicity"": ""not_applicable"", ""straight_curve_ratio"": ""protocol_dependent"", ""symmetry_horizontal"": ""direct"", ""symmetry_vertical"": ""direct"", ""unit_area_cv"": ""not_applicable"", ""unit_height_cv"": ""not_applicable"", ""unit_width_cv"": ""not_applicable"", ""whitespace_ratio"": ""direct""}","{""inter_glyph_spacing_mean_norm"": ""MEASURE_NOT_APPLICABLE"", ""inter_glyph_spacing_sd_norm"": ""MEASURE_NOT_APPLICABLE"", ""rhythm_periodicity"": ""MEASURE_NOT_APPLICABLE"", ""unit_area_cv"": ""MEASURE_NOT_APPLICABLE"", ""unit_height_cv"": ""MEASURE_NOT_APPLICABLE"", ""unit_width_cv"": ""MEASURE_NOT_APPLICABLE""}",0.011409759521484375,0.9885902404785156,0.3795685279187817,0.615625,1,0,0.9878044128417969,0.9877643585205078,0.4607019334011159,0.4998234245379367,0.5014695780048479,,,,,,
feat_73c509f131c3d8aa0ea5,stim_3dcd996bbad78448,render_551362ca0ff22f33,1.1.0,raster_grayscale,bbox_height_matched,density|geometry|layout|proportion|reading_rhythm|stroke_gesture|uniformity|visual_center,direct,valid,,4d800e346b040f885277c164e937c2514144ed6292066deb66bb1fc465b2de05,"{""bbox_aspect_ratio"": 197, ""bbox_fill_ratio"": 25540, ""ink_coverage_ratio"": 25540, ""whitespace_ratio"": 2071612}","{""bbox_aspect_ratio"": 320, ""bbox_fill_ratio"": 63040, ""ink_coverage_ratio"": 2097152, ""whitespace_ratio"": 2097152}","{""bbox_aspect_ratio"": ""ratio"", ""bbox_fill_ratio"": ""ratio"", ""centroid_x_norm"": ""ratio"", ""centroid_y_norm"": ""ratio"", ""closure_count"": ""count"", ""connected_component_count"": ""count"", ""ink_coverage_ratio"": ""ratio"", ""inter_glyph_spacing_mean_norm"": ""ratio"", ""inter_glyph_spacing_sd_norm"": ""ratio"", ""rhythm_periodicity"": ""ratio"", ""straight_curve_ratio"": ""ratio"", ""symmetry_horizontal"": ""ratio"", ""symmetry_vertical"": ""ratio"", ""unit_area_cv"": ""ratio"", ""unit_height_cv"": ""ratio"", ""unit_width_cv"": ""ratio"", ""whitespace_ratio"": ""ratio""}","{""bbox_aspect_ratio"": ""direct"", ""bbox_fill_ratio"": ""direct"", ""centroid_x_norm"": ""direct"", ""centroid_y_norm"": ""direct"", ""closure_count"": ""direct"", ""connected_component_count"": ""direct"", ""ink_coverage_ratio"": ""direct"", ""inter_glyph_spacing_mean_norm"": ""not_applicable"", ""inter_glyph_spacing_sd_norm"": ""not_applicable"", ""rhythm_periodicity"": ""not_applicable"", ""straight_curve_ratio"": ""protocol_dependent"", ""symmetry_horizontal"": ""direct"", ""symmetry_vertical"": ""direct"", ""unit_area_cv"": ""not_applicable"", ""unit_height_cv"": ""not_applicable"", ""unit_width_cv"": ""not_applicable"", ""whitespace_ratio"": ""direct""}","{""inter_glyph_spacing_mean_norm"": ""MEASURE_NOT_APPLICABLE"", ""inter_glyph_spacing_sd_norm"": ""MEASURE_NOT_APPLICABLE"", ""rhythm_periodicity"": ""MEASURE_NOT_APPLICABLE"", ""unit_area_cv"": ""MEASURE_NOT_APPLICABLE"", ""unit_height_cv"": ""MEASURE_NOT_APPLICABLE"", ""unit_width_cv"": ""MEASURE_NOT_APPLICABLE""}",0.012178421020507812,0.9878215789794922,0.4051395939086294,0.615625,69,192,0.9874343872070312,0.9873790740966797,0.4400505078624846,0.49982850889536024,0.5012117175264291,,,,,,
feat_950e0a4889b6eb15c8ac,stim_3fdfe138081efcb8,render_551362ca0ff22f33,1.1.0,raster_binary,bbox_height_matched,density|geometry|layout|proportion|reading_rhythm|stroke_gesture|uniformity|visual_center,protocol_dependent,valid,,4d800e346b040f885277c164e937c2514144ed6292066deb66bb1fc465b2de05,"{""bbox_aspect_ratio"": 1342, ""bbox_fill_ratio"": 108769, ""ink_coverage_ratio"": 108769, ""whitespace_ratio"": 1988383}","{""bbox_aspect_ratio"": 320, ""bbox_fill_ratio"": 429440, ""ink_coverage_ratio"": 2097152, ""whitespace_ratio"": 2097152}","{""bbox_aspect_ratio"": ""ratio"", ""bbox_fill_ratio"": ""ratio"", ""centroid_x_norm"": ""ratio"", ""centroid_y_norm"": ""ratio"", ""closure_count"": ""count"", ""connected_component_count"": ""count"", ""ink_coverage_ratio"": ""ratio"", ""inter_glyph_spacing_mean_norm"": ""ratio"", ""inter_glyph_spacing_sd_norm"": ""ratio"", ""rhythm_periodicity"": ""ratio"", ""straight_curve_ratio"": ""ratio"", ""symmetry_horizontal"": ""ratio"", ""symmetry_vertical"": ""ratio"", ""unit_area_cv"": ""ratio"", ""unit_height_cv"": ""ratio"", ""unit_width_cv"": ""ratio"", ""whitespace_ratio"": ""ratio""}","{""bbox_aspect_ratio"": ""direct"", ""bbox_fill_ratio"": ""direct"", ""centroid_x_norm"": ""direct"", ""centroid_y_norm"": ""direct"", ""closure_count"": ""direct"", ""connected_component_count"": ""direct"", ""ink_coverage_ratio"": ""direct"", ""inter_glyph_spacing_mean_norm"": ""protocol_dependent"", ""inter_glyph_spacing_sd_norm"": ""protocol_dependent"", ""rhythm_periodicity"": ""protocol_dependent"", ""straight_curve_ratio"": ""protocol_dependent"", ""symmetry_horizontal"": ""direct"", ""symmetry_vertical"": ""direct"", ""unit_area_cv"": ""protocol_dependent"", ""unit_height_cv"": ""protocol_dependent"", ""unit_width_cv"": ""protocol_dependent"", ""whitespace_ratio"": ""direct""}","{""rhythm_periodicity"": ""MEASURE_SEQUENCE_TOO_SHORT""}",0.0518651008605957,0.9481348991394043,0.25328101713859913,4.19375,7,2,0.9232187271118164,0.9547204971313477,0.783283122976999,0.5004843487474028,0.5057391553429745,0.15,0.013501543121683042,,0.05421882601697858,0.07980130458530628,0.005143089038668235
feat_af64e29b5a18c8fc9309,stim_3fdfe138081efcb8,render_551362ca0ff22f33,1.1.0,raster_grayscale,bbox_height_matched,density|geometry|layout|proportion|reading_rhythm|stroke_gesture|uniformity|visual_center,protocol_dependent,valid,,4d800e346b040f885277c164e937c2514144ed6292066deb66bb1fc465b2de05,"{""bbox_aspect_ratio"": 1343, ""bbox_fill_ratio"": 119383, ""ink_coverage_ratio"": 119383, ""whitespace_ratio"": 1977769}","{""bbox_aspect_ratio"": 320, ""bbox_fill_ratio"": 429760, ""ink_coverage_ratio"": 2097152, ""whitespace_ratio"": 2097152}","{""bbox_aspect_ratio"": ""ratio"", ""bbox_fill_ratio"": ""ratio"", ""centroid_x_norm"": ""ratio"", ""centroid_y_norm"": ""ratio"", ""closure_count"": ""count"", ""connected_component_count"": ""count"", ""ink_coverage_ratio"": ""ratio"", ""inter_glyph_spacing_mean_norm"": ""ratio"", ""inter_glyph_spacing_sd_norm"": ""ratio"", ""rhythm_periodicity"": ""ratio"", ""straight_curve_ratio"": ""ratio"", ""symmetry_horizontal"": ""ratio"", ""symmetry_vertical"": ""ratio"", ""unit_area_cv"": ""ratio"", ""unit_height_cv"": ""ratio"", ""unit_width_cv"": ""ratio"", ""whitespace_ratio"": ""ratio""}","{""bbox_aspect_ratio"": ""direct"", ""bbox_fill_ratio"": ""direct"", ""centroid_x_norm"": ""direct"", ""centroid_y_norm"": ""direct"", ""closure_count"": ""direct"", ""connected_component_count"": ""direct"", ""ink_coverage_ratio"": ""direct"", ""inter_glyph_spacing_mean_norm"": ""protocol_dependent"", ""inter_glyph_spacing_sd_norm"": ""protocol_dependent"", ""rhythm_periodicity"": ""protocol_dependent"", ""straight_curve_ratio"": ""protocol_dependent"", ""symmetry_horizontal"": ""direct"", ""symmetry_vertical"": ""direct"", ""unit_area_cv"": ""protocol_dependent"", ""unit_height_cv"": ""protocol_dependent"", ""unit_width_cv"": ""protocol_dependent"", ""whitespace_ratio"": ""direct""}","{""rhythm_periodicity"": ""MEASURE_SEQUENCE_TOO_SHORT""}",0.05692625045776367,0.9430737495422363,0.2777899292628444,4.196875,83,1015,0.9192800521850586,0.9521379470825195,0.4927431780944431,0.49799619531387423,0.5054721709094888,0.15,0.013501543121683042,,0.06695748547001334,0.07980130458530628,0.005143089038668235
feat_5596d328f03e7a7558cb,stim_43e4de4c0226c52b,render_551362ca0ff22f33,1.1.0,raster_binary,bbox_height_matched,density|geometry|layout|proportion|reading_rhythm|stroke_gesture|uniformity|visual_center,direct,valid,,4d800e346b040f885277c164e937c2514144ed6292066deb66bb1fc465b2de05,"{""bbox_aspect_ratio"": 329, ""bbox_fill_ratio"": 20285, ""ink_coverage_ratio"": 20285, ""whitespace_ratio"": 2076867}","{""bbox_aspect_ratio"": 320, ""bbox_fill_ratio"": 105280, ""ink_coverage_ratio"": 2097152, ""whitespace_ratio"": 2097152}","{""bbox_aspect_ratio"": ""ratio"", ""bbox_fill_ratio"": ""ratio"", ""centroid_x_norm"": ""ratio"", ""centroid_y_norm"": ""ratio"", ""closure_count"": ""count"", ""connected_component_count"": ""count"", ""ink_coverage_ratio"": ""ratio"", ""inter_glyph_spacing_mean_norm"": ""ratio"", ""inter_glyph_spacing_sd_norm"": ""ratio"", ""rhythm_periodicity"": ""ratio"", ""straight_curve_ratio"": ""ratio"", ""symmetry_horizontal"": ""ratio"", ""symmetry_vertical"": ""ratio"", ""unit_area_cv"": ""ratio"", ""unit_height_cv"": ""ratio"", ""unit_width_cv"": ""ratio"", ""whitespace_ratio"": ""ratio""}","{""bbox_aspect_ratio"": ""direct"", ""bbox_fill_ratio"": ""direct"", ""centroid_x_norm"": ""direct"", ""centroid_y_norm"": ""direct"", ""closure_count"": ""direct"", ""connected_component_count"": ""direct"", ""ink_coverage_ratio"": ""direct"", ""inter_glyph_spacing_mean_norm"": ""not_applicable"", ""inter_glyph_spacing_sd_norm"": ""not_applicable"", ""rhythm_periodicity"": ""not_applicable"", ""straight_curve_ratio"": ""protocol_dependent"", ""symmetry_horizontal"": ""direct"", ""symmetry_vertical"": ""direct"", ""unit_area_cv"": ""not_applicable"", ""unit_height_cv"": ""not_applicable"", ""unit_width_cv"": ""not_applicable"", ""whitespace_ratio"": ""direct""}","{""inter_glyph_spacing_mean_norm"": ""MEASURE_NOT_APPLICABLE"", ""inter_glyph_spacing_sd_norm"": ""MEASURE_NOT_APPLICABLE"", ""rhythm_periodicity"": ""MEASURE_NOT_APPLICABLE"", ""unit_area_cv"": ""MEASURE_NOT_APPLICABLE"", ""unit_height_cv"": ""MEASURE_NOT_APPLICABLE"", ""unit_width_cv"": ""MEASURE_NOT_APPLICABLE""}",0.00967264175415039,0.9903273582458496,0.1926766717325228,1.028125,3,0,0.9889516830444336,0.9878683090209961,0.603652840365692,0.502565757294491,0.5117763279516885,,,,,,
feat_425cface0b09213f222e,stim_43e4de4c0226c52b,render_551362ca0ff22f33,1.1.0,raster_grayscale,bbox_height_matched,density|geometry|layout|proportion|reading_rhythm|stroke_gesture|uniformity|visual_center,direct,valid,,4d800e346b040f885277c164e937c2514144ed6292066deb66bb1fc465b2de05,"{""bbox_aspect_ratio"": 329, ""bbox_fill_ratio"": 23508, ""ink_coverage_ratio"": 23508, ""whitespace_ratio"": 2073644}","{""bbox_aspect_ratio"": 320, ""bbox_fill_ratio"": 105280, ""ink_coverage_ratio"": 2097152, ""whitespace_ratio"": 2097152}","{""bbox_aspect_ratio"": ""ratio"", ""bbox_fill_ratio"": ""ratio"", ""centroid_x_norm"": ""ratio"", ""centroid_y_norm"": ""ratio"", ""closure_count"": ""count"", ""connected_component_count"": ""count"", ""ink_coverage_ratio"": ""ratio"", ""inter_glyph_spacing_mean_norm"": ""ratio"", ""inter_glyph_spacing_sd_norm"": ""ratio"", ""rhythm_periodicity"": ""ratio"", ""straight_curve_ratio"": ""ratio"", ""symmetry_horizontal"": ""ratio"", ""symmetry_vertical"": ""ratio"", ""unit_area_cv"": ""ratio"", ""unit_height_cv"": ""ratio"", ""unit_width_cv"": ""ratio"", ""whitespace_ratio"": ""ratio""}","{""bbox_aspect_ratio"": ""direct"", ""bbox_fill_ratio"": ""direct"", ""centroid_x_norm"": ""direct"", ""centroid_y_norm"": ""direct"", ""closure_count"": ""direct"", ""connected_component_count"": ""direct"", ""ink_coverage_ratio"": ""direct"", ""inter_glyph_spacing_mean_norm"": ""not_applicable"", ""inter_glyph_spacing_sd_norm"": ""not_applicable"", ""rhythm_periodicity"": ""not_applicable"", ""straight_curve_ratio"": ""protocol_dependent"", ""symmetry_horizontal"": ""direct"", ""symmetry_vertical"": ""direct"", ""unit_area_cv"": ""not_applicable"", ""unit_height_cv"": ""not_applicable"", ""unit_width_cv"": ""not_applicable"", ""whitespace_ratio"": ""direct""}","{""inter_glyph_spacing_mean_norm"": ""MEASURE_NOT_APPLICABLE"", ""inter_glyph_spacing_sd_norm"": ""MEASURE_NOT_APPLICABLE"", ""rhythm_periodicity"": ""MEASURE_NOT_APPLICABLE"", ""unit_area_cv"": ""MEASURE_NOT_APPLICABLE"", ""unit_height_cv"": ""MEASURE_NOT_APPLICABLE"", ""unit_width_cv"": ""MEASURE_NOT_APPLICABLE""}",0.011209487915039062,0.9887905120849609,0.223290273556231,1.028125,43,550,0.9880599975585938,0.9861640930175781,0.29095785172553124,0.501546244729188,0.5116678614062234,,,,,,
feat_ecb120e83a032db54f41,stim_45af50bb6caa76cd,render_551362ca0ff22f33,1.1.0,raster_binary,ink_area_matched,density|geometry|layout|proportion|reading_rhythm|stroke_gesture|uniformity|visual_center,direct,valid,,4d800e346b040f885277c164e937c2514144ed6292066deb66bb1fc465b2de05,"{""bbox_aspect_ratio"": 915, ""bbox_fill_ratio"": 104879, ""ink_coverage_ratio"": 104879, ""whitespace_ratio"": 1992273}","{""bbox_aspect_ratio"": 885, ""bbox_fill_ratio"": 809775, ""ink_coverage_ratio"": 2097152, ""whitespace_ratio"": 2097152}","{""bbox_aspect_ratio"": ""ratio"", ""bbox_fill_ratio"": ""ratio"", ""centroid_x_norm"": ""ratio"", ""centroid_y_norm"": ""ratio"", ""closure_count"": ""count"", ""connected_component_count"": ""count"", ""ink_coverage_ratio"": ""ratio"", ""inter_glyph_spacing_mean_norm"": ""ratio"", ""inter_glyph_spacing_sd_norm"": ""ratio"", ""rhythm_periodicity"": ""ratio"", ""straight_curve_ratio"": ""ratio"", ""symmetry_horizontal"": ""ratio"", ""symmetry_vertical"": ""ratio"", ""unit_area_cv"": ""ratio"", ""unit_height_cv"": ""ratio"", ""unit_width_cv"": ""ratio"", ""whitespace_ratio"": ""ratio""}","{""bbox_aspect_ratio"": ""direct"", ""bbox_fill_ratio"": ""direct"", ""centroid_x_norm"": ""direct"", ""centroid_y_norm"": ""direct"", ""closure_count"": ""direct"", ""connected_component_count"": ""direct"", ""ink_coverage_ratio"": ""direct"", ""inter_glyph_spacing_mean_norm"": ""not_applicable"", ""inter_glyph_spacing_sd_norm"": ""not_applicable"", ""rhythm_periodicity"": ""not_applicable"", ""straight_curve_ratio"": ""protocol_dependent"", ""symmetry_horizontal"": ""direct"", ""symmetry_vertical"": ""direct"", ""unit_area_cv"": ""not_applicable"", ""unit_height_cv"": ""not_applicable"", ""unit_width_cv"": ""not_applicable"", ""whitespace_ratio"": ""direct""}","{""inter_glyph_spacing_mean_norm"": ""MEASURE_NOT_APPLICABLE"", ""inter_glyph_spacing_sd_norm"": ""MEASURE_NOT_APPLICABLE"", ""rhythm_periodicity"": ""MEASURE_NOT_APPLICABLE"", ""unit_area_cv"": ""MEASURE_NOT_APPLICABLE"", ""unit_height_cv"": ""MEASURE_NOT_APPLICABLE"", ""unit_width_cv"": ""MEASURE_NOT_APPLICABLE""}",0.05001020431518555,0.9499897956848145,0.12951622364236978,1.0338983050847457,1,0,0.9596376419067383,0.9091329574584961,0.5406392673850906,0.5120996949460808,0.5647057412589747,,,,,,
feat_8310a7a785676632d33c,stim_45af50bb6caa76cd,render_551362ca0ff22f33,1.1.0,raster_grayscale,ink_area_matched,density|geometry|layout|proportion|reading_rhythm|stroke_gesture|uniformity|visual_center,direct,valid,,4d800e346b040f885277c164e937c2514144ed6292066deb66bb1fc465b2de05,"{""bbox_aspect_ratio"": 915, ""bbox_fill_ratio"": 110616, ""ink_coverage_ratio"": 110616, ""whitespace_ratio"": 1986536}","{""bbox_aspect_ratio"": 885, ""bbox_fill_ratio"": 809775, ""ink_coverage_ratio"": 2097152, ""whitespace_ratio"": 2097152}","{""bbox_aspect_ratio"": ""ratio"", ""bbox_fill_ratio"": ""ratio"", ""centroid_x_norm"": ""ratio"", ""centroid_y_norm"": ""ratio"", ""closure_count"": ""count"", ""connected_component_count"": ""count"", ""ink_coverage_ratio"": ""ratio"", ""inter_glyph_spacing_mean_norm"": ""ratio"", ""inter_glyph_spacing_sd_norm"": ""ratio"", ""rhythm_periodicity"": ""ratio"", ""straight_curve_ratio"": ""ratio"", ""symmetry_horizontal"": ""ratio"", ""symmetry_vertical"": ""ratio"", ""unit_area_cv"": ""ratio"", ""unit_height_cv"": ""ratio"", ""unit_width_cv"": ""ratio"", ""whitespace_ratio"": ""ratio""}","{""bbox_aspect_ratio"": ""direct"", ""bbox_fill_ratio"": ""direct"", ""centroid_x_norm"": ""direct"", ""centroid_y_norm"": ""direct"", ""closure_count"": ""direct"", ""connected_component_count"": ""direct"", ""ink_coverage_ratio"": ""direct"", ""inter_glyph_spacing_mean_norm"": ""not_applicable"", ""inter_glyph_spacing_sd_norm"": ""not_applicable"", ""rhythm_periodicity"": ""not_applicable"", ""straight_curve_ratio"": ""protocol_dependent"", ""symmetry_horizontal"": ""direct"", ""symmetry_vertical"": ""direct"", ""unit_area_cv"": ""not_applicable"", ""unit_height_cv"": ""not_applicable"", ""unit_width_cv"": ""not_applicable"", ""whitespace_ratio"": ""direct""}","{""inter_glyph_spacing_mean_norm"": ""MEASURE_NOT_APPLICABLE"", ""inter_glyph_spacing_sd_norm"": ""MEASURE_NOT_APPLICABLE"", ""rhythm_periodicity"": ""MEASURE_NOT_APPLICABLE"", ""unit_area_cv"": ""MEASURE_NOT_APPLICABLE"", ""unit_height_cv"": ""MEASURE_NOT_APPLICABLE"", ""unit_width_cv"": ""MEASURE_NOT_APPLICABLE""}",0.052745819091796875,0.9472541809082031,0.13660090765953506,1.0338983050847457,79,693,0.9594135284423828,0.9047222137451172,0.5245401956254763,0.5112734983806592,0.5646485328467401,,,,,,
feat_6c660d21eb565f29242d,stim_47db8831dda891f1,render_551362ca0ff22f33,1.1.0,raster_binary,bbox_height_matched,density|geometry|layout|proportion|reading_rhythm|stroke_gesture|uniformity|visual_center,direct,valid,,4d800e346b040f885277c164e937c2514144ed6292066deb66bb1fc465b2de05,"{""bbox_aspect_ratio"": 323, ""bbox_fill_ratio"": 17660, ""ink_coverage_ratio"": 17660, ""whitespace_ratio"": 2079492}","{""bbox_aspect_ratio"": 320, ""bbox_fill_ratio"": 103360, ""ink_coverage_ratio"": 2097152, ""whitespace_ratio"": 2097152}","{""bbox_aspect_ratio"": ""ratio"", ""bbox_fill_ratio"": ""ratio"", ""centroid_x_norm"": ""ratio"", ""centroid_y_norm"": ""ratio"", ""closure_count"": ""count"", ""connected_component_count"": ""count"", ""ink_coverage_ratio"": ""ratio"", ""inter_glyph_spacing_mean_norm"": ""ratio"", ""inter_glyph_spacing_sd_norm"": ""ratio"", ""rhythm_periodicity"": ""ratio"", ""straight_curve_ratio"": ""ratio"", ""symmetry_horizontal"": ""ratio"", ""symmetry_vertical"": ""ratio"", ""unit_area_cv"": ""ratio"", ""unit_height_cv"": ""ratio"", ""unit_width_cv"": ""ratio"", ""whitespace_ratio"": ""ratio""}","{""bbox_aspect_ratio"": ""direct"", ""bbox_fill_ratio"": ""direct"", ""centroid_x_norm"": ""direct"", ""centroid_y_norm"": ""direct"", ""closure_count"": ""direct"", ""connected_component_count"": ""direct"", ""ink_coverage_ratio"": ""direct"", ""inter_glyph_spacing_mean_norm"": ""not_applicable"", ""inter_glyph_spacing_sd_norm"": ""not_applicable"", ""rhythm_periodicity"": ""not_applicable"", ""straight_curve_ratio"": ""protocol_dependent"", ""symmetry_horizontal"": ""direct"", ""symmetry_vertical"": ""direct"", ""unit_area_cv"": ""not_applicable"", ""unit_height_cv"": ""not_applicable"", ""unit_width_cv"": ""not_applicable"", ""whitespace_ratio"": ""direct""}","{""inter_glyph_spacing_mean_norm"": ""MEASURE_NOT_APPLICABLE"", ""inter_glyph_spacing_sd_norm"": ""MEASURE_NOT_APPLICABLE"", ""rhythm_periodicity"": ""MEASURE_NOT_APPLICABLE"", ""unit_area_cv"": ""MEASURE_NOT_APPLICABLE"", ""unit_height_cv"": ""MEASURE_NOT_APPLICABLE"", ""unit_width_cv"": ""MEASURE_NOT_APPLICABLE""}",0.008420944213867188,0.9915790557861328,0.170859133126935,1.009375,1,0,0.9985771179199219,0.9853591918945312,0.48968379684902685,0.49878767452045586,0.5273485609251133,,,,,,
feat_2da684fd47d1322d8d82,stim_47db8831dda891f1,render_551362ca0ff22f33,1.1.0,raster_grayscale,bbox_height_matched,density|geometry|layout|proportion|reading_rhythm|stroke_gesture|uniformity|visual_center,direct,valid,,4d800e346b040f885277c164e937c2514144ed6292066deb66bb1fc465b2de05,"{""bbox_aspect_ratio"": 323, ""bbox_fill_ratio"": 19349, ""ink_coverage_ratio"": 19349, ""whitespace_ratio"": 2077803}","{""bbox_aspect_ratio"": 320, ""bbox_fill_ratio"": 103360, ""ink_coverage_ratio"": 2097152, ""whitespace_ratio"": 2097152}","{""bbox_aspect_ratio"": ""ratio"", ""bbox_fill_ratio"": ""ratio"", ""centroid_x_norm"": ""ratio"", ""centroid_y_norm"": ""ratio"", ""closure_count"": ""count"", ""connected_component_count"": ""count"", ""ink_coverage_ratio"": ""ratio"", ""inter_glyph_spacing_mean_norm"": ""ratio"", ""inter_glyph_spacing_sd_norm"": ""ratio"", ""rhythm_periodicity"": ""ratio"", ""straight_curve_ratio"": ""ratio"", ""symmetry_horizontal"": ""ratio"", ""symmetry_vertical"": ""ratio"", ""unit_area_cv"": ""ratio"", ""unit_height_cv"": ""ratio"", ""unit_width_cv"": ""ratio"", ""whitespace_ratio"": ""ratio""}","{""bbox_aspect_ratio"": ""direct"", ""bbox_fill_ratio"": ""direct"", ""centroid_x_norm"": ""direct"", ""centroid_y_norm"": ""direct"", ""closure_count"": ""direct"", ""connected_component_count"": ""direct"", ""ink_coverage_ratio"": ""direct"", ""inter_glyph_spacing_mean_norm"": ""not_applicable"", ""inter_glyph_spacing_sd_norm"": ""not_applicable"", ""rhythm_periodicity"": ""not_applicable"", ""straight_curve_ratio"": ""protocol_dependent"", ""symmetry_horizontal"": ""direct"", ""symmetry_vertical"": ""direct"", ""unit_area_cv"": ""not_applicable"", ""unit_height_cv"": ""not_applicable"", ""unit_width_cv"": ""not_applicable"", ""whitespace_ratio"": ""direct""}","{""inter_glyph_spacing_mean_norm"": ""MEASURE_NOT_APPLICABLE"", ""inter_glyph_spacing_sd_norm"": ""MEASURE_NOT_APPLICABLE"", ""rhythm_periodicity"": ""MEASURE_NOT_APPLICABLE"", ""unit_area_cv"": ""MEASURE_NOT_APPLICABLE"", ""unit_height_cv"": ""MEASURE_NOT_APPLICABLE"", ""unit_width_cv"": ""MEASURE_NOT_APPLICABLE""}",0.009226322174072266,0.9907736778259277,0.1872000773993808,1.009375,22,374,0.9983301162719727,0.9842004776000977,0.3087082326335695,0.49884275148263474,0.5279122548322911,,,,,,
feat_9bccf9aac591a49bc09e,stim_48d3e2d63f591480,render_551362ca0ff22f33,1.1.0,raster_binary,bbox_height_matched,density|geometry|layout|proportion|reading_rhythm|stroke_gesture|uniformity|visual_center,direct,valid,,4d800e346b040f885277c164e937c2514144ed6292066deb66bb1fc465b2de05,"{""bbox_aspect_ratio"": 303, ""bbox_fill_ratio"": 21289, ""ink_coverage_ratio"": 21289, ""whitespace_ratio"": 2075863}","{""bbox_aspect_ratio"": 320, ""bbox_fill_ratio"": 96960, ""ink_coverage_ratio"": 2097152, ""whitespace_ratio"": 2097152}","{""bbox_aspect_ratio"": ""ratio"", ""bbox_fill_ratio"": ""ratio"", ""centroid_x_norm"": ""ratio"", ""centroid_y_norm"": ""ratio"", ""closure_count"": ""count"", ""connected_component_count"": ""count"", ""ink_coverage_ratio"": ""ratio"", ""inter_glyph_spacing_mean_norm"": ""ratio"", ""inter_glyph_spacing_sd_norm"": ""ratio"", ""rhythm_periodicity"": ""ratio"", ""straight_curve_ratio"": ""ratio"", ""symmetry_horizontal"": ""ratio"", ""symmetry_vertical"": ""ratio"", ""unit_area_cv"": ""ratio"", ""unit_height_cv"": ""ratio"", ""unit_width_cv"": ""ratio"", ""whitespace_ratio"": ""ratio""}","{""bbox_aspect_ratio"": ""direct"", ""bbox_fill_ratio"": ""direct"", ""centroid_x_norm"": ""direct"", ""centroid_y_norm"": ""direct"", ""closure_count"": ""direct"", ""connected_component_count"": ""direct"", ""ink_coverage_ratio"": ""direct"", ""inter_glyph_spacing_mean_norm"": ""not_applicable"", ""inter_glyph_spacing_sd_norm"": ""not_applicable"", ""rhythm_periodicity"": ""not_applicable"", ""straight_curve_ratio"": ""protocol_dependent"", ""symmetry_horizontal"": ""direct"", ""symmetry_vertical"": ""direct"", ""unit_area_cv"": ""not_applicable"", ""unit_height_cv"": ""not_applicable"", ""unit_width_cv"": ""not_applicable"", ""whitespace_ratio"": ""direct""}","{""inter_glyph_spacing_mean_norm"": ""MEASURE_NOT_APPLICABLE"", ""inter_glyph_spacing_sd_norm"": ""MEASURE_NOT_APPLICABLE"", ""rhythm_periodicity"": ""MEASURE_NOT_APPLICABLE"", ""unit_area_cv"": ""MEASURE_NOT_APPLICABLE"", ""unit_height_cv"": ""MEASURE_NOT_APPLICABLE"", ""unit_width_cv"": ""MEASURE_NOT_APPLICABLE""}",0.010151386260986328,0.9898486137390137,0.2195647689768977,0.946875,2,0,0.9837255477905273,0.9902944564819336,0.7208123000383468,0.5077297933351731,0.49760178195018556,,,,,,
feat_7e65626b10b0ec26e265,stim_48d3e2d63f591480,render_551362ca0ff22f33,1.1.0,raster_grayscale,bbox_height_matched,density|geometry|layout|proportion|reading_rhythm|stroke_gesture|uniformity|visual_center,direct,valid,,4d800e346b040f885277c164e937c2514144ed6292066deb66bb1fc465b2de05,"{""bbox_aspect_ratio"": 303, ""bbox_fill_ratio"": 23441, ""ink_coverage_ratio"": 23441, ""whitespace_ratio"": 2073711}","{""bbox_aspect_ratio"": 320, ""bbox_fill_ratio"": 96960, ""ink_coverage_ratio"": 2097152, ""whitespace_ratio"": 2097152}","{""bbox_aspect_ratio"": ""ratio"", ""bbox_fill_ratio"": ""ratio"", ""centroid_x_norm"": ""ratio"", ""centroid_y_norm"": ""ratio"", ""closure_count"": ""count"", ""connected_component_count"": ""count"", ""ink_coverage_ratio"": ""ratio"", ""inter_glyph_spacing_mean_norm"": ""ratio"", ""inter_glyph_spacing_sd_norm"": ""ratio"", ""rhythm_periodicity"": ""ratio"", ""straight_curve_ratio"": ""ratio"", ""symmetry_horizontal"": ""ratio"", ""symmetry_vertical"": ""ratio"", ""unit_area_cv"": ""ratio"", ""unit_height_cv"": ""ratio"", ""unit_width_cv"": ""ratio"", ""whitespace_ratio"": ""ratio""}","{""bbox_aspect_ratio"": ""direct"", ""bbox_fill_ratio"": ""direct"", ""centroid_x_norm"": ""direct"", ""centroid_y_norm"": ""direct"", ""closure_count"": ""direct"", ""connected_component_count"": ""direct"", ""ink_coverage_ratio"": ""direct"", ""inter_glyph_spacing_mean_norm"": ""not_applicable"", ""inter_glyph_spacing_sd_norm"": ""not_applicable"", ""rhythm_periodicity"": ""not_applicable"", ""straight_curve_ratio"": ""protocol_dependent"", ""symmetry_horizontal"": ""direct"", ""symmetry_vertical"": ""direct"", ""unit_area_cv"": ""not_applicable"", ""unit_height_cv"": ""not_applicable"", ""unit_width_cv"": ""not_applicable"", ""whitespace_ratio"": ""direct""}","{""inter_glyph_spacing_mean_norm"": ""MEASURE_NOT_APPLICABLE"", ""inter_glyph_spacing_sd_norm"": ""MEASURE_NOT_APPLICABLE"", ""rhythm_periodicity"": ""MEASURE_NOT_APPLICABLE"", ""unit_area_cv"": ""MEASURE_NOT_APPLICABLE"", ""unit_height_cv"": ""MEASURE_NOT_APPLICABLE"", ""unit_width_cv"": ""MEASURE_NOT_APPLICABLE""}",0.011177539825439453,0.9888224601745605,0.24175948844884487,0.946875,12,248,0.9829301834106445,0.9895391464233398,0.4366511293099126,0.5077930237417879,0.4977418788794207,,,,,,
feat_abe91bb024b59bf897a2,stim_4e411d913d9b253a,render_551362ca0ff22f33,1.1.0,raster_binary,ink_area_matched,density|geometry|layout|proportion|reading_rhythm|stroke_gesture|uniformity|visual_center,protocol_dependent,valid,,4d800e346b040f885277c164e937c2514144ed6292066deb66bb1fc465b2de05,"{""bbox_aspect_ratio"": 1286, ""bbox_fill_ratio"": 104872, ""ink_coverage_ratio"": 104872, ""whitespace_ratio"": 1992280}","{""bbox_aspect_ratio"": 326, ""bbox_fill_ratio"": 419236, ""ink_coverage_ratio"": 2097152, ""whitespace_ratio"": 2097152}","{""bbox_aspect_ratio"": ""ratio"", ""bbox_fill_ratio"": ""ratio"", ""centroid_x_norm"": ""ratio"", ""centroid_y_norm"": ""ratio"", ""closure_count"": ""count"", ""connected_component_count"": ""count"", ""ink_coverage_ratio"": ""ratio"", ""inter_glyph_spacing_mean_norm"": ""ratio"", ""inter_glyph_spacing_sd_norm"": ""ratio"", ""rhythm_periodicity"": ""ratio"", ""straight_curve_ratio"": ""ratio"", ""symmetry_horizontal"": ""ratio"", ""symmetry_vertical"": ""ratio"", ""unit_area_cv"": ""ratio"", ""unit_height_cv"": ""ratio"", ""unit_width_cv"": ""ratio"", ""whitespace_ratio"": ""ratio""}","{""bbox_aspect_ratio"": ""direct"", ""bbox_fill_ratio"": ""direct"", ""centroid_x_norm"": ""direct"", ""centroid_y_norm"": ""direct"", ""closure_count"": ""direct"", ""connected_component_count"": ""direct"", ""ink_coverage_ratio"": ""direct"", ""inter_glyph_spacing_mean_norm"": ""protocol_dependent"", ""inter_glyph_spacing_sd_norm"": ""protocol_dependent"", ""rhythm_periodicity"": ""protocol_dependent"", ""straight_curve_ratio"": ""protocol_dependent"", ""symmetry_horizontal"": ""direct"", ""symmetry_vertical"": ""direct"", ""unit_area_cv"": ""protocol_dependent"", ""unit_height_cv"": ""protocol_dependent"", ""unit_width_cv"": ""protocol_dependent"", ""whitespace_ratio"": ""direct""}","{""rhythm_periodicity"": ""MEASURE_SEQUENCE_TOO_SHORT""}",0.050006866455078125,0.9499931335449219,0.2501502733543875,3.9447852760736195,8,3,0.9236660003662109,0.9589366912841797,0.8480614407689189,0.4882567362996677,0.48192576240261936,0.09918200408997956,0.021301295149283903,,0.09558632606021837,0.024649875340206635,0.0
feat_9fe2e13d0f3d6f688e3e,stim_4e411d913d9b253a,render_551362ca0ff22f33,1.1.0,raster_grayscale,ink_area_matched,density|geometry|layout|proportion|reading_rhythm|stroke_gesture|uniformity|visual_center,protocol_dependent,valid,,4d800e346b040f885277c164e937c2514144ed6292066deb66bb1fc465b2de05,"{""bbox_aspect_ratio"": 1286, ""bbox_fill_ratio"": 114633, ""ink_coverage_ratio"": 114633, ""whitespace_ratio"": 1982519}","{""bbox_aspect_ratio"": 326, ""bbox_fill_ratio"": 419236, ""ink_coverage_ratio"": 2097152, ""whitespace_ratio"": 2097152}","{""bbox_aspect_ratio"": ""ratio"", ""bbox_fill_ratio"": ""ratio"", ""centroid_x_norm"": ""ratio"", ""centroid_y_norm"": ""ratio"", ""closure_count"": ""count"", ""connected_component_count"": ""count"", ""ink_coverage_ratio"": ""ratio"", ""inter_glyph_spacing_mean_norm"": ""ratio"", ""inter_glyph_spacing_sd_norm"": ""ratio"", ""rhythm_periodicity"": ""ratio"", ""straight_curve_ratio"": ""ratio"", ""symmetry_horizontal"": ""ratio"", ""symmetry_vertical"": ""ratio"", ""unit_area_cv"": ""ratio"", ""unit_height_cv"": ""ratio"", ""unit_width_cv"": ""ratio"", ""whitespace_ratio"": ""ratio""}","{""bbox_aspect_ratio"": ""direct"", ""bbox_fill_ratio"": ""direct"", ""centroid_x_norm"": ""direct"", ""centroid_y_norm"": ""direct"", ""closure_count"": ""direct"", ""connected_component_count"": ""direct"", ""ink_coverage_ratio"": ""direct"", ""inter_glyph_spacing_mean_norm"": ""protocol_dependent"", ""inter_glyph_spacing_sd_norm"": ""protocol_dependent"", ""rhythm_periodicity"": ""protocol_dependent"", ""straight_curve_ratio"": ""protocol_dependent"", ""symmetry_horizontal"": ""direct"", ""symmetry_vertical"": ""direct"", ""unit_area_cv"": ""protocol_dependent"", ""unit_height_cv"": ""protocol_dependent"", ""unit_width_cv"": ""protocol_dependent"", ""whitespace_ratio"": ""direct""}","{""rhythm_periodicity"": ""MEASURE_SEQUENCE_TOO_SHORT""}",0.05466127395629883,0.9453387260437012,0.27343310211909283,3.9447852760736195,89,441,0.9189767837524414,0.9559793472290039,0.642171767437441,0.4883637185150109,0.4819138764442831,0.09918200408997956,0.021301295149283903,,0.09162258242372835,0.024649875340206635,0.0
feat_aa60458846e6fabe66cc,stim_503c9c44d1146e07,render_551362ca0ff22f33,1.1.0,raster_binary,ink_area_matched,density|geometry|layout|proportion|reading_rhythm|stroke_gesture|uniformity|visual_center,direct,valid,,4d800e346b040f885277c164e937c2514144ed6292066deb66bb1fc465b2de05,"{""bbox_aspect_ratio"": 479, ""bbox_fill_ratio"": 104825, ""ink_coverage_ratio"": 104825, ""whitespace_ratio"": 1992327}","{""bbox_aspect_ratio"": 480, ""bbox_fill_ratio"": 229920, ""ink_coverage_ratio"": 2097152, ""whitespace_ratio"": 2097152}","{""bbox_aspect_ratio"": ""ratio"", ""bbox_fill_ratio"": ""ratio"", ""centroid_x_norm"": ""ratio"", ""centroid_y_norm"": ""ratio"", ""closure_count"": ""count"", ""connected_component_count"": ""count"", ""ink_coverage_ratio"": ""ratio"", ""inter_glyph_spacing_mean_norm"": ""ratio"", ""inter_glyph_spacing_sd_norm"": ""ratio"", ""rhythm_periodicity"": ""ratio"", ""straight_curve_ratio"": ""ratio"", ""symmetry_horizontal"": ""ratio"", ""symmetry_vertical"": ""ratio"", ""unit_area_cv"": ""ratio"", ""unit_height_cv"": ""ratio"", ""unit_width_cv"": ""ratio"", ""whitespace_ratio"": ""ratio""}","{""bbox_aspect_ratio"": ""direct"", ""bbox_fill_ratio"": ""direct"", ""centroid_x_norm"": ""direct"", ""centroid_y_norm"": ""direct"", ""closure_count"": ""direct"", ""connected_component_count"": ""direct"", ""ink_coverage_ratio"": ""direct"", ""inter_glyph_spacing_mean_norm"": ""not_applicable"", ""inter_glyph_spacing_sd_norm"": ""not_applicable"", ""rhythm_periodicity"": ""not_applicable"", ""straight_curve_ratio"": ""protocol_dependent"", ""symmetry_horizontal"": ""direct"", ""symmetry_vertical"": ""direct"", ""unit_area_cv"": ""not_applicable"", ""unit_height_cv"": ""not_applicable"", ""unit_width_cv"": ""not_applicable"", ""whitespace_ratio"": ""direct""}","{""inter_glyph_spacing_mean_norm"": ""MEASURE_NOT_APPLICABLE"", ""inter_glyph_spacing_sd_norm"": ""MEASURE_NOT_APPLICABLE"", ""rhythm_periodicity"": ""MEASURE_NOT_APPLICABLE"", ""unit_area_cv"": ""MEASURE_NOT_APPLICABLE"", ""unit_height_cv"": ""MEASURE_NOT_APPLICABLE"", ""unit_width_cv"": ""MEASURE_NOT_APPLICABLE""}",0.04998445510864258,0.9500155448913574,0.45591945024356295,0.9979166666666667,1,0,0.9947977066040039,0.9602556228637695,0.5807972156310688,0.49999140587735513,0.4984337735511567,,,,,,
feat_6b09c91142d3763d3464,stim_503c9c44d1146e07,render_551362ca0ff22f33,1.1.0,raster_grayscale,ink_area_matched,density|geometry|layout|proportion|reading_rhythm|stroke_gesture|uniformity|visual_center,direct,valid,,4d800e346b040f885277c164e937c2514144ed6292066deb66bb1fc465b2de05,"{""bbox_aspect_ratio"": 479, ""bbox_fill_ratio"": 107952, ""ink_coverage_ratio"": 107952, ""whitespace_ratio"": 1989200}","{""bbox_aspect_ratio"": 480, ""bbox_fill_ratio"": 229920, ""ink_coverage_ratio"": 2097152, ""whitespace_ratio"": 2097152}","{""bbox_aspect_ratio"": ""ratio"", ""bbox_fill_ratio"": ""ratio"", ""centroid_x_norm"": ""ratio"", ""centroid_y_norm"": ""ratio"", ""closure_count"": ""count"", ""connected_component_count"": ""count"", ""ink_coverage_ratio"": ""ratio"", ""inter_glyph_spacing_mean_norm"": ""ratio"", ""inter_glyph_spacing_sd_norm"": ""ratio"", ""rhythm_periodicity"": ""ratio"", ""straight_curve_ratio"": ""ratio"", ""symmetry_horizontal"": ""ratio"", ""symmetry_vertical"": ""ratio"", ""unit_area_cv"": ""ratio"", ""unit_height_cv"": ""ratio"", ""unit_width_cv"": ""ratio"", ""whitespace_ratio"": ""ratio""}","{""bbox_aspect_ratio"": ""direct"", ""bbox_fill_ratio"": ""direct"", ""centroid_x_norm"": ""direct"", ""centroid_y_norm"": ""direct"", ""closure_count"": ""direct"", ""connected_component_count"": ""direct"", ""ink_coverage_ratio"": ""direct"", ""inter_glyph_spacing_mean_norm"": ""not_applicable"", ""inter_glyph_spacing_sd_norm"": ""not_applicable"", ""rhythm_periodicity"": ""not_applicable"", ""straight_curve_ratio"": ""protocol_dependent"", ""symmetry_horizontal"": ""direct"", ""symmetry_vertical"": ""direct"", ""unit_area_cv"": ""not_applicable"", ""unit_height_cv"": ""not_applicable"", ""unit_width_cv"": ""not_applicable"", ""whitespace_ratio"": ""direct""}","{""inter_glyph_spacing_mean_norm"": ""MEASURE_NOT_APPLICABLE"", ""inter_glyph_spacing_sd_norm"": ""MEASURE_NOT_APPLICABLE"", ""rhythm_periodicity"": ""MEASURE_NOT_APPLICABLE"", ""unit_area_cv"": ""MEASURE_NOT_APPLICABLE"", ""unit_height_cv"": ""MEASURE_NOT_APPLICABLE"", ""unit_width_cv"": ""MEASURE_NOT_APPLICABLE""}",0.05147552490234375,0.9485244750976562,0.46951983298538624,0.9979166666666667,84,164,0.9946212768554688,0.9590778350830078,0.6330869551413688,0.49998117924372637,0.4985476581895194,,,,,,
feat_50a05b6fd687a4f71d7e,stim_53858ab2e7c4a361,render_551362ca0ff22f33,1.1.0,raster_binary,bbox_height_matched,density|geometry|layout|proportion|reading_rhythm|stroke_gesture|uniformity|visual_center,direct,valid,,4d800e346b040f885277c164e937c2514144ed6292066deb66bb1fc465b2de05,"{""bbox_aspect_ratio"": 285, ""bbox_fill_ratio"": 20207, ""ink_coverage_ratio"": 20207, ""whitespace_ratio"": 2076945}","{""bbox_aspect_ratio"": 320, ""bbox_fill_ratio"": 91200, ""ink_coverage_ratio"": 2097152, ""whitespace_ratio"": 2097152}","{""bbox_aspect_ratio"": ""ratio"", ""bbox_fill_ratio"": ""ratio"", ""centroid_x_norm"": ""ratio"", ""centroid_y_norm"": ""ratio"", ""closure_count"": ""count"", ""connected_component_count"": ""count"", ""ink_coverage_ratio"": ""ratio"", ""inter_glyph_spacing_mean_norm"": ""ratio"", ""inter_glyph_spacing_sd_norm"": ""ratio"", ""rhythm_periodicity"": ""ratio"", ""straight_curve_ratio"": ""ratio"", ""symmetry_horizontal"": ""ratio"", ""symmetry_vertical"": ""ratio"", ""unit_area_cv"": ""ratio"", ""unit_height_cv"": ""ratio"", ""unit_width_cv"": ""ratio"", ""whitespace_ratio"": ""ratio""}","{""bbox_aspect_ratio"": ""direct"", ""bbox_fill_ratio"": ""direct"", ""centroid_x_norm"": ""direct"", ""centroid_y_norm"": ""direct"", ""closure_count"": ""direct"", ""connected_component_count"": ""direct"", ""ink_coverage_ratio"": ""direct"", ""inter_glyph_spacing_mean_norm"": ""not_applicable"", ""inter_glyph_spacing_sd_norm"": ""not_applicable"", ""rhythm_periodicity"": ""not_applicable"", ""straight_curve_ratio"": ""protocol_dependent"", ""symmetry_horizontal"": ""direct"", ""symmetry_vertical"": ""direct"", ""unit_area_cv"": ""not_applicable"", ""unit_height_cv"": ""not_applicable"", ""unit_width_cv"": ""not_applicable"", ""whitespace_ratio"": ""direct""}","{""inter_glyph_spacing_mean_norm"": ""MEASURE_NOT_APPLICABLE"", ""inter_glyph_spacing_sd_norm"": ""MEASURE_NOT_APPLICABLE"", ""rhythm_periodicity"": ""MEASURE_NOT_APPLICABLE"", ""unit_area_cv"": ""MEASURE_NOT_APPLICABLE"", ""unit_height_cv"": ""MEASURE_NOT_APPLICABLE"", ""unit_width_cv"": ""MEASURE_NOT_APPLICABLE""}",0.009635448455810547,0.9903645515441895,0.22156798245614034,0.890625,2,0,0.984745979309082,0.9939489364624023,0.9161072955176738,0.4985807053248874,0.5020516173232048,,,,,,
feat_5f015e113f652e2e0d67,stim_53858ab2e7c4a361,render_551362ca0ff22f33,1.1.0,raster_grayscale,bbox_height_matched,density|geometry|layout|proportion|reading_rhythm|stroke_gesture|uniformity|visual_center,direct,valid,,4d800e346b040f885277c164e937c2514144ed6292066deb66bb1fc465b2de05,"{""bbox_aspect_ratio"": 285, ""bbox_fill_ratio"": 22182, ""ink_coverage_ratio"": 22182, ""whitespace_ratio"": 2074970}","{""bbox_aspect_ratio"": 320, ""bbox_fill_ratio"": 91200, ""ink_coverage_ratio"": 2097152, ""whitespace_ratio"": 2097152}","{""bbox_aspect_ratio"": ""ratio"", ""bbox_fill_ratio"": ""ratio"", ""centroid_x_norm"": ""ratio"", ""centroid_y_norm"": ""ratio"", ""closure_count"": ""count"", ""connected_component_count"": ""count"", ""ink_coverage_ratio"": ""ratio"", ""inter_glyph_spacing_mean_norm"": ""ratio"", ""inter_glyph_spacing_sd_norm"": ""ratio"", ""rhythm_periodicity"": ""ratio"", ""straight_curve_ratio"": ""ratio"", ""symmetry_horizontal"": ""ratio"", ""symmetry_vertical"": ""ratio"", ""unit_area_cv"": ""ratio"", ""unit_height_cv"": ""ratio"", ""unit_width_cv"": ""ratio"", ""whitespace_ratio"": ""ratio""}","{""bbox_aspect_ratio"": ""direct"", ""bbox_fill_ratio"": ""direct"", ""centroid_x_norm"": ""direct"", ""centroid_y_norm"": ""direct"", ""closure_count"": ""direct"", ""connected_component_count"": ""direct"", ""ink_coverage_ratio"": ""direct"", ""inter_glyph_spacing_mean_norm"": ""not_applicable"", ""inter_glyph_spacing_sd_norm"": ""not_applicable"", ""rhythm_periodicity"": ""not_applicable"", ""straight_curve_ratio"": ""protocol_dependent"", ""symmetry_horizontal"": ""direct"", ""symmetry_vertical"": ""direct"", ""unit_area_cv"": ""not_applicable"", ""unit_height_cv"": ""not_applicable"", ""unit_width_cv"": ""not_applicable"", ""whitespace_ratio"": ""direct""}","{""inter_glyph_spacing_mean_norm"": ""MEASURE_NOT_APPLICABLE"", ""inter_glyph_spacing_sd_norm"": ""MEASURE_NOT_APPLICABLE"", ""rhythm_periodicity"": ""MEASURE_NOT_APPLICABLE"", ""unit_area_cv"": ""MEASURE_NOT_APPLICABLE"", ""unit_height_cv"": ""MEASURE_NOT_APPLICABLE"", ""unit_width_cv"": ""MEASURE_NOT_APPLICABLE""}",0.010577201843261719,0.9894227981567383,0.24322368421052631,0.890625,25,0,0.98370361328125,0.9933395385742188,0.8910703009374863,0.49934640488346405,0.5021169860416104,,,,,,
feat_f21be60a5bddf42c3a20,stim_556c695be437f70d,render_551362ca0ff22f33,1.1.0,raster_binary,bbox_height_matched,density|geometry|layout|proportion|reading_rhythm|stroke_gesture|uniformity|visual_center,direct,valid,,4d800e346b040f885277c164e937c2514144ed6292066deb66bb1fc465b2de05,"{""bbox_aspect_ratio"": 240, ""bbox_fill_ratio"": 19999, ""ink_coverage_ratio"": 19999, ""whitespace_ratio"": 2077153}","{""bbox_aspect_ratio"": 320, ""bbox_fill_ratio"": 76800, ""ink_coverage_ratio"": 2097152, ""whitespace_ratio"": 2097152}","{""bbox_aspect_ratio"": ""ratio"", ""bbox_fill_ratio"": ""ratio"", ""centroid_x_norm"": ""ratio"", ""centroid_y_norm"": ""ratio"", ""closure_count"": ""count"", ""connected_component_count"": ""count"", ""ink_coverage_ratio"": ""ratio"", ""inter_glyph_spacing_mean_norm"": ""ratio"", ""inter_glyph_spacing_sd_norm"": ""ratio"", ""rhythm_periodicity"": ""ratio"", ""straight_curve_ratio"": ""ratio"", ""symmetry_horizontal"": ""ratio"", ""symmetry_vertical"": ""ratio"", ""unit_area_cv"": ""ratio"", ""unit_height_cv"": ""ratio"", ""unit_width_cv"": ""ratio"", ""whitespace_ratio"": ""ratio""}","{""bbox_aspect_ratio"": ""direct"", ""bbox_fill_ratio"": ""direct"", ""centroid_x_norm"": ""direct"", ""centroid_y_norm"": ""direct"", ""closure_count"": ""direct"", ""connected_component_count"": ""direct"", ""ink_coverage_ratio"": ""direct"", ""inter_glyph_spacing_mean_norm"": ""not_applicable"", ""inter_glyph_spacing_sd_norm"": ""not_applicable"", ""rhythm_periodicity"": ""not_applicable"", ""straight_curve_ratio"": ""protocol_dependent"", ""symmetry_horizontal"": ""direct"", ""symmetry_vertical"": ""direct"", ""unit_area_cv"": ""not_applicable"", ""unit_height_cv"": ""not_applicable"", ""unit_width_cv"": ""not_applicable"", ""whitespace_ratio"": ""direct""}","{""inter_glyph_spacing_mean_norm"": ""MEASURE_NOT_APPLICABLE"", ""inter_glyph_spacing_sd_norm"": ""MEASURE_NOT_APPLICABLE"", ""rhythm_periodicity"": ""MEASURE_NOT_APPLICABLE"", ""unit_area_cv"": ""MEASURE_NOT_APPLICABLE"", ""unit_height_cv"": ""MEASURE_NOT_APPLICABLE"", ""unit_width_cv"": ""MEASURE_NOT_APPLICABLE""}",0.009536266326904297,0.9904637336730957,0.2604036458333333,0.75,1,0,0.9999990463256836,0.9931344985961914,0.9733732302707843,0.4997529417486499,0.44959342693697185,,,,,,
feat_a069b57fa682604a6227,stim_556c695be437f70d,render_551362ca0ff22f33,1.1.0,raster_grayscale,bbox_height_matched,density|geometry|layout|proportion|reading_rhythm|stroke_gesture|uniformity|visual_center,direct,valid,,4d800e346b040f885277c164e937c2514144ed6292066deb66bb1fc465b2de05,"{""bbox_aspect_ratio"": 240, ""bbox_fill_ratio"": 21330, ""ink_coverage_ratio"": 21330, ""whitespace_ratio"": 2075822}","{""bbox_aspect_ratio"": 320, ""bbox_fill_ratio"": 76800, ""ink_coverage_ratio"": 2097152, ""whitespace_ratio"": 2097152}","{""bbox_aspect_ratio"": ""ratio"", ""bbox_fill_ratio"": ""ratio"", ""centroid_x_norm"": ""ratio"", ""centroid_y_norm"": ""ratio"", ""closure_count"": ""count"", ""connected_component_count"": ""count"", ""ink_coverage_ratio"": ""ratio"", ""inter_glyph_spacing_mean_norm"": ""ratio"", ""inter_glyph_spacing_sd_norm"": ""ratio"", ""rhythm_periodicity"": ""ratio"", ""straight_curve_ratio"": ""ratio"", ""symmetry_horizontal"": ""ratio"", ""symmetry_vertical"": ""ratio"", ""unit_area_cv"": ""ratio"", ""unit_height_cv"": ""ratio"", ""unit_width_cv"": ""ratio"", ""whitespace_ratio"": ""ratio""}","{""bbox_aspect_ratio"": ""direct"", ""bbox_fill_ratio"": ""direct"", ""centroid_x_norm"": ""direct"", ""centroid_y_norm"": ""direct"", ""closure_count"": ""direct"", ""connected_component_count"": ""direct"", ""ink_coverage_ratio"": ""direct"", ""inter_glyph_spacing_mean_norm"": ""not_applicable"", ""inter_glyph_spacing_sd_norm"": ""not_applicable"", ""rhythm_periodicity"": ""not_applicable"", ""straight_curve_ratio"": ""protocol_dependent"", ""symmetry_horizontal"": ""direct"", ""symmetry_vertical"": ""direct"", ""unit_area_cv"": ""not_applicable"", ""unit_height_cv"": ""not_applicable"", ""unit_width_cv"": ""not_applicable"", ""whitespace_ratio"": ""direct""}","{""inter_glyph_spacing_mean_norm"": ""MEASURE_NOT_APPLICABLE"", ""inter_glyph_spacing_sd_norm"": ""MEASURE_NOT_APPLICABLE"", ""rhythm_periodicity"": ""MEASURE_NOT_APPLICABLE"", ""unit_area_cv"": ""MEASURE_NOT_APPLICABLE"", ""unit_height_cv"": ""MEASURE_NOT_APPLICABLE"", ""unit_width_cv"": ""MEASURE_NOT_APPLICABLE""}",0.010170936584472656,0.9898290634155273,0.277734375,0.75,1,0,1.0,0.9930820465087891,0.9656832591658211,0.499755859375,0.45255087464838256,,,,,,
feat_4089c4d687bd8261495c,stim_568d34cdb68528da,render_551362ca0ff22f33,1.1.0,raster_binary,bbox_height_matched,density|geometry|layout|proportion|reading_rhythm|stroke_gesture|uniformity|visual_center,direct,valid,,4d800e346b040f885277c164e937c2514144ed6292066deb66bb1fc465b2de05,"{""bbox_aspect_ratio"": 398, ""bbox_fill_ratio"": 27697, ""ink_coverage_ratio"": 27697, ""whitespace_ratio"": 2069455}","{""bbox_aspect_ratio"": 320, ""bbox_fill_ratio"": 127360, ""ink_coverage_ratio"": 2097152, ""whitespace_ratio"": 2097152}","{""bbox_aspect_ratio"": ""ratio"", ""bbox_fill_ratio"": ""ratio"", ""centroid_x_norm"": ""ratio"", ""centroid_y_norm"": ""ratio"", ""closure_count"": ""count"", ""connected_component_count"": ""count"", ""ink_coverage_ratio"": ""ratio"", ""inter_glyph_spacing_mean_norm"": ""ratio"", ""inter_glyph_spacing_sd_norm"": ""ratio"", ""rhythm_periodicity"": ""ratio"", ""straight_curve_ratio"": ""ratio"", ""symmetry_horizontal"": ""ratio"", ""symmetry_vertical"": ""ratio"", ""unit_area_cv"": ""ratio"", ""unit_height_cv"": ""ratio"", ""unit_width_cv"": ""ratio"", ""whitespace_ratio"": ""ratio""}","{""bbox_aspect_ratio"": ""direct"", ""bbox_fill_ratio"": ""direct"", ""centroid_x_norm"": ""direct"", ""centroid_y_norm"": ""direct"", ""closure_count"": ""direct"", ""connected_component_count"": ""direct"", ""ink_coverage_ratio"": ""direct"", ""inter_glyph_spacing_mean_norm"": ""not_applicable"", ""inter_glyph_spacing_sd_norm"": ""not_applicable"", ""rhythm_periodicity"": ""not_applicable"", ""straight_curve_ratio"": ""protocol_dependent"", ""symmetry_horizontal"": ""direct"", ""symmetry_vertical"": ""direct"", ""unit_area_cv"": ""not_applicable"", ""unit_height_cv"": ""not_applicable"", ""unit_width_cv"": ""not_applicable"", ""whitespace_ratio"": ""direct""}","{""inter_glyph_spacing_mean_norm"": ""MEASURE_NOT_APPLICABLE"", ""inter_glyph_spacing_sd_norm"": ""MEASURE_NOT_APPLICABLE"", ""rhythm_periodicity"": ""MEASURE_NOT_APPLICABLE"", ""unit_area_cv"": ""MEASURE_NOT_APPLICABLE"", ""unit_height_cv"": ""MEASURE_NOT_APPLICABLE"", ""unit_width_cv"": ""MEASURE_NOT_APPLICABLE""}",0.013206958770751953,0.986793041229248,0.21747016331658292,1.24375,4,2,0.980595588684082,0.9862947463989258,0.7109146325333376,0.4961442053178142,0.4874116273874427,,,,,,
feat_fbe2223fd17d41863708,stim_568d34cdb68528da,render_551362ca0ff22f33,1.1.0,raster_grayscale,bbox_height_matched,density|geometry|layout|proportion|reading_rhythm|stroke_gesture|uniformity|visual_center,direct,valid,,4d800e346b040f885277c164e937c2514144ed6292066deb66bb1fc465b2de05,"{""bbox_aspect_ratio"": 398, ""bbox_fill_ratio"": 31987, ""ink_coverage_ratio"": 31987, ""whitespace_ratio"": 2065165}","{""bbox_aspect_ratio"": 320, ""bbox_fill_ratio"": 127360, ""ink_coverage_ratio"": 2097152, ""whitespace_ratio"": 2097152}","{""bbox_aspect_ratio"": ""ratio"", ""bbox_fill_ratio"": ""ratio"", ""centroid_x_norm"": ""ratio"", ""centroid_y_norm"": ""ratio"", ""closure_count"": ""count"", ""connected_component_count"": ""count"", ""ink_coverage_ratio"": ""ratio"", ""inter_glyph_spacing_mean_norm"": ""ratio"", ""inter_glyph_spacing_sd_norm"": ""ratio"", ""rhythm_periodicity"": ""ratio"", ""straight_curve_ratio"": ""ratio"", ""symmetry_horizontal"": ""ratio"", ""symmetry_vertical"": ""ratio"", ""unit_area_cv"": ""ratio"", ""unit_height_cv"": ""ratio"", ""unit_width_cv"": ""ratio"", ""whitespace_ratio"": ""ratio""}","{""bbox_aspect_ratio"": ""direct"", ""bbox_fill_ratio"": ""direct"", ""centroid_x_norm"": ""direct"", ""centroid_y_norm"": ""direct"", ""closure_count"": ""direct"", ""connected_component_count"": ""direct"", ""ink_coverage_ratio"": ""direct"", ""inter_glyph_spacing_mean_norm"": ""not_applicable"", ""inter_glyph_spacing_sd_norm"": ""not_applicable"", ""rhythm_periodicity"": ""not_applicable"", ""straight_curve_ratio"": ""protocol_dependent"", ""symmetry_horizontal"": ""direct"", ""symmetry_vertical"": ""direct"", ""unit_area_cv"": ""not_applicable"", ""unit_height_cv"": ""not_applicable"", ""unit_width_cv"": ""not_applicable"", ""whitespace_ratio"": ""direct""}","{""inter_glyph_spacing_mean_norm"": ""MEASURE_NOT_APPLICABLE"", ""inter_glyph_spacing_sd_norm"": ""MEASURE_NOT_APPLICABLE"", ""rhythm_periodicity"": ""MEASURE_NOT_APPLICABLE"", ""unit_area_cv"": ""MEASURE_NOT_APPLICABLE"", ""unit_height_cv"": ""MEASURE_NOT_APPLICABLE"", ""unit_width_cv"": ""MEASURE_NOT_APPLICABLE""}",0.01525259017944336,0.9847474098205566,0.2511542085427136,1.24375,128,334,0.9783411026000977,0.9846353530883789,0.4231281924877719,0.4983061508630459,0.4877491429623753,,,,,,
feat_62c422ef0d1273076c62,stim_56fb52083e86d5e9,render_551362ca0ff22f33,1.1.0,raster_binary,ink_area_matched,density|geometry|layout|proportion|reading_rhythm|stroke_gesture|uniformity|visual_center,direct,valid,,4d800e346b040f885277c164e937c2514144ed6292066deb66bb1fc465b2de05,"{""bbox_aspect_ratio"": 412, ""bbox_fill_ratio"": 104874, ""ink_coverage_ratio"": 104874, ""whitespace_ratio"": 1992278}","{""bbox_aspect_ratio"": 671, ""bbox_fill_ratio"": 276452, ""ink_coverage_ratio"": 2097152, ""whitespace_ratio"": 2097152}","{""bbox_aspect_ratio"": ""ratio"", ""bbox_fill_ratio"": ""ratio"", ""centroid_x_norm"": ""ratio"", ""centroid_y_norm"": ""ratio"", ""closure_count"": ""count"", ""connected_component_count"": ""count"", ""ink_coverage_ratio"": ""ratio"", ""inter_glyph_spacing_mean_norm"": ""ratio"", ""inter_glyph_spacing_sd_norm"": ""ratio"", ""rhythm_periodicity"": ""ratio"", ""straight_curve_ratio"": ""ratio"", ""symmetry_horizontal"": ""ratio"", ""symmetry_vertical"": ""ratio"", ""unit_area_cv"": ""ratio"", ""unit_height_cv"": ""ratio"", ""unit_width_cv"": ""ratio"", ""whitespace_ratio"": ""ratio""}","{""bbox_aspect_ratio"": ""direct"", ""bbox_fill_ratio"": ""direct"", ""centroid_x_norm"": ""direct"", ""centroid_y_norm"": ""direct"", ""closure_count"": ""direct"", ""connected_component_count"": ""direct"", ""ink_coverage_ratio"": ""direct"", ""inter_glyph_spacing_mean_norm"": ""not_applicable"", ""inter_glyph_spacing_sd_norm"": ""not_applicable"", ""rhythm_periodicity"": ""not_applicable"", ""straight_curve_ratio"": ""protocol_dependent"", ""symmetry_horizontal"": ""direct"", ""symmetry_vertical"": ""direct"", ""unit_area_cv"": ""not_applicable"", ""unit_height_cv"": ""not_applicable"", ""unit_width_cv"": ""not_applicable"", ""whitespace_ratio"": ""direct""}","{""inter_glyph_spacing_mean_norm"": ""MEASURE_NOT_APPLICABLE"", ""inter_glyph_spacing_sd_norm"": ""MEASURE_NOT_APPLICABLE"", ""rhythm_periodicity"": ""MEASURE_NOT_APPLICABLE"", ""unit_area_cv"": ""MEASURE_NOT_APPLICABLE"", ""unit_height_cv"": ""MEASURE_NOT_APPLICABLE"", ""unit_width_cv"": ""MEASURE_NOT_APPLICABLE""}",0.05000782012939453,0.9499921798706055,0.37935699506605125,0.6140089418777943,1,0,0.9464740753173828,0.9463768005371094,0.4623486395063355,0.49938069284331676,0.5032298058265157,,,,,,
feat_db58216754e066ff1590,stim_56fb52083e86d5e9,render_551362ca0ff22f33,1.1.0,raster_grayscale,ink_area_matched,density|geometry|layout|proportion|reading_rhythm|stroke_gesture|uniformity|visual_center,direct,valid,,4d800e346b040f885277c164e937c2514144ed6292066deb66bb1fc465b2de05,"{""bbox_aspect_ratio"": 412, ""bbox_fill_ratio"": 108424, ""ink_coverage_ratio"": 108424, ""whitespace_ratio"": 1988728}","{""bbox_aspect_ratio"": 671, ""bbox_fill_ratio"": 276452, ""ink_coverage_ratio"": 2097152, ""whitespace_ratio"": 2097152}","{""bbox_aspect_ratio"": ""ratio"", ""bbox_fill_ratio"": ""ratio"", ""centroid_x_norm"": ""ratio"", ""centroid_y_norm"": ""ratio"", ""closure_count"": ""count"", ""connected_component_count"": ""count"", ""ink_coverage_ratio"": ""ratio"", ""inter_glyph_spacing_mean_norm"": ""ratio"", ""inter_glyph_spacing_sd_norm"": ""ratio"", ""rhythm_periodicity"": ""ratio"", ""straight_curve_ratio"": ""ratio"", ""symmetry_horizontal"": ""ratio"", ""symmetry_vertical"": ""ratio"", ""unit_area_cv"": ""ratio"", ""unit_height_cv"": ""ratio"", ""unit_width_cv"": ""ratio"", ""whitespace_ratio"": ""ratio""}","{""bbox_aspect_ratio"": ""direct"", ""bbox_fill_ratio"": ""direct"", ""centroid_x_norm"": ""direct"", ""centroid_y_norm"": ""direct"", ""closure_count"": ""direct"", ""connected_component_count"": ""direct"", ""ink_coverage_ratio"": ""direct"", ""inter_glyph_spacing_mean_norm"": ""not_applicable"", ""inter_glyph_spacing_sd_norm"": ""not_applicable"", ""rhythm_periodicity"": ""not_applicable"", ""straight_curve_ratio"": ""protocol_dependent"", ""symmetry_horizontal"": ""direct"", ""symmetry_vertical"": ""direct"", ""unit_area_cv"": ""not_applicable"", ""unit_height_cv"": ""not_applicable"", ""unit_width_cv"": ""not_applicable"", ""whitespace_ratio"": ""direct""}","{""inter_glyph_spacing_mean_norm"": ""MEASURE_NOT_APPLICABLE"", ""inter_glyph_spacing_sd_norm"": ""MEASURE_NOT_APPLICABLE"", ""rhythm_periodicity"": ""MEASURE_NOT_APPLICABLE"", ""unit_area_cv"": ""MEASURE_NOT_APPLICABLE"", ""unit_height_cv"": ""MEASURE_NOT_APPLICABLE"", ""unit_width_cv"": ""MEASURE_NOT_APPLICABLE""}",0.051700592041015625,0.9482994079589844,0.3921982839697307,0.6140089418777943,68,465,0.9456272125244141,0.9455223083496094,0.5802468813250771,0.4994126475183654,0.5027408131214031,,,,,,
feat_da5f85cf3b9882713736,stim_577f9a8eeb3f90a1,render_551362ca0ff22f33,1.1.0,raster_binary,bbox_height_matched,density|geometry|layout|proportion|reading_rhythm|stroke_gesture|uniformity|visual_center,direct,valid,,4d800e346b040f885277c164e937c2514144ed6292066deb66bb1fc465b2de05,"{""bbox_aspect_ratio"": 547, ""bbox_fill_ratio"": 24216, ""ink_coverage_ratio"": 24216, ""whitespace_ratio"": 2072936}","{""bbox_aspect_ratio"": 320, ""bbox_fill_ratio"": 175040, ""ink_coverage_ratio"": 2097152, ""whitespace_ratio"": 2097152}","{""bbox_aspect_ratio"": ""ratio"", ""bbox_fill_ratio"": ""ratio"", ""centroid_x_norm"": ""ratio"", ""centroid_y_norm"": ""ratio"", ""closure_count"": ""count"", ""connected_component_count"": ""count"", ""ink_coverage_ratio"": ""ratio"", ""inter_glyph_spacing_mean_norm"": ""ratio"", ""inter_glyph_spacing_sd_norm"": ""ratio"", ""rhythm_periodicity"": ""ratio"", ""straight_curve_ratio"": ""ratio"", ""symmetry_horizontal"": ""ratio"", ""symmetry_vertical"": ""ratio"", ""unit_area_cv"": ""ratio"", ""unit_height_cv"": ""ratio"", ""unit_width_cv"": ""ratio"", ""whitespace_ratio"": ""ratio""}","{""bbox_aspect_ratio"": ""direct"", ""bbox_fill_ratio"": ""direct"", ""centroid_x_norm"": ""direct"", ""centroid_y_norm"": ""direct"", ""closure_count"": ""direct"", ""connected_component_count"": ""direct"", ""ink_coverage_ratio"": ""direct"", ""inter_glyph_spacing_mean_norm"": ""not_applicable"", ""inter_glyph_spacing_sd_norm"": ""not_applicable"", ""rhythm_periodicity"": ""not_applicable"", ""straight_curve_ratio"": ""protocol_dependent"", ""symmetry_horizontal"": ""direct"", ""symmetry_vertical"": ""direct"", ""unit_area_cv"": ""not_applicable"", ""unit_height_cv"": ""not_applicable"", ""unit_width_cv"": ""not_applicable"", ""whitespace_ratio"": ""direct""}","{""inter_glyph_spacing_mean_norm"": ""MEASURE_NOT_APPLICABLE"", ""inter_glyph_spacing_sd_norm"": ""MEASURE_NOT_APPLICABLE"", ""rhythm_periodicity"": ""MEASURE_NOT_APPLICABLE"", ""unit_area_cv"": ""MEASURE_NOT_APPLICABLE"", ""unit_height_cv"": ""MEASURE_NOT_APPLICABLE"", ""unit_width_cv"": ""MEASURE_NOT_APPLICABLE""}",0.011547088623046875,0.9884529113769531,0.138345521023766,1.709375,5,1,0.9804344177246094,0.9812164306640625,0.639752227427575,0.4988350895004852,0.5113707669386975,,,,,,
feat_ae42037a80e7ca9f3248,stim_577f9a8eeb3f90a1,render_551362ca0ff22f33,1.1.0,raster_grayscale,bbox_height_matched,density|geometry|layout|proportion|reading_rhythm|stroke_gesture|uniformity|visual_center,direct,valid,,4d800e346b040f885277c164e937c2514144ed6292066deb66bb1fc465b2de05,"{""bbox_aspect_ratio"": 547, ""bbox_fill_ratio"": 27608, ""ink_coverage_ratio"": 27608, ""whitespace_ratio"": 2069544}","{""bbox_aspect_ratio"": 320, ""bbox_fill_ratio"": 175040, ""ink_coverage_ratio"": 2097152, ""whitespace_ratio"": 2097152}","{""bbox_aspect_ratio"": ""ratio"", ""bbox_fill_ratio"": ""ratio"", ""centroid_x_norm"": ""ratio"", ""centroid_y_norm"": ""ratio"", ""closure_count"": ""count"", ""connected_component_count"": ""count"", ""ink_coverage_ratio"": ""ratio"", ""inter_glyph_spacing_mean_norm"": ""ratio"", ""inter_glyph_spacing_sd_norm"": ""ratio"", ""rhythm_periodicity"": ""ratio"", ""straight_curve_ratio"": ""ratio"", ""symmetry_horizontal"": ""ratio"", ""symmetry_vertical"": ""ratio"", ""unit_area_cv"": ""ratio"", ""unit_height_cv"": ""ratio"", ""unit_width_cv"": ""ratio"", ""whitespace_ratio"": ""ratio""}","{""bbox_aspect_ratio"": ""direct"", ""bbox_fill_ratio"": ""direct"", ""centroid_x_norm"": ""direct"", ""centroid_y_norm"": ""direct"", ""closure_count"": ""direct"", ""connected_component_count"": ""direct"", ""ink_coverage_ratio"": ""direct"", ""inter_glyph_spacing_mean_norm"": ""not_applicable"", ""inter_glyph_spacing_sd_norm"": ""not_applicable"", ""rhythm_periodicity"": ""not_applicable"", ""straight_curve_ratio"": ""protocol_dependent"", ""symmetry_horizontal"": ""direct"", ""symmetry_vertical"": ""direct"", ""unit_area_cv"": ""not_applicable"", ""unit_height_cv"": ""not_applicable"", ""unit_width_cv"": ""not_applicable"", ""whitespace_ratio"": ""direct""}","{""inter_glyph_spacing_mean_norm"": ""MEASURE_NOT_APPLICABLE"", ""inter_glyph_spacing_sd_norm"": ""MEASURE_NOT_APPLICABLE"", ""rhythm_periodicity"": ""MEASURE_NOT_APPLICABLE"", ""unit_area_cv"": ""MEASURE_NOT_APPLICABLE"", ""unit_height_cv"": ""MEASURE_NOT_APPLICABLE"", ""unit_width_cv"": ""MEASURE_NOT_APPLICABLE""}",0.013164520263671875,0.9868354797363281,0.15772394881170018,1.709375,82,744,0.9783248901367188,0.97930908203125,0.2758345660212821,0.5009840260861887,0.5111579906073421,,,,,,
feat_bf5fb20275d103090456,stim_583562c89a8f3eda,render_551362ca0ff22f33,1.1.0,raster_binary,bbox_height_matched,density|geometry|layout|proportion|reading_rhythm|stroke_gesture|uniformity|visual_center,direct,valid,,4d800e346b040f885277c164e937c2514144ed6292066deb66bb1fc465b2de05,"{""bbox_aspect_ratio"": 519, ""bbox_fill_ratio"": 28987, ""ink_coverage_ratio"": 28987, ""whitespace_ratio"": 2068165}","{""bbox_aspect_ratio"": 320, ""bbox_fill_ratio"": 166080, ""ink_coverage_ratio"": 2097152, ""whitespace_ratio"": 2097152}","{""bbox_aspect_ratio"": ""ratio"", ""bbox_fill_ratio"": ""ratio"", ""centroid_x_norm"": ""ratio"", ""centroid_y_norm"": ""ratio"", ""closure_count"": ""count"", ""connected_component_count"": ""count"", ""ink_coverage_ratio"": ""ratio"", ""inter_glyph_spacing_mean_norm"": ""ratio"", ""inter_glyph_spacing_sd_norm"": ""ratio"", ""rhythm_periodicity"": ""ratio"", ""straight_curve_ratio"": ""ratio"", ""symmetry_horizontal"": ""ratio"", ""symmetry_vertical"": ""ratio"", ""unit_area_cv"": ""ratio"", ""unit_height_cv"": ""ratio"", ""unit_width_cv"": ""ratio"", ""whitespace_ratio"": ""ratio""}","{""bbox_aspect_ratio"": ""direct"", ""bbox_fill_ratio"": ""direct"", ""centroid_x_norm"": ""direct"", ""centroid_y_norm"": ""direct"", ""closure_count"": ""direct"", ""connected_component_count"": ""direct"", ""ink_coverage_ratio"": ""direct"", ""inter_glyph_spacing_mean_norm"": ""not_applicable"", ""inter_glyph_spacing_sd_norm"": ""not_applicable"", ""rhythm_periodicity"": ""not_applicable"", ""straight_curve_ratio"": ""protocol_dependent"", ""symmetry_horizontal"": ""direct"", ""symmetry_vertical"": ""direct"", ""unit_area_cv"": ""not_applicable"", ""unit_height_cv"": ""not_applicable"", ""unit_width_cv"": ""not_applicable"", ""whitespace_ratio"": ""direct""}","{""inter_glyph_spacing_mean_norm"": ""MEASURE_NOT_APPLICABLE"", ""inter_glyph_spacing_sd_norm"": ""MEASURE_NOT_APPLICABLE"", ""rhythm_periodicity"": ""MEASURE_NOT_APPLICABLE"", ""unit_area_cv"": ""MEASURE_NOT_APPLICABLE"", ""unit_height_cv"": ""MEASURE_NOT_APPLICABLE"", ""unit_width_cv"": ""MEASURE_NOT_APPLICABLE""}",0.013822078704833984,0.986177921295166,0.17453636801541425,1.621875,4,1,0.9790887832641602,0.9782266616821289,0.5388379040829736,0.48260949277909065,0.4978810207485252,,,,,,
feat_4927422a09896859e6b7,stim_583562c89a8f3eda,render_551362ca0ff22f33,1.1.0,raster_grayscale,bbox_height_matched,density|geometry|layout|proportion|reading_rhythm|stroke_gesture|uniformity|visual_center,direct,valid,,4d800e346b040f885277c164e937c2514144ed6292066deb66bb1fc465b2de05,"{""bbox_aspect_ratio"": 519, ""bbox_fill_ratio"": 33048, ""ink_coverage_ratio"": 33048, ""whitespace_ratio"": 2064104}","{""bbox_aspect_ratio"": 320, ""bbox_fill_ratio"": 166080, ""ink_coverage_ratio"": 2097152, ""whitespace_ratio"": 2097152}","{""bbox_aspect_ratio"": ""ratio"", ""bbox_fill_ratio"": ""ratio"", ""centroid_x_norm"": ""ratio"", ""centroid_y_norm"": ""ratio"", ""closure_count"": ""count"", ""connected_component_count"": ""count"", ""ink_coverage_ratio"": ""ratio"", ""inter_glyph_spacing_mean_norm"": ""ratio"", ""inter_glyph_spacing_sd_norm"": ""ratio"", ""rhythm_periodicity"": ""ratio"", ""straight_curve_ratio"": ""ratio"", ""symmetry_horizontal"": ""ratio"", ""symmetry_vertical"": ""ratio"", ""unit_area_cv"": ""ratio"", ""unit_height_cv"": ""ratio"", ""unit_width_cv"": ""ratio"", ""whitespace_ratio"": ""ratio""}","{""bbox_aspect_ratio"": ""direct"", ""bbox_fill_ratio"": ""direct"", ""centroid_x_norm"": ""direct"", ""centroid_y_norm"": ""direct"", ""closure_count"": ""direct"", ""connected_component_count"": ""direct"", ""ink_coverage_ratio"": ""direct"", ""inter_glyph_spacing_mean_norm"": ""not_applicable"", ""inter_glyph_spacing_sd_norm"": ""not_applicable"", ""rhythm_periodicity"": ""not_applicable"", ""straight_curve_ratio"": ""protocol_dependent"", ""symmetry_horizontal"": ""direct"", ""symmetry_vertical"": ""direct"", ""unit_area_cv"": ""not_applicable"", ""unit_height_cv"": ""not_applicable"", ""unit_width_cv"": ""not_applicable"", ""whitespace_ratio"": ""direct""}","{""inter_glyph_spacing_mean_norm"": ""MEASURE_NOT_APPLICABLE"", ""inter_glyph_spacing_sd_norm"": ""MEASURE_NOT_APPLICABLE"", ""rhythm_periodicity"": ""MEASURE_NOT_APPLICABLE"", ""unit_area_cv"": ""MEASURE_NOT_APPLICABLE"", ""unit_height_cv"": ""MEASURE_NOT_APPLICABLE"", ""unit_width_cv"": ""MEASURE_NOT_APPLICABLE""}",0.015758514404296875,0.9842414855957031,0.19898843930635837,1.621875,70,956,0.9769153594970703,0.9761486053466797,0.2255307277480113,0.4841066580712146,0.4976791570216049,,,,,,
feat_cec32647e19b44ac7513,stim_590cf8a892a117a6,render_551362ca0ff22f33,1.1.0,raster_binary,bbox_height_matched,density|geometry|layout|proportion|reading_rhythm|stroke_gesture|uniformity|visual_center,protocol_dependent,valid,,4d800e346b040f885277c164e937c2514144ed6292066deb66bb1fc465b2de05,"{""bbox_aspect_ratio"": 1917, ""bbox_fill_ratio"": 104495, ""ink_coverage_ratio"": 104495, ""whitespace_ratio"": 1992657}","{""bbox_aspect_ratio"": 320, ""bbox_fill_ratio"": 613440, ""ink_coverage_ratio"": 2097152, ""whitespace_ratio"": 2097152}","{""bbox_aspect_ratio"": ""ratio"", ""bbox_fill_ratio"": ""ratio"", ""centroid_x_norm"": ""ratio"", ""centroid_y_norm"": ""ratio"", ""closure_count"": ""count"", ""connected_component_count"": ""count"", ""ink_coverage_ratio"": ""ratio"", ""inter_glyph_spacing_mean_norm"": ""ratio"", ""inter_glyph_spacing_sd_norm"": ""ratio"", ""rhythm_periodicity"": ""ratio"", ""straight_curve_ratio"": ""ratio"", ""symmetry_horizontal"": ""ratio"", ""symmetry_vertical"": ""ratio"", ""unit_area_cv"": ""ratio"", ""unit_height_cv"": ""ratio"", ""unit_width_cv"": ""ratio"", ""whitespace_ratio"": ""ratio""}","{""bbox_aspect_ratio"": ""direct"", ""bbox_fill_ratio"": ""direct"", ""centroid_x_norm"": ""direct"", ""centroid_y_norm"": ""direct"", ""closure_count"": ""direct"", ""connected_component_count"": ""direct"", ""ink_coverage_ratio"": ""direct"", ""inter_glyph_spacing_mean_norm"": ""protocol_dependent"", ""inter_glyph_spacing_sd_norm"": ""protocol_dependent"", ""rhythm_periodicity"": ""protocol_dependent"", ""straight_curve_ratio"": ""protocol_dependent"", ""symmetry_horizontal"": ""direct"", ""symmetry_vertical"": ""direct"", ""unit_area_cv"": ""protocol_dependent"", ""unit_height_cv"": ""protocol_dependent"", ""unit_width_cv"": ""protocol_dependent"", ""whitespace_ratio"": ""direct""}","{""rhythm_periodicity"": ""MEASURE_SEQUENCE_TOO_SHORT""}",0.04982709884643555,0.9501729011535645,0.17034265779864372,5.990625,20,2,0.9164743423461914,0.9460630416870117,0.6616312363671378,0.5036390375660916,0.5136068860950285,0.20104166666666667,0.050086730334047105,,0.08173390794055052,0.14124576570973943,0.04132231404958678
feat_c942834a4e4688bc9d14,stim_590cf8a892a117a6,render_551362ca0ff22f33,1.1.0,raster_grayscale,bbox_height_matched,density|geometry|layout|proportion|reading_rhythm|stroke_gesture|uniformity|visual_center,protocol_dependent,valid,,4d800e346b040f885277c164e937c2514144ed6292066deb66bb1fc465b2de05,"{""bbox_aspect_ratio"": 1917, ""bbox_fill_ratio"": 119819, ""ink_coverage_ratio"": 119819, ""whitespace_ratio"": 1977333}","{""bbox_aspect_ratio"": 320, ""bbox_fill_ratio"": 613440, ""ink_coverage_ratio"": 2097152, ""whitespace_ratio"": 2097152}","{""bbox_aspect_ratio"": ""ratio"", ""bbox_fill_ratio"": ""ratio"", ""centroid_x_norm"": ""ratio"", ""centroid_y_norm"": ""ratio"", ""closure_count"": ""count"", ""connected_component_count"": ""count"", ""ink_coverage_ratio"": ""ratio"", ""inter_glyph_spacing_mean_norm"": ""ratio"", ""inter_glyph_spacing_sd_norm"": ""ratio"", ""rhythm_periodicity"": ""ratio"", ""straight_curve_ratio"": ""ratio"", ""symmetry_horizontal"": ""ratio"", ""symmetry_vertical"": ""ratio"", ""unit_area_cv"": ""ratio"", ""unit_height_cv"": ""ratio"", ""unit_width_cv"": ""ratio"", ""whitespace_ratio"": ""ratio""}","{""bbox_aspect_ratio"": ""direct"", ""bbox_fill_ratio"": ""direct"", ""centroid_x_norm"": ""direct"", ""centroid_y_norm"": ""direct"", ""closure_count"": ""direct"", ""connected_component_count"": ""direct"", ""ink_coverage_ratio"": ""direct"", ""inter_glyph_spacing_mean_norm"": ""protocol_dependent"", ""inter_glyph_spacing_sd_norm"": ""protocol_dependent"", ""rhythm_periodicity"": ""protocol_dependent"", ""straight_curve_ratio"": ""protocol_dependent"", ""symmetry_horizontal"": ""direct"", ""symmetry_vertical"": ""direct"", ""unit_area_cv"": ""protocol_dependent"", ""unit_height_cv"": ""protocol_dependent"", ""unit_width_cv"": ""protocol_dependent"", ""whitespace_ratio"": ""direct""}","{""rhythm_periodicity"": ""MEASURE_SEQUENCE_TOO_SHORT""}",0.057134151458740234,0.9428658485412598,0.19532309598330724,5.990625,406,2023,0.9065732955932617,0.9395952224731445,0.32761095109535954,0.5038586806910319,0.5135560671851919,0.20104166666666667,0.050086730334047105,,0.08322681815662593,0.14124576570973943,0.04132231404958678
feat_47bfd70ea98c9dbd40f6,stim_5937fa012efa5ba9,render_551362ca0ff22f33,1.1.0,raster_binary,ink_area_matched,density|geometry|layout|proportion|reading_rhythm|stroke_gesture|uniformity|visual_center,direct,valid,,4d800e346b040f885277c164e937c2514144ed6292066deb66bb1fc465b2de05,"{""bbox_aspect_ratio"": 641, ""bbox_fill_ratio"": 104914, ""ink_coverage_ratio"": 104914, ""whitespace_ratio"": 1992238}","{""bbox_aspect_ratio"": 648, ""bbox_fill_ratio"": 415368, ""ink_coverage_ratio"": 2097152, ""whitespace_ratio"": 2097152}","{""bbox_aspect_ratio"": ""ratio"", ""bbox_fill_ratio"": ""ratio"", ""centroid_x_norm"": ""ratio"", ""centroid_y_norm"": ""ratio"", ""closure_count"": ""count"", ""connected_component_count"": ""count"", ""ink_coverage_ratio"": ""ratio"", ""inter_glyph_spacing_mean_norm"": ""ratio"", ""inter_glyph_spacing_sd_norm"": ""ratio"", ""rhythm_periodicity"": ""ratio"", ""straight_curve_ratio"": ""ratio"", ""symmetry_horizontal"": ""ratio"", ""symmetry_vertical"": ""ratio"", ""unit_area_cv"": ""ratio"", ""unit_height_cv"": ""ratio"", ""unit_width_cv"": ""ratio"", ""whitespace_ratio"": ""ratio""}","{""bbox_aspect_ratio"": ""direct"", ""bbox_fill_ratio"": ""direct"", ""centroid_x_norm"": ""direct"", ""centroid_y_norm"": ""direct"", ""closure_count"": ""direct"", ""connected_component_count"": ""direct"", ""ink_coverage_ratio"": ""direct"", ""inter_glyph_spacing_mean_norm"": ""not_applicable"", ""inter_glyph_spacing_sd_norm"": ""not_applicable"", ""rhythm_periodicity"": ""not_applicable"", ""straight_curve_ratio"": ""protocol_dependent"", ""symmetry_horizontal"": ""direct"", ""symmetry_vertical"": ""direct"", ""unit_area_cv"": ""not_applicable"", ""unit_height_cv"": ""not_applicable"", ""unit_width_cv"": ""not_applicable"", ""whitespace_ratio"": ""direct""}","{""inter_glyph_spacing_mean_norm"": ""MEASURE_NOT_APPLICABLE"", ""inter_glyph_spacing_sd_norm"": ""MEASURE_NOT_APPLICABLE"", ""rhythm_periodicity"": ""MEASURE_NOT_APPLICABLE"", ""unit_area_cv"": ""MEASURE_NOT_APPLICABLE"", ""unit_height_cv"": ""MEASURE_NOT_APPLICABLE"", ""unit_width_cv"": ""MEASURE_NOT_APPLICABLE""}",0.050026893615722656,0.9499731063842773,0.2525808439744997,0.9891975308641975,3,0,0.9611167907714844,0.9584026336669922,0.6913549704604602,0.4977484860740106,0.5208551393879749,,,,,,
feat_cb4b5050172e1e1a5978,stim_5937fa012efa5ba9,render_551362ca0ff22f33,1.1.0,raster_grayscale,ink_area_matched,density|geometry|layout|proportion|reading_rhythm|stroke_gesture|uniformity|visual_center,direct,valid,,4d800e346b040f885277c164e937c2514144ed6292066deb66bb1fc465b2de05,"{""bbox_aspect_ratio"": 641, ""bbox_fill_ratio"": 109045, ""ink_coverage_ratio"": 109045, ""whitespace_ratio"": 1988107}","{""bbox_aspect_ratio"": 648, ""bbox_fill_ratio"": 415368, ""ink_coverage_ratio"": 2097152, ""whitespace_ratio"": 2097152}","{""bbox_aspect_ratio"": ""ratio"", ""bbox_fill_ratio"": ""ratio"", ""centroid_x_norm"": ""ratio"", ""centroid_y_norm"": ""ratio"", ""closure_count"": ""count"", ""connected_component_count"": ""count"", ""ink_coverage_ratio"": ""ratio"", ""inter_glyph_spacing_mean_norm"": ""ratio"", ""inter_glyph_spacing_sd_norm"": ""ratio"", ""rhythm_periodicity"": ""ratio"", ""straight_curve_ratio"": ""ratio"", ""symmetry_horizontal"": ""ratio"", ""symmetry_vertical"": ""ratio"", ""unit_area_cv"": ""ratio"", ""unit_height_cv"": ""ratio"", ""unit_width_cv"": ""ratio"", ""whitespace_ratio"": ""ratio""}","{""bbox_aspect_ratio"": ""direct"", ""bbox_fill_ratio"": ""direct"", ""centroid_x_norm"": ""direct"", ""centroid_y_norm"": ""direct"", ""closure_count"": ""direct"", ""connected_component_count"": ""direct"", ""ink_coverage_ratio"": ""direct"", ""inter_glyph_spacing_mean_norm"": ""not_applicable"", ""inter_glyph_spacing_sd_norm"": ""not_applicable"", ""rhythm_periodicity"": ""not_applicable"", ""straight_curve_ratio"": ""protocol_dependent"", ""symmetry_horizontal"": ""direct"", ""symmetry_vertical"": ""direct"", ""unit_area_cv"": ""not_applicable"", ""unit_height_cv"": ""not_applicable"", ""unit_width_cv"": ""not_applicable"", ""whitespace_ratio"": ""direct""}","{""inter_glyph_spacing_mean_norm"": ""MEASURE_NOT_APPLICABLE"", ""inter_glyph_spacing_sd_norm"": ""MEASURE_NOT_APPLICABLE"", ""rhythm_periodicity"": ""MEASURE_NOT_APPLICABLE"", ""unit_area_cv"": ""MEASURE_NOT_APPLICABLE"", ""unit_height_cv"": ""MEASURE_NOT_APPLICABLE"", ""unit_width_cv"": ""MEASURE_NOT_APPLICABLE""}",0.051996707916259766,0.9480032920837402,0.26252624179041234,0.9891975308641975,28,731,0.9593954086303711,0.9575433731079102,0.4800022802741073,0.49751897868999034,0.5213719465014444,,,,,,
feat_9690a9a649e76ef43c28,stim_59827545d81dc7fc,render_551362ca0ff22f33,1.1.0,raster_binary,ink_area_matched,density|geometry|layout|proportion|reading_rhythm|stroke_gesture|uniformity|visual_center,direct,valid,,4d800e346b040f885277c164e937c2514144ed6292066deb66bb1fc465b2de05,"{""bbox_aspect_ratio"": 549, ""bbox_fill_ratio"": 104777, ""ink_coverage_ratio"": 104777, ""whitespace_ratio"": 1992375}","{""bbox_aspect_ratio"": 616, ""bbox_fill_ratio"": 338184, ""ink_coverage_ratio"": 2097152, ""whitespace_ratio"": 2097152}","{""bbox_aspect_ratio"": ""ratio"", ""bbox_fill_ratio"": ""ratio"", ""centroid_x_norm"": ""ratio"", ""centroid_y_norm"": ""ratio"", ""closure_count"": ""count"", ""connected_component_count"": ""count"", ""ink_coverage_ratio"": ""ratio"", ""inter_glyph_spacing_mean_norm"": ""ratio"", ""inter_glyph_spacing_sd_norm"": ""ratio"", ""rhythm_periodicity"": ""ratio"", ""straight_curve_ratio"": ""ratio"", ""symmetry_horizontal"": ""ratio"", ""symmetry_vertical"": ""ratio"", ""unit_area_cv"": ""ratio"", ""unit_height_cv"": ""ratio"", ""unit_width_cv"": ""ratio"", ""whitespace_ratio"": ""ratio""}","{""bbox_aspect_ratio"": ""direct"", ""bbox_fill_ratio"": ""direct"", ""centroid_x_norm"": ""direct"", ""centroid_y_norm"": ""direct"", ""closure_count"": ""direct"", ""connected_component_count"": ""direct"", ""ink_coverage_ratio"": ""direct"", ""inter_glyph_spacing_mean_norm"": ""not_applicable"", ""inter_glyph_spacing_sd_norm"": ""not_applicable"", ""rhythm_periodicity"": ""not_applicable"", ""straight_curve_ratio"": ""protocol_dependent"", ""symmetry_horizontal"": ""direct"", ""symmetry_vertical"": ""direct"", ""unit_area_cv"": ""not_applicable"", ""unit_height_cv"": ""not_applicable"", ""unit_width_cv"": ""not_applicable"", ""whitespace_ratio"": ""direct""}","{""inter_glyph_spacing_mean_norm"": ""MEASURE_NOT_APPLICABLE"", ""inter_glyph_spacing_sd_norm"": ""MEASURE_NOT_APPLICABLE"", ""rhythm_periodicity"": ""MEASURE_NOT_APPLICABLE"", ""unit_area_cv"": ""MEASURE_NOT_APPLICABLE"", ""unit_height_cv"": ""MEASURE_NOT_APPLICABLE"", ""unit_width_cv"": ""MEASURE_NOT_APPLICABLE""}",0.04996156692504883,0.9500384330749512,0.3098224635109881,0.8912337662337663,1,1,0.9984807968139648,0.9304018020629883,0.36013483059342105,0.5004582602739032,0.5265316178198698,,,,,,
feat_dc6c03070ba32768b084,stim_59827545d81dc7fc,render_551362ca0ff22f33,1.1.0,raster_grayscale,ink_area_matched,density|geometry|layout|proportion|reading_rhythm|stroke_gesture|uniformity|visual_center,direct,valid,,4d800e346b040f885277c164e937c2514144ed6292066deb66bb1fc465b2de05,"{""bbox_aspect_ratio"": 549, ""bbox_fill_ratio"": 108346, ""ink_coverage_ratio"": 108346, ""whitespace_ratio"": 1988806}","{""bbox_aspect_ratio"": 616, ""bbox_fill_ratio"": 338184, ""ink_coverage_ratio"": 2097152, ""whitespace_ratio"": 2097152}","{""bbox_aspect_ratio"": ""ratio"", ""bbox_fill_ratio"": ""ratio"", ""centroid_x_norm"": ""ratio"", ""centroid_y_norm"": ""ratio"", ""closure_count"": ""count"", ""connected_component_count"": ""count"", ""ink_coverage_ratio"": ""ratio"", ""inter_glyph_spacing_mean_norm"": ""ratio"", ""inter_glyph_spacing_sd_norm"": ""ratio"", ""rhythm_periodicity"": ""ratio"", ""straight_curve_ratio"": ""ratio"", ""symmetry_horizontal"": ""ratio"", ""symmetry_vertical"": ""ratio"", ""unit_area_cv"": ""ratio"", ""unit_height_cv"": ""ratio"", ""unit_width_cv"": ""ratio"", ""whitespace_ratio"": ""ratio""}","{""bbox_aspect_ratio"": ""direct"", ""bbox_fill_ratio"": ""direct"", ""centroid_x_norm"": ""direct"", ""centroid_y_norm"": ""direct"", ""closure_count"": ""direct"", ""connected_component_count"": ""direct"", ""ink_coverage_ratio"": ""direct"", ""inter_glyph_spacing_mean_norm"": ""not_applicable"", ""inter_glyph_spacing_sd_norm"": ""not_applicable"", ""rhythm_periodicity"": ""not_applicable"", ""straight_curve_ratio"": ""protocol_dependent"", ""symmetry_horizontal"": ""direct"", ""symmetry_vertical"": ""direct"", ""unit_area_cv"": ""not_applicable"", ""unit_height_cv"": ""not_applicable"", ""unit_width_cv"": ""not_applicable"", ""whitespace_ratio"": ""direct""}","{""inter_glyph_spacing_mean_norm"": ""MEASURE_NOT_APPLICABLE"", ""inter_glyph_spacing_sd_norm"": ""MEASURE_NOT_APPLICABLE"", ""rhythm_periodicity"": ""MEASURE_NOT_APPLICABLE"", ""unit_area_cv"": ""MEASURE_NOT_APPLICABLE"", ""unit_height_cv"": ""MEASURE_NOT_APPLICABLE"", ""unit_width_cv"": ""MEASURE_NOT_APPLICABLE""}",0.05166339874267578,0.9483366012573242,0.3203758900480212,0.8912337662337663,42,373,0.9981155395507812,0.9287586212158203,0.6153323607734407,0.5004423806673182,0.5263733796846446,,,,,,
feat_3d443e2bac556f220a40,stim_5d9e80dfbfdaaf32,render_551362ca0ff22f33,1.1.0,raster_binary,bbox_height_matched,density|geometry|layout|proportion|reading_rhythm|stroke_gesture|uniformity|visual_center,direct,valid,,4d800e346b040f885277c164e937c2514144ed6292066deb66bb1fc465b2de05,"{""bbox_aspect_ratio"": 518, ""bbox_fill_ratio"": 31917, ""ink_coverage_ratio"": 31917, ""whitespace_ratio"": 2065235}","{""bbox_aspect_ratio"": 320, ""bbox_fill_ratio"": 165760, ""ink_coverage_ratio"": 2097152, ""whitespace_ratio"": 2097152}","{""bbox_aspect_ratio"": ""ratio"", ""bbox_fill_ratio"": ""ratio"", ""centroid_x_norm"": ""ratio"", ""centroid_y_norm"": ""ratio"", ""closure_count"": ""count"", ""connected_component_count"": ""count"", ""ink_coverage_ratio"": ""ratio"", ""inter_glyph_spacing_mean_norm"": ""ratio"", ""inter_glyph_spacing_sd_norm"": ""ratio"", ""rhythm_periodicity"": ""ratio"", ""straight_curve_ratio"": ""ratio"", ""symmetry_horizontal"": ""ratio"", ""symmetry_vertical"": ""ratio"", ""unit_area_cv"": ""ratio"", ""unit_height_cv"": ""ratio"", ""unit_width_cv"": ""ratio"", ""whitespace_ratio"": ""ratio""}","{""bbox_aspect_ratio"": ""direct"", ""bbox_fill_ratio"": ""direct"", ""centroid_x_norm"": ""direct"", ""centroid_y_norm"": ""direct"", ""closure_count"": ""direct"", ""connected_component_count"": ""direct"", ""ink_coverage_ratio"": ""direct"", ""inter_glyph_spacing_mean_norm"": ""not_applicable"", ""inter_glyph_spacing_sd_norm"": ""not_applicable"", ""rhythm_periodicity"": ""not_applicable"", ""straight_curve_ratio"": ""protocol_dependent"", ""symmetry_horizontal"": ""direct"", ""symmetry_vertical"": ""direct"", ""unit_area_cv"": ""not_applicable"", ""unit_height_cv"": ""not_applicable"", ""unit_width_cv"": ""not_applicable"", ""whitespace_ratio"": ""direct""}","{""inter_glyph_spacing_mean_norm"": ""MEASURE_NOT_APPLICABLE"", ""inter_glyph_spacing_sd_norm"": ""MEASURE_NOT_APPLICABLE"", ""rhythm_periodicity"": ""MEASURE_NOT_APPLICABLE"", ""unit_area_cv"": ""MEASURE_NOT_APPLICABLE"", ""unit_height_cv"": ""MEASURE_NOT_APPLICABLE"", ""unit_width_cv"": ""MEASURE_NOT_APPLICABLE""}",0.01521921157836914,0.9847807884216309,0.1925494691119691,1.61875,6,0,0.9743566513061523,0.9842920303344727,0.5836145387804045,0.4883872836918805,0.5058969786379516,,,,,,
feat_d0db4d63e88599b9700e,stim_5d9e80dfbfdaaf32,render_551362ca0ff22f33,1.1.0,raster_grayscale,bbox_height_matched,density|geometry|layout|proportion|reading_rhythm|stroke_gesture|uniformity|visual_center,direct,valid,,4d800e346b040f885277c164e937c2514144ed6292066deb66bb1fc465b2de05,"{""bbox_aspect_ratio"": 518, ""bbox_fill_ratio"": 36827, ""ink_coverage_ratio"": 36827, ""whitespace_ratio"": 2060325}","{""bbox_aspect_ratio"": 320, ""bbox_fill_ratio"": 165760, ""ink_coverage_ratio"": 2097152, ""whitespace_ratio"": 2097152}","{""bbox_aspect_ratio"": ""ratio"", ""bbox_fill_ratio"": ""ratio"", ""centroid_x_norm"": ""ratio"", ""centroid_y_norm"": ""ratio"", ""closure_count"": ""count"", ""connected_component_count"": ""count"", ""ink_coverage_ratio"": ""ratio"", ""inter_glyph_spacing_mean_norm"": ""ratio"", ""inter_glyph_spacing_sd_norm"": ""ratio"", ""rhythm_periodicity"": ""ratio"", ""straight_curve_ratio"": ""ratio"", ""symmetry_horizontal"": ""ratio"", ""symmetry_vertical"": ""ratio"", ""unit_area_cv"": ""ratio"", ""unit_height_cv"": ""ratio"", ""unit_width_cv"": ""ratio"", ""whitespace_ratio"": ""ratio""}","{""bbox_aspect_ratio"": ""direct"", ""bbox_fill_ratio"": ""direct"", ""centroid_x_norm"": ""direct"", ""centroid_y_norm"": ""direct"", ""closure_count"": ""direct"", ""connected_component_count"": ""direct"", ""ink_coverage_ratio"": ""direct"", ""inter_glyph_spacing_mean_norm"": ""not_applicable"", ""inter_glyph_spacing_sd_norm"": ""not_applicable"", ""rhythm_periodicity"": ""not_applicable"", ""straight_curve_ratio"": ""protocol_dependent"", ""symmetry_horizontal"": ""direct"", ""symmetry_vertical"": ""direct"", ""unit_area_cv"": ""not_applicable"", ""unit_height_cv"": ""not_applicable"", ""unit_width_cv"": ""not_applicable"", ""whitespace_ratio"": ""direct""}","{""inter_glyph_spacing_mean_norm"": ""MEASURE_NOT_APPLICABLE"", ""inter_glyph_spacing_sd_norm"": ""MEASURE_NOT_APPLICABLE"", ""rhythm_periodicity"": ""MEASURE_NOT_APPLICABLE"", ""unit_area_cv"": ""MEASURE_NOT_APPLICABLE"", ""unit_height_cv"": ""MEASURE_NOT_APPLICABLE"", ""unit_width_cv"": ""MEASURE_NOT_APPLICABLE""}",0.017560482025146484,0.9824395179748535,0.2221706081081081,1.61875,79,984,0.9716577529907227,0.9828577041625977,0.25164674802862685,0.4900893504171532,0.5058413430533304,,,,,,
feat_73742986eac7542ab757,stim_5f1eabd656921ddb,render_551362ca0ff22f33,1.1.0,raster_binary,bbox_height_matched,density|geometry|layout|proportion|reading_rhythm|stroke_gesture|uniformity|visual_center,direct,valid,,4d800e346b040f885277c164e937c2514144ed6292066deb66bb1fc465b2de05,"{""bbox_aspect_ratio"": 287, ""bbox_fill_ratio"": 32714, ""ink_coverage_ratio"": 32714, ""whitespace_ratio"": 2064438}","{""bbox_aspect_ratio"": 320, ""bbox_fill_ratio"": 91840, ""ink_coverage_ratio"": 2097152, ""whitespace_ratio"": 2097152}","{""bbox_aspect_ratio"": ""ratio"", ""bbox_fill_ratio"": ""ratio"", ""centroid_x_norm"": ""ratio"", ""centroid_y_norm"": ""ratio"", ""closure_count"": ""count"", ""connected_component_count"": ""count"", ""ink_coverage_ratio"": ""ratio"", ""inter_glyph_spacing_mean_norm"": ""ratio"", ""inter_glyph_spacing_sd_norm"": ""ratio"", ""rhythm_periodicity"": ""ratio"", ""straight_curve_ratio"": ""ratio"", ""symmetry_horizontal"": ""ratio"", ""symmetry_vertical"": ""ratio"", ""unit_area_cv"": ""ratio"", ""unit_height_cv"": ""ratio"", ""unit_width_cv"": ""ratio"", ""whitespace_ratio"": ""ratio""}","{""bbox_aspect_ratio"": ""direct"", ""bbox_fill_ratio"": ""direct"", ""centroid_x_norm"": ""direct"", ""centroid_y_norm"": ""direct"", ""closure_count"": ""direct"", ""connected_component_count"": ""direct"", ""ink_coverage_ratio"": ""direct"", ""inter_glyph_spacing_mean_norm"": ""not_applicable"", ""inter_glyph_spacing_sd_norm"": ""not_applicable"", ""rhythm_periodicity"": ""not_applicable"", ""straight_curve_ratio"": ""protocol_dependent"", ""symmetry_horizontal"": ""direct"", ""symmetry_vertical"": ""direct"", ""unit_area_cv"": ""not_applicable"", ""unit_height_cv"": ""not_applicable"", ""unit_width_cv"": ""not_applicable"", ""whitespace_ratio"": ""direct""}","{""inter_glyph_spacing_mean_norm"": ""MEASURE_NOT_APPLICABLE"", ""inter_glyph_spacing_sd_norm"": ""MEASURE_NOT_APPLICABLE"", ""rhythm_periodicity"": ""MEASURE_NOT_APPLICABLE"", ""unit_area_cv"": ""MEASURE_NOT_APPLICABLE"", ""unit_height_cv"": ""MEASURE_NOT_APPLICABLE"", ""unit_width_cv"": ""MEASURE_NOT_APPLICABLE""}",0.015599250793457031,0.984400749206543,0.35620644599303136,0.896875,1,1,0.9993648529052734,0.9998569488525391,0.5215684136034331,0.49919694943774073,0.49907197606529313,,,,,,
feat_42ae575cfcfdffe24aa8,stim_5f1eabd656921ddb,render_551362ca0ff22f33,1.1.0,raster_grayscale,bbox_height_matched,density|geometry|layout|proportion|reading_rhythm|stroke_gesture|uniformity|visual_center,direct,valid,,4d800e346b040f885277c164e937c2514144ed6292066deb66bb1fc465b2de05,"{""bbox_aspect_ratio"": 287, ""bbox_fill_ratio"": 34764, ""ink_coverage_ratio"": 34764, ""whitespace_ratio"": 2062388}","{""bbox_aspect_ratio"": 320, ""bbox_fill_ratio"": 91840, ""ink_coverage_ratio"": 2097152, ""whitespace_ratio"": 2097152}","{""bbox_aspect_ratio"": ""ratio"", ""bbox_fill_ratio"": ""ratio"", ""centroid_x_norm"": ""ratio"", ""centroid_y_norm"": ""ratio"", ""closure_count"": ""count"", ""connected_component_count"": ""count"", ""ink_coverage_ratio"": ""ratio"", ""inter_glyph_spacing_mean_norm"": ""ratio"", ""inter_glyph_spacing_sd_norm"": ""ratio"", ""rhythm_periodicity"": ""ratio"", ""straight_curve_ratio"": ""ratio"", ""symmetry_horizontal"": ""ratio"", ""symmetry_vertical"": ""ratio"", ""unit_area_cv"": ""ratio"", ""unit_height_cv"": ""ratio"", ""unit_width_cv"": ""ratio"", ""whitespace_ratio"": ""ratio""}","{""bbox_aspect_ratio"": ""direct"", ""bbox_fill_ratio"": ""direct"", ""centroid_x_norm"": ""direct"", ""centroid_y_norm"": ""direct"", ""closure_count"": ""direct"", ""connected_component_count"": ""direct"", ""ink_coverage_ratio"": ""direct"", ""inter_glyph_spacing_mean_norm"": ""not_applicable"", ""inter_glyph_spacing_sd_norm"": ""not_applicable"", ""rhythm_periodicity"": ""not_applicable"", ""straight_curve_ratio"": ""protocol_dependent"", ""symmetry_horizontal"": ""direct"", ""symmetry_vertical"": ""direct"", ""unit_area_cv"": ""not_applicable"", ""unit_height_cv"": ""not_applicable"", ""unit_width_cv"": ""not_applicable"", ""whitespace_ratio"": ""direct""}","{""inter_glyph_spacing_mean_norm"": ""MEASURE_NOT_APPLICABLE"", ""inter_glyph_spacing_sd_norm"": ""MEASURE_NOT_APPLICABLE"", ""rhythm_periodicity"": ""MEASURE_NOT_APPLICABLE"", ""unit_area_cv"": ""MEASURE_NOT_APPLICABLE"", ""unit_height_cv"": ""MEASURE_NOT_APPLICABLE"", ""unit_width_cv"": ""MEASURE_NOT_APPLICABLE""}",0.016576766967773438,0.9834232330322266,0.3785278745644599,0.896875,73,280,0.9988670349121094,0.9995708465576172,0.45450249475461846,0.49921579199656974,0.49916743299462085,,,,,,
feat_33537e15ca236414b8da,stim_601185036f9b5115,render_551362ca0ff22f33,1.1.0,raster_binary,ink_area_matched,density|geometry|layout|proportion|reading_rhythm|stroke_gesture|uniformity|visual_center,direct,valid,,4d800e346b040f885277c164e937c2514144ed6292066deb66bb1fc465b2de05,"{""bbox_aspect_ratio"": 652, ""bbox_fill_ratio"": 104879, ""ink_coverage_ratio"": 104879, ""whitespace_ratio"": 1992273}","{""bbox_aspect_ratio"": 653, ""bbox_fill_ratio"": 425756, ""ink_coverage_ratio"": 2097152, ""whitespace_ratio"": 2097152}","{""bbox_aspect_ratio"": ""ratio"", ""bbox_fill_ratio"": ""ratio"", ""centroid_x_norm"": ""ratio"", ""centroid_y_norm"": ""ratio"", ""closure_count"": ""count"", ""connected_component_count"": ""count"", ""ink_coverage_ratio"": ""ratio"", ""inter_glyph_spacing_mean_norm"": ""ratio"", ""inter_glyph_spacing_sd_norm"": ""ratio"", ""rhythm_periodicity"": ""ratio"", ""straight_curve_ratio"": ""ratio"", ""symmetry_horizontal"": ""ratio"", ""symmetry_vertical"": ""ratio"", ""unit_area_cv"": ""ratio"", ""unit_height_cv"": ""ratio"", ""unit_width_cv"": ""ratio"", ""whitespace_ratio"": ""ratio""}","{""bbox_aspect_ratio"": ""direct"", ""bbox_fill_ratio"": ""direct"", ""centroid_x_norm"": ""direct"", ""centroid_y_norm"": ""direct"", ""closure_count"": ""direct"", ""connected_component_count"": ""direct"", ""ink_coverage_ratio"": ""direct"", ""inter_glyph_spacing_mean_norm"": ""not_applicable"", ""inter_glyph_spacing_sd_norm"": ""not_applicable"", ""rhythm_periodicity"": ""not_applicable"", ""straight_curve_ratio"": ""protocol_dependent"", ""symmetry_horizontal"": ""direct"", ""symmetry_vertical"": ""direct"", ""unit_area_cv"": ""not_applicable"", ""unit_height_cv"": ""not_applicable"", ""unit_width_cv"": ""not_applicable"", ""whitespace_ratio"": ""direct""}","{""inter_glyph_spacing_mean_norm"": ""MEASURE_NOT_APPLICABLE"", ""inter_glyph_spacing_sd_norm"": ""MEASURE_NOT_APPLICABLE"", ""rhythm_periodicity"": ""MEASURE_NOT_APPLICABLE"", ""unit_area_cv"": ""MEASURE_NOT_APPLICABLE"", ""unit_height_cv"": ""MEASURE_NOT_APPLICABLE"", ""unit_width_cv"": ""MEASURE_NOT_APPLICABLE""}",0.05001020431518555,0.9499897956848145,0.24633592949952554,0.998468606431853,1,1,0.9810953140258789,0.9189367294311523,0.5701278512072002,0.49619082987895574,0.49916834034637536,,,,,,
feat_796c32eb02e4c5f04209,stim_601185036f9b5115,render_551362ca0ff22f33,1.1.0,raster_grayscale,ink_area_matched,density|geometry|layout|proportion|reading_rhythm|stroke_gesture|uniformity|visual_center,direct,valid,,4d800e346b040f885277c164e937c2514144ed6292066deb66bb1fc465b2de05,"{""bbox_aspect_ratio"": 652, ""bbox_fill_ratio"": 108939, ""ink_coverage_ratio"": 108939, ""whitespace_ratio"": 1988213}","{""bbox_aspect_ratio"": 653, ""bbox_fill_ratio"": 425756, ""ink_coverage_ratio"": 2097152, ""whitespace_ratio"": 2097152}","{""bbox_aspect_ratio"": ""ratio"", ""bbox_fill_ratio"": ""ratio"", ""centroid_x_norm"": ""ratio"", ""centroid_y_norm"": ""ratio"", ""closure_count"": ""count"", ""connected_component_count"": ""count"", ""ink_coverage_ratio"": ""ratio"", ""inter_glyph_spacing_mean_norm"": ""ratio"", ""inter_glyph_spacing_sd_norm"": ""ratio"", ""rhythm_periodicity"": ""ratio"", ""straight_curve_ratio"": ""ratio"", ""symmetry_horizontal"": ""ratio"", ""symmetry_vertical"": ""ratio"", ""unit_area_cv"": ""ratio"", ""unit_height_cv"": ""ratio"", ""unit_width_cv"": ""ratio"", ""whitespace_ratio"": ""ratio""}","{""bbox_aspect_ratio"": ""direct"", ""bbox_fill_ratio"": ""direct"", ""centroid_x_norm"": ""direct"", ""centroid_y_norm"": ""direct"", ""closure_count"": ""direct"", ""connected_component_count"": ""direct"", ""ink_coverage_ratio"": ""direct"", ""inter_glyph_spacing_mean_norm"": ""not_applicable"", ""inter_glyph_spacing_sd_norm"": ""not_applicable"", ""rhythm_periodicity"": ""not_applicable"", ""straight_curve_ratio"": ""protocol_dependent"", ""symmetry_horizontal"": ""direct"", ""symmetry_vertical"": ""direct"", ""unit_area_cv"": ""not_applicable"", ""unit_height_cv"": ""not_applicable"", ""unit_width_cv"": ""not_applicable"", ""whitespace_ratio"": ""direct""}","{""inter_glyph_spacing_mean_norm"": ""MEASURE_NOT_APPLICABLE"", ""inter_glyph_spacing_sd_norm"": ""MEASURE_NOT_APPLICABLE"", ""rhythm_periodicity"": ""MEASURE_NOT_APPLICABLE"", ""unit_area_cv"": ""MEASURE_NOT_APPLICABLE"", ""unit_height_cv"": ""MEASURE_NOT_APPLICABLE"", ""unit_width_cv"": ""MEASURE_NOT_APPLICABLE""}",0.051946163177490234,0.9480538368225098,0.2558719078533244,0.998468606431853,24,657,0.9814462661743164,0.9165372848510742,0.5018343727427329,0.4961862571527988,0.5008231563363442,,,,,,
feat_6e66c05a0cc0755d07e6,stim_625f6ea9a4fadc0f,render_551362ca0ff22f33,1.1.0,raster_binary,bbox_height_matched,density|geometry|layout|proportion|reading_rhythm|stroke_gesture|uniformity|visual_center,direct,valid,,4d800e346b040f885277c164e937c2514144ed6292066deb66bb1fc465b2de05,"{""bbox_aspect_ratio"": 344, ""bbox_fill_ratio"": 31158, ""ink_coverage_ratio"": 31158, ""whitespace_ratio"": 2065994}","{""bbox_aspect_ratio"": 320, ""bbox_fill_ratio"": 110080, ""ink_coverage_ratio"": 2097152, ""whitespace_ratio"": 2097152}","{""bbox_aspect_ratio"": ""ratio"", ""bbox_fill_ratio"": ""ratio"", ""centroid_x_norm"": ""ratio"", ""centroid_y_norm"": ""ratio"", ""closure_count"": ""count"", ""connected_component_count"": ""count"", ""ink_coverage_ratio"": ""ratio"", ""inter_glyph_spacing_mean_norm"": ""ratio"", ""inter_glyph_spacing_sd_norm"": ""ratio"", ""rhythm_periodicity"": ""ratio"", ""straight_curve_ratio"": ""ratio"", ""symmetry_horizontal"": ""ratio"", ""symmetry_vertical"": ""ratio"", ""unit_area_cv"": ""ratio"", ""unit_height_cv"": ""ratio"", ""unit_width_cv"": ""ratio"", ""whitespace_ratio"": ""ratio""}","{""bbox_aspect_ratio"": ""direct"", ""bbox_fill_ratio"": ""direct"", ""centroid_x_norm"": ""direct"", ""centroid_y_norm"": ""direct"", ""closure_count"": ""direct"", ""connected_component_count"": ""direct"", ""ink_coverage_ratio"": ""direct"", ""inter_glyph_spacing_mean_norm"": ""not_applicable"", ""inter_glyph_spacing_sd_norm"": ""not_applicable"", ""rhythm_periodicity"": ""not_applicable"", ""straight_curve_ratio"": ""protocol_dependent"", ""symmetry_horizontal"": ""direct"", ""symmetry_vertical"": ""direct"", ""unit_area_cv"": ""not_applicable"", ""unit_height_cv"": ""not_applicable"", ""unit_width_cv"": ""not_applicable"", ""whitespace_ratio"": ""direct""}","{""inter_glyph_spacing_mean_norm"": ""MEASURE_NOT_APPLICABLE"", ""inter_glyph_spacing_sd_norm"": ""MEASURE_NOT_APPLICABLE"", ""rhythm_periodicity"": ""MEASURE_NOT_APPLICABLE"", ""unit_area_cv"": ""MEASURE_NOT_APPLICABLE"", ""unit_height_cv"": ""MEASURE_NOT_APPLICABLE"", ""unit_width_cv"": ""MEASURE_NOT_APPLICABLE""}",0.014857292175292969,0.985142707824707,0.2830486918604651,1.075,1,0,0.9988193511962891,0.9859905242919922,0.7179912798291016,0.49961049391909784,0.503465922425621,,,,,,
feat_e2f885da909c1ac3d675,stim_625f6ea9a4fadc0f,render_551362ca0ff22f33,1.1.0,raster_grayscale,bbox_height_matched,density|geometry|layout|proportion|reading_rhythm|stroke_gesture|uniformity|visual_center,direct,valid,,4d800e346b040f885277c164e937c2514144ed6292066deb66bb1fc465b2de05,"{""bbox_aspect_ratio"": 344, ""bbox_fill_ratio"": 34194, ""ink_coverage_ratio"": 34194, ""whitespace_ratio"": 2062958}","{""bbox_aspect_ratio"": 320, ""bbox_fill_ratio"": 110080, ""ink_coverage_ratio"": 2097152, ""whitespace_ratio"": 2097152}","{""bbox_aspect_ratio"": ""ratio"", ""bbox_fill_ratio"": ""ratio"", ""centroid_x_norm"": ""ratio"", ""centroid_y_norm"": ""ratio"", ""closure_count"": ""count"", ""connected_component_count"": ""count"", ""ink_coverage_ratio"": ""ratio"", ""inter_glyph_spacing_mean_norm"": ""ratio"", ""inter_glyph_spacing_sd_norm"": ""ratio"", ""rhythm_periodicity"": ""ratio"", ""straight_curve_ratio"": ""ratio"", ""symmetry_horizontal"": ""ratio"", ""symmetry_vertical"": ""ratio"", ""unit_area_cv"": ""ratio"", ""unit_height_cv"": ""ratio"", ""unit_width_cv"": ""ratio"", ""whitespace_ratio"": ""ratio""}","{""bbox_aspect_ratio"": ""direct"", ""bbox_fill_ratio"": ""direct"", ""centroid_x_norm"": ""direct"", ""centroid_y_norm"": ""direct"", ""closure_count"": ""direct"", ""connected_component_count"": ""direct"", ""ink_coverage_ratio"": ""direct"", ""inter_glyph_spacing_mean_norm"": ""not_applicable"", ""inter_glyph_spacing_sd_norm"": ""not_applicable"", ""rhythm_periodicity"": ""not_applicable"", ""straight_curve_ratio"": ""protocol_dependent"", ""symmetry_horizontal"": ""direct"", ""symmetry_vertical"": ""direct"", ""unit_area_cv"": ""not_applicable"", ""unit_height_cv"": ""not_applicable"", ""unit_width_cv"": ""not_applicable"", ""whitespace_ratio"": ""direct""}","{""inter_glyph_spacing_mean_norm"": ""MEASURE_NOT_APPLICABLE"", ""inter_glyph_spacing_sd_norm"": ""MEASURE_NOT_APPLICABLE"", ""rhythm_periodicity"": ""MEASURE_NOT_APPLICABLE"", ""unit_area_cv"": ""MEASURE_NOT_APPLICABLE"", ""unit_height_cv"": ""MEASURE_NOT_APPLICABLE"", ""unit_width_cv"": ""MEASURE_NOT_APPLICABLE""}",0.016304969787597656,0.9836950302124023,0.31062863372093025,1.075,9,520,0.9990901947021484,0.9849262237548828,0.3945756917863449,0.4995082059352518,0.5023368785916389,,,,,,
feat_6bee6490444568f0c807,stim_6272fac90462d4cc,render_551362ca0ff22f33,1.1.0,raster_binary,ink_area_matched,density|geometry|layout|proportion|reading_rhythm|stroke_gesture|uniformity|visual_center,direct,valid,,4d800e346b040f885277c164e937c2514144ed6292066deb66bb1fc465b2de05,"{""bbox_aspect_ratio"": 716, ""bbox_fill_ratio"": 104914, ""ink_coverage_ratio"": 104914, ""whitespace_ratio"": 1992238}","{""bbox_aspect_ratio"": 640, ""bbox_fill_ratio"": 458240, ""ink_coverage_ratio"": 2097152, ""whitespace_ratio"": 2097152}","{""bbox_aspect_ratio"": ""ratio"", ""bbox_fill_ratio"": ""ratio"", ""centroid_x_norm"": ""ratio"", ""centroid_y_norm"": ""ratio"", ""closure_count"": ""count"", ""connected_component_count"": ""count"", ""ink_coverage_ratio"": ""ratio"", ""inter_glyph_spacing_mean_norm"": ""ratio"", ""inter_glyph_spacing_sd_norm"": ""ratio"", ""rhythm_periodicity"": ""ratio"", ""straight_curve_ratio"": ""ratio"", ""symmetry_horizontal"": ""ratio"", ""symmetry_vertical"": ""ratio"", ""unit_area_cv"": ""ratio"", ""unit_height_cv"": ""ratio"", ""unit_width_cv"": ""ratio"", ""whitespace_ratio"": ""ratio""}","{""bbox_aspect_ratio"": ""direct"", ""bbox_fill_ratio"": ""direct"", ""centroid_x_norm"": ""direct"", ""centroid_y_norm"": ""direct"", ""closure_count"": ""direct"", ""connected_component_count"": ""direct"", ""ink_coverage_ratio"": ""direct"", ""inter_glyph_spacing_mean_norm"": ""not_applicable"", ""inter_glyph_spacing_sd_norm"": ""not_applicable"", ""rhythm_periodicity"": ""not_applicable"", ""straight_curve_ratio"": ""protocol_dependent"", ""symmetry_horizontal"": ""direct"", ""symmetry_vertical"": ""direct"", ""unit_area_cv"": ""not_applicable"", ""unit_height_cv"": ""not_applicable"", ""unit_width_cv"": ""not_applicable"", ""whitespace_ratio"": ""direct""}","{""inter_glyph_spacing_mean_norm"": ""MEASURE_NOT_APPLICABLE"", ""inter_glyph_spacing_sd_norm"": ""MEASURE_NOT_APPLICABLE"", ""rhythm_periodicity"": ""MEASURE_NOT_APPLICABLE"", ""unit_area_cv"": ""MEASURE_NOT_APPLICABLE"", ""unit_height_cv"": ""MEASURE_NOT_APPLICABLE"", ""unit_width_cv"": ""MEASURE_NOT_APPLICABLE""}",0.050026893615722656,0.9499731063842773,0.22894989525139664,1.11875,2,0,0.9283599853515625,0.9298095703125,0.48339075195969633,0.4719878314396196,0.5202126674883715,,,,,,
feat_6e0a6e647d08ecd0aba8,stim_6272fac90462d4cc,render_551362ca0ff22f33,1.1.0,raster_grayscale,ink_area_matched,density|geometry|layout|proportion|reading_rhythm|stroke_gesture|uniformity|visual_center,direct,valid,,4d800e346b040f885277c164e937c2514144ed6292066deb66bb1fc465b2de05,"{""bbox_aspect_ratio"": 716, ""bbox_fill_ratio"": 108665, ""ink_coverage_ratio"": 108665, ""whitespace_ratio"": 1988487}","{""bbox_aspect_ratio"": 640, ""bbox_fill_ratio"": 458240, ""ink_coverage_ratio"": 2097152, ""whitespace_ratio"": 2097152}","{""bbox_aspect_ratio"": ""ratio"", ""bbox_fill_ratio"": ""ratio"", ""centroid_x_norm"": ""ratio"", ""centroid_y_norm"": ""ratio"", ""closure_count"": ""count"", ""connected_component_count"": ""count"", ""ink_coverage_ratio"": ""ratio"", ""inter_glyph_spacing_mean_norm"": ""ratio"", ""inter_glyph_spacing_sd_norm"": ""ratio"", ""rhythm_periodicity"": ""ratio"", ""straight_curve_ratio"": ""ratio"", ""symmetry_horizontal"": ""ratio"", ""symmetry_vertical"": ""ratio"", ""unit_area_cv"": ""ratio"", ""unit_height_cv"": ""ratio"", ""unit_width_cv"": ""ratio"", ""whitespace_ratio"": ""ratio""}","{""bbox_aspect_ratio"": ""direct"", ""bbox_fill_ratio"": ""direct"", ""centroid_x_norm"": ""direct"", ""centroid_y_norm"": ""direct"", ""closure_count"": ""direct"", ""connected_component_count"": ""direct"", ""ink_coverage_ratio"": ""direct"", ""inter_glyph_spacing_mean_norm"": ""not_applicable"", ""inter_glyph_spacing_sd_norm"": ""not_applicable"", ""rhythm_periodicity"": ""not_applicable"", ""straight_curve_ratio"": ""protocol_dependent"", ""symmetry_horizontal"": ""direct"", ""symmetry_vertical"": ""direct"", ""unit_area_cv"": ""not_applicable"", ""unit_height_cv"": ""not_applicable"", ""unit_width_cv"": ""not_applicable"", ""whitespace_ratio"": ""direct""}","{""inter_glyph_spacing_mean_norm"": ""MEASURE_NOT_APPLICABLE"", ""inter_glyph_spacing_sd_norm"": ""MEASURE_NOT_APPLICABLE"", ""rhythm_periodicity"": ""MEASURE_NOT_APPLICABLE"", ""unit_area_cv"": ""MEASURE_NOT_APPLICABLE"", ""unit_height_cv"": ""MEASURE_NOT_APPLICABLE"", ""unit_width_cv"": ""MEASURE_NOT_APPLICABLE""}",0.05181550979614258,0.9481844902038574,0.23713556215083798,1.11875,96,447,0.9266824722290039,0.9281988143920898,0.5505290711542126,0.4726812920227879,0.5198166203181798,,,,,,
feat_d078829b548d981331fc,stim_6520f0d09920f8bc,render_551362ca0ff22f33,1.1.0,raster_binary,bbox_height_matched,density|geometry|layout|proportion|reading_rhythm|stroke_gesture|uniformity|visual_center,direct,valid,,4d800e346b040f885277c164e937c2514144ed6292066deb66bb1fc465b2de05,"{""bbox_aspect_ratio"": 350, ""bbox_fill_ratio"": 37967, ""ink_coverage_ratio"": 37967, ""whitespace_ratio"": 2059185}","{""bbox_aspect_ratio"": 320, ""bbox_fill_ratio"": 112000, ""ink_coverage_ratio"": 2097152, ""whitespace_ratio"": 2097152}","{""bbox_aspect_ratio"": ""ratio"", ""bbox_fill_ratio"": ""ratio"", ""centroid_x_norm"": ""ratio"", ""centroid_y_norm"": ""ratio"", ""closure_count"": ""count"", ""connected_component_count"": ""count"", ""ink_coverage_ratio"": ""ratio"", ""inter_glyph_spacing_mean_norm"": ""ratio"", ""inter_glyph_spacing_sd_norm"": ""ratio"", ""rhythm_periodicity"": ""ratio"", ""straight_curve_ratio"": ""ratio"", ""symmetry_horizontal"": ""ratio"", ""symmetry_vertical"": ""ratio"", ""unit_area_cv"": ""ratio"", ""unit_height_cv"": ""ratio"", ""unit_width_cv"": ""ratio"", ""whitespace_ratio"": ""ratio""}","{""bbox_aspect_ratio"": ""direct"", ""bbox_fill_ratio"": ""direct"", ""centroid_x_norm"": ""direct"", ""centroid_y_norm"": ""direct"", ""closure_count"": ""direct"", ""connected_component_count"": ""direct"", ""ink_coverage_ratio"": ""direct"", ""inter_glyph_spacing_mean_norm"": ""not_applicable"", ""inter_glyph_spacing_sd_norm"": ""not_applicable"", ""rhythm_periodicity"": ""not_applicable"", ""straight_curve_ratio"": ""protocol_dependent"", ""symmetry_horizontal"": ""direct"", ""symmetry_vertical"": ""direct"", ""unit_area_cv"": ""not_applicable"", ""unit_height_cv"": ""not_applicable"", ""unit_width_cv"": ""not_applicable"", ""whitespace_ratio"": ""direct""}","{""inter_glyph_spacing_mean_norm"": ""MEASURE_NOT_APPLICABLE"", ""inter_glyph_spacing_sd_norm"": ""MEASURE_NOT_APPLICABLE"", ""rhythm_periodicity"": ""MEASURE_NOT_APPLICABLE"", ""unit_area_cv"": ""MEASURE_NOT_APPLICABLE"", ""unit_height_cv"": ""MEASURE_NOT_APPLICABLE"", ""unit_width_cv"": ""MEASURE_NOT_APPLICABLE""}",0.018104076385498047,0.981895923614502,0.33899107142857143,1.09375,1,1,0.9874582290649414,0.9875288009643555,0.45753720721824553,0.49951026549371824,0.49150634720612635,,,,,,
feat_09252e41e31909bbdf46,stim_6520f0d09920f8bc,render_551362ca0ff22f33,1.1.0,raster_grayscale,bbox_height_matched,density|geometry|layout|proportion|reading_rhythm|stroke_gesture|uniformity|visual_center,direct,valid,,4d800e346b040f885277c164e937c2514144ed6292066deb66bb1fc465b2de05,"{""bbox_aspect_ratio"": 350, ""bbox_fill_ratio"": 40786, ""ink_coverage_ratio"": 40786, ""whitespace_ratio"": 2056366}","{""bbox_aspect_ratio"": 320, ""bbox_fill_ratio"": 112000, ""ink_coverage_ratio"": 2097152, ""whitespace_ratio"": 2097152}","{""bbox_aspect_ratio"": ""ratio"", ""bbox_fill_ratio"": ""ratio"", ""centroid_x_norm"": ""ratio"", ""centroid_y_norm"": ""ratio"", ""closure_count"": ""count"", ""connected_component_count"": ""count"", ""ink_coverage_ratio"": ""ratio"", ""inter_glyph_spacing_mean_norm"": ""ratio"", ""inter_glyph_spacing_sd_norm"": ""ratio"", ""rhythm_periodicity"": ""ratio"", ""straight_curve_ratio"": ""ratio"", ""symmetry_horizontal"": ""ratio"", ""symmetry_vertical"": ""ratio"", ""unit_area_cv"": ""ratio"", ""unit_height_cv"": ""ratio"", ""unit_width_cv"": ""ratio"", ""whitespace_ratio"": ""ratio""}","{""bbox_aspect_ratio"": ""direct"", ""bbox_fill_ratio"": ""direct"", ""centroid_x_norm"": ""direct"", ""centroid_y_norm"": ""direct"", ""closure_count"": ""direct"", ""connected_component_count"": ""direct"", ""ink_coverage_ratio"": ""direct"", ""inter_glyph_spacing_mean_norm"": ""not_applicable"", ""inter_glyph_spacing_sd_norm"": ""not_applicable"", ""rhythm_periodicity"": ""not_applicable"", ""straight_curve_ratio"": ""protocol_dependent"", ""symmetry_horizontal"": ""direct"", ""symmetry_vertical"": ""direct"", ""unit_area_cv"": ""not_applicable"", ""unit_height_cv"": ""not_applicable"", ""unit_width_cv"": ""not_applicable"", ""whitespace_ratio"": ""direct""}","{""inter_glyph_spacing_mean_norm"": ""MEASURE_NOT_APPLICABLE"", ""inter_glyph_spacing_sd_norm"": ""MEASURE_NOT_APPLICABLE"", ""rhythm_periodicity"": ""MEASURE_NOT_APPLICABLE"", ""unit_area_cv"": ""MEASURE_NOT_APPLICABLE"", ""unit_height_cv"": ""MEASURE_NOT_APPLICABLE"", ""unit_width_cv"": ""MEASURE_NOT_APPLICABLE""}",0.019448280334472656,0.9805517196655273,0.3641607142857143,1.09375,78,442,0.9871234893798828,0.9871730804443359,0.3998621856888436,0.4994600604948696,0.491712172222086,,,,,,
feat_e053a1687b16ff7b1126,stim_6571b49342e42e79,render_551362ca0ff22f33,1.1.0,raster_binary,bbox_height_matched,density|geometry|layout|proportion|reading_rhythm|stroke_gesture|uniformity|visual_center,direct,valid,,4d800e346b040f885277c164e937c2514144ed6292066deb66bb1fc465b2de05,"{""bbox_aspect_ratio"": 295, ""bbox_fill_ratio"": 21059, ""ink_coverage_ratio"": 21059, ""whitespace_ratio"": 2076093}","{""bbox_aspect_ratio"": 320, ""bbox_fill_ratio"": 94400, ""ink_coverage_ratio"": 2097152, ""whitespace_ratio"": 2097152}","{""bbox_aspect_ratio"": ""ratio"", ""bbox_fill_ratio"": ""ratio"", ""centroid_x_norm"": ""ratio"", ""centroid_y_norm"": ""ratio"", ""closure_count"": ""count"", ""connected_component_count"": ""count"", ""ink_coverage_ratio"": ""ratio"", ""inter_glyph_spacing_mean_norm"": ""ratio"", ""inter_glyph_spacing_sd_norm"": ""ratio"", ""rhythm_periodicity"": ""ratio"", ""straight_curve_ratio"": ""ratio"", ""symmetry_horizontal"": ""ratio"", ""symmetry_vertical"": ""ratio"", ""unit_area_cv"": ""ratio"", ""unit_height_cv"": ""ratio"", ""unit_width_cv"": ""ratio"", ""whitespace_ratio"": ""ratio""}","{""bbox_aspect_ratio"": ""direct"", ""bbox_fill_ratio"": ""direct"", ""centroid_x_norm"": ""direct"", ""centroid_y_norm"": ""direct"", ""closure_count"": ""direct"", ""connected_component_count"": ""direct"", ""ink_coverage_ratio"": ""direct"", ""inter_glyph_spacing_mean_norm"": ""not_applicable"", ""inter_glyph_spacing_sd_norm"": ""not_applicable"", ""rhythm_periodicity"": ""not_applicable"", ""straight_curve_ratio"": ""protocol_dependent"", ""symmetry_horizontal"": ""direct"", ""symmetry_vertical"": ""direct"", ""unit_area_cv"": ""not_applicable"", ""unit_height_cv"": ""not_applicable"", ""unit_width_cv"": ""not_applicable"", ""whitespace_ratio"": ""direct""}","{""inter_glyph_spacing_mean_norm"": ""MEASURE_NOT_APPLICABLE"", ""inter_glyph_spacing_sd_norm"": ""MEASURE_NOT_APPLICABLE"", ""rhythm_periodicity"": ""MEASURE_NOT_APPLICABLE"", ""unit_area_cv"": ""MEASURE_NOT_APPLICABLE"", ""unit_height_cv"": ""MEASURE_NOT_APPLICABLE"", ""unit_width_cv"": ""MEASURE_NOT_APPLICABLE""}",0.01004171371459961,0.9899582862854004,0.22308262711864407,0.921875,2,0,0.9848127365112305,0.9895906448364258,0.7741411480827886,0.5071103710854029,0.48119471447777673,,,,,,
feat_da3acb09e72cdad8114c,stim_6571b49342e42e79,render_551362ca0ff22f33,1.1.0,raster_grayscale,bbox_height_matched,density|geometry|layout|proportion|reading_rhythm|stroke_gesture|uniformity|visual_center,direct,valid,,4d800e346b040f885277c164e937c2514144ed6292066deb66bb1fc465b2de05,"{""bbox_aspect_ratio"": 295, ""bbox_fill_ratio"": 23517, ""ink_coverage_ratio"": 23517, ""whitespace_ratio"": 2073635}","{""bbox_aspect_ratio"": 320, ""bbox_fill_ratio"": 94400, ""ink_coverage_ratio"": 2097152, ""whitespace_ratio"": 2097152}","{""bbox_aspect_ratio"": ""ratio"", ""bbox_fill_ratio"": ""ratio"", ""centroid_x_norm"": ""ratio"", ""centroid_y_norm"": ""ratio"", ""closure_count"": ""count"", ""connected_component_count"": ""count"", ""ink_coverage_ratio"": ""ratio"", ""inter_glyph_spacing_mean_norm"": ""ratio"", ""inter_glyph_spacing_sd_norm"": ""ratio"", ""rhythm_periodicity"": ""ratio"", ""straight_curve_ratio"": ""ratio"", ""symmetry_horizontal"": ""ratio"", ""symmetry_vertical"": ""ratio"", ""unit_area_cv"": ""ratio"", ""unit_height_cv"": ""ratio"", ""unit_width_cv"": ""ratio"", ""whitespace_ratio"": ""ratio""}","{""bbox_aspect_ratio"": ""direct"", ""bbox_fill_ratio"": ""direct"", ""centroid_x_norm"": ""direct"", ""centroid_y_norm"": ""direct"", ""closure_count"": ""direct"", ""connected_component_count"": ""direct"", ""ink_coverage_ratio"": ""direct"", ""inter_glyph_spacing_mean_norm"": ""not_applicable"", ""inter_glyph_spacing_sd_norm"": ""not_applicable"", ""rhythm_periodicity"": ""not_applicable"", ""straight_curve_ratio"": ""protocol_dependent"", ""symmetry_horizontal"": ""direct"", ""symmetry_vertical"": ""direct"", ""unit_area_cv"": ""not_applicable"", ""unit_height_cv"": ""not_applicable"", ""unit_width_cv"": ""not_applicable"", ""whitespace_ratio"": ""direct""}","{""inter_glyph_spacing_mean_norm"": ""MEASURE_NOT_APPLICABLE"", ""inter_glyph_spacing_sd_norm"": ""MEASURE_NOT_APPLICABLE"", ""rhythm_periodicity"": ""MEASURE_NOT_APPLICABLE"", ""unit_area_cv"": ""MEASURE_NOT_APPLICABLE"", ""unit_height_cv"": ""MEASURE_NOT_APPLICABLE"", ""unit_width_cv"": ""MEASURE_NOT_APPLICABLE""}",0.01121377944946289,0.9887862205505371,0.2491207627118644,0.921875,17,158,0.9835367202758789,0.9886503219604492,0.5550718507282192,0.50763919202731,0.4815499575440107,,,,,,
feat_3dcb4bb945bca81e731c,stim_66930457e18714b2,render_551362ca0ff22f33,1.1.0,raster_binary,bbox_height_matched,density|geometry|layout|proportion|reading_rhythm|stroke_gesture|uniformity|visual_center,direct,valid,,4d800e346b040f885277c164e937c2514144ed6292066deb66bb1fc465b2de05,"{""bbox_aspect_ratio"": 358, ""bbox_fill_ratio"": 26249, ""ink_coverage_ratio"": 26249, ""whitespace_ratio"": 2070903}","{""bbox_aspect_ratio"": 320, ""bbox_fill_ratio"": 114560, ""ink_coverage_ratio"": 2097152, ""whitespace_ratio"": 2097152}","{""bbox_aspect_ratio"": ""ratio"", ""bbox_fill_ratio"": ""ratio"", ""centroid_x_norm"": ""ratio"", ""centroid_y_norm"": ""ratio"", ""closure_count"": ""count"", ""connected_component_count"": ""count"", ""ink_coverage_ratio"": ""ratio"", ""inter_glyph_spacing_mean_norm"": ""ratio"", ""inter_glyph_spacing_sd_norm"": ""ratio"", ""rhythm_periodicity"": ""ratio"", ""straight_curve_ratio"": ""ratio"", ""symmetry_horizontal"": ""ratio"", ""symmetry_vertical"": ""ratio"", ""unit_area_cv"": ""ratio"", ""unit_height_cv"": ""ratio"", ""unit_width_cv"": ""ratio"", ""whitespace_ratio"": ""ratio""}","{""bbox_aspect_ratio"": ""direct"", ""bbox_fill_ratio"": ""direct"", ""centroid_x_norm"": ""direct"", ""centroid_y_norm"": ""direct"", ""closure_count"": ""direct"", ""connected_component_count"": ""direct"", ""ink_coverage_ratio"": ""direct"", ""inter_glyph_spacing_mean_norm"": ""not_applicable"", ""inter_glyph_spacing_sd_norm"": ""not_applicable"", ""rhythm_periodicity"": ""not_applicable"", ""straight_curve_ratio"": ""protocol_dependent"", ""symmetry_horizontal"": ""direct"", ""symmetry_vertical"": ""direct"", ""unit_area_cv"": ""not_applicable"", ""unit_height_cv"": ""not_applicable"", ""unit_width_cv"": ""not_applicable"", ""whitespace_ratio"": ""direct""}","{""inter_glyph_spacing_mean_norm"": ""MEASURE_NOT_APPLICABLE"", ""inter_glyph_spacing_sd_norm"": ""MEASURE_NOT_APPLICABLE"", ""rhythm_periodicity"": ""MEASURE_NOT_APPLICABLE"", ""unit_area_cv"": ""MEASURE_NOT_APPLICABLE"", ""unit_height_cv"": ""MEASURE_NOT_APPLICABLE"", ""unit_width_cv"": ""MEASURE_NOT_APPLICABLE""}",0.012516498565673828,0.9874835014343262,0.2291288407821229,1.11875,2,0,0.9820833206176758,0.9824628829956055,0.4927045834730068,0.48584270844246447,0.509815403682045,,,,,,
feat_546784de506d5d05c348,stim_66930457e18714b2,render_551362ca0ff22f33,1.1.0,raster_grayscale,bbox_height_matched,density|geometry|layout|proportion|reading_rhythm|stroke_gesture|uniformity|visual_center,direct,valid,,4d800e346b040f885277c164e937c2514144ed6292066deb66bb1fc465b2de05,"{""bbox_aspect_ratio"": 358, ""bbox_fill_ratio"": 28224, ""ink_coverage_ratio"": 28224, ""whitespace_ratio"": 2068928}","{""bbox_aspect_ratio"": 320, ""bbox_fill_ratio"": 114560, ""ink_coverage_ratio"": 2097152, ""whitespace_ratio"": 2097152}","{""bbox_aspect_ratio"": ""ratio"", ""bbox_fill_ratio"": ""ratio"", ""centroid_x_norm"": ""ratio"", ""centroid_y_norm"": ""ratio"", ""closure_count"": ""count"", ""connected_component_count"": ""count"", ""ink_coverage_ratio"": ""ratio"", ""inter_glyph_spacing_mean_norm"": ""ratio"", ""inter_glyph_spacing_sd_norm"": ""ratio"", ""rhythm_periodicity"": ""ratio"", ""straight_curve_ratio"": ""ratio"", ""symmetry_horizontal"": ""ratio"", ""symmetry_vertical"": ""ratio"", ""unit_area_cv"": ""ratio"", ""unit_height_cv"": ""ratio"", ""unit_width_cv"": ""ratio"", ""whitespace_ratio"": ""ratio""}","{""bbox_aspect_ratio"": ""direct"", ""bbox_fill_ratio"": ""direct"", ""centroid_x_norm"": ""direct"", ""centroid_y_norm"": ""direct"", ""closure_count"": ""direct"", ""connected_component_count"": ""direct"", ""ink_coverage_ratio"": ""direct"", ""inter_glyph_spacing_mean_norm"": ""not_applicable"", ""inter_glyph_spacing_sd_norm"": ""not_applicable"", ""rhythm_periodicity"": ""not_applicable"", ""straight_curve_ratio"": ""protocol_dependent"", ""symmetry_horizontal"": ""direct"", ""symmetry_vertical"": ""direct"", ""unit_area_cv"": ""not_applicable"", ""unit_height_cv"": ""not_applicable"", ""unit_width_cv"": ""not_applicable"", ""whitespace_ratio"": ""direct""}","{""inter_glyph_spacing_mean_norm"": ""MEASURE_NOT_APPLICABLE"", ""inter_glyph_spacing_sd_norm"": ""MEASURE_NOT_APPLICABLE"", ""rhythm_periodicity"": ""MEASURE_NOT_APPLICABLE"", ""unit_area_cv"": ""MEASURE_NOT_APPLICABLE"", ""unit_height_cv"": ""MEASURE_NOT_APPLICABLE"", ""unit_width_cv"": ""MEASURE_NOT_APPLICABLE""}",0.013458251953125,0.986541748046875,0.24636871508379887,1.11875,77,219,0.9812049865722656,0.9815349578857422,0.4385613251192093,0.4861696377362794,0.5094440832159687,,,,,,
feat_f644ba63015e237f257f,stim_682b55befa6b5da0,render_551362ca0ff22f33,1.1.0,raster_binary,bbox_height_matched,density|geometry|layout|proportion|reading_rhythm|stroke_gesture|uniformity|visual_center,protocol_dependent,valid,,4d800e346b040f885277c164e937c2514144ed6292066deb66bb1fc465b2de05,"{""bbox_aspect_ratio"": 1225, ""bbox_fill_ratio"": 132710, ""ink_coverage_ratio"": 132710, ""whitespace_ratio"": 1964442}","{""bbox_aspect_ratio"": 320, ""bbox_fill_ratio"": 392000, ""ink_coverage_ratio"": 2097152, ""whitespace_ratio"": 2097152}","{""bbox_aspect_ratio"": ""ratio"", ""bbox_fill_ratio"": ""ratio"", ""centroid_x_norm"": ""ratio"", ""centroid_y_norm"": ""ratio"", ""closure_count"": ""count"", ""connected_component_count"": ""count"", ""ink_coverage_ratio"": ""ratio"", ""inter_glyph_spacing_mean_norm"": ""ratio"", ""inter_glyph_spacing_sd_norm"": ""ratio"", ""rhythm_periodicity"": ""ratio"", ""straight_curve_ratio"": ""ratio"", ""symmetry_horizontal"": ""ratio"", ""symmetry_vertical"": ""ratio"", ""unit_area_cv"": ""ratio"", ""unit_height_cv"": ""ratio"", ""unit_width_cv"": ""ratio"", ""whitespace_ratio"": ""ratio""}","{""bbox_aspect_ratio"": ""direct"", ""bbox_fill_ratio"": ""direct"", ""centroid_x_norm"": ""direct"", ""centroid_y_norm"": ""direct"", ""closure_count"": ""direct"", ""connected_component_count"": ""direct"", ""ink_coverage_ratio"": ""direct"", ""inter_glyph_spacing_mean_norm"": ""protocol_dependent"", ""inter_glyph_spacing_sd_norm"": ""protocol_dependent"", ""rhythm_periodicity"": ""protocol_dependent"", ""straight_curve_ratio"": ""protocol_dependent"", ""symmetry_horizontal"": ""direct"", ""symmetry_vertical"": ""direct"", ""unit_area_cv"": ""protocol_dependent"", ""unit_height_cv"": ""protocol_dependent"", ""unit_width_cv"": ""protocol_dependent"", ""whitespace_ratio"": ""direct""}","{""rhythm_periodicity"": ""MEASURE_SEQUENCE_TOO_SHORT""}",0.06328105926513672,0.9367189407348633,0.33854591836734693,3.828125,4,1,0.9044399261474609,0.9312705993652344,0.6865715552907089,0.5168282889500603,0.47073043283993293,0.209375,0.05525744670781184,,0.23201668732551164,0.20350025433798602,0.001356343623781423
feat_32b36d938c8f22ec5646,stim_682b55befa6b5da0,render_551362ca0ff22f33,1.1.0,raster_grayscale,bbox_height_matched,density|geometry|layout|proportion|reading_rhythm|stroke_gesture|uniformity|visual_center,protocol_dependent,valid,,4d800e346b040f885277c164e937c2514144ed6292066deb66bb1fc465b2de05,"{""bbox_aspect_ratio"": 1225, ""bbox_fill_ratio"": 140242, ""ink_coverage_ratio"": 140242, ""whitespace_ratio"": 1956910}","{""bbox_aspect_ratio"": 320, ""bbox_fill_ratio"": 392000, ""ink_coverage_ratio"": 2097152, ""whitespace_ratio"": 2097152}","{""bbox_aspect_ratio"": ""ratio"", ""bbox_fill_ratio"": ""ratio"", ""centroid_x_norm"": ""ratio"", ""centroid_y_norm"": ""ratio"", ""closure_count"": ""count"", ""connected_component_count"": ""count"", ""ink_coverage_ratio"": ""ratio"", ""inter_glyph_spacing_mean_norm"": ""ratio"", ""inter_glyph_spacing_sd_norm"": ""ratio"", ""rhythm_periodicity"": ""ratio"", ""straight_curve_ratio"": ""ratio"", ""symmetry_horizontal"": ""ratio"", ""symmetry_vertical"": ""ratio"", ""unit_area_cv"": ""ratio"", ""unit_height_cv"": ""ratio"", ""unit_width_cv"": ""ratio"", ""whitespace_ratio"": ""ratio""}","{""bbox_aspect_ratio"": ""direct"", ""bbox_fill_ratio"": ""direct"", ""centroid_x_norm"": ""direct"", ""centroid_y_norm"": ""direct"", ""closure_count"": ""direct"", ""connected_component_count"": ""direct"", ""ink_coverage_ratio"": ""direct"", ""inter_glyph_spacing_mean_norm"": ""protocol_dependent"", ""inter_glyph_spacing_sd_norm"": ""protocol_dependent"", ""rhythm_periodicity"": ""protocol_dependent"", ""straight_curve_ratio"": ""protocol_dependent"", ""symmetry_horizontal"": ""direct"", ""symmetry_vertical"": ""direct"", ""unit_area_cv"": ""protocol_dependent"", ""unit_height_cv"": ""protocol_dependent"", ""unit_width_cv"": ""protocol_dependent"", ""whitespace_ratio"": ""direct""}","{""rhythm_periodicity"": ""MEASURE_SEQUENCE_TOO_SHORT""}",0.06687259674072266,0.9331274032592773,0.35776020408163267,3.828125,65,162,0.9017925262451172,0.9280414581298828,0.6117045908047559,0.5154572375340483,0.4709337113480626,0.209375,0.05525744670781184,,0.22391011401095715,0.20350025433798602,0.001356343623781423
feat_b7f1d899ec1504f6ef44,stim_6b3d9f7031997c5d,render_551362ca0ff22f33,1.1.0,raster_binary,ink_area_matched,density|geometry|layout|proportion|reading_rhythm|stroke_gesture|uniformity|visual_center,direct,valid,,4d800e346b040f885277c164e937c2514144ed6292066deb66bb1fc465b2de05,"{""bbox_aspect_ratio"": 599, ""bbox_fill_ratio"": 104891, ""ink_coverage_ratio"": 104891, ""whitespace_ratio"": 1992261}","{""bbox_aspect_ratio"": 653, ""bbox_fill_ratio"": 391147, ""ink_coverage_ratio"": 2097152, ""whitespace_ratio"": 2097152}","{""bbox_aspect_ratio"": ""ratio"", ""bbox_fill_ratio"": ""ratio"", ""centroid_x_norm"": ""ratio"", ""centroid_y_norm"": ""ratio"", ""closure_count"": ""count"", ""connected_component_count"": ""count"", ""ink_coverage_ratio"": ""ratio"", ""inter_glyph_spacing_mean_norm"": ""ratio"", ""inter_glyph_spacing_sd_norm"": ""ratio"", ""rhythm_periodicity"": ""ratio"", ""straight_curve_ratio"": ""ratio"", ""symmetry_horizontal"": ""ratio"", ""symmetry_vertical"": ""ratio"", ""unit_area_cv"": ""ratio"", ""unit_height_cv"": ""ratio"", ""unit_width_cv"": ""ratio"", ""whitespace_ratio"": ""ratio""}","{""bbox_aspect_ratio"": ""direct"", ""bbox_fill_ratio"": ""direct"", ""centroid_x_norm"": ""direct"", ""centroid_y_norm"": ""direct"", ""closure_count"": ""direct"", ""connected_component_count"": ""direct"", ""ink_coverage_ratio"": ""direct"", ""inter_glyph_spacing_mean_norm"": ""not_applicable"", ""inter_glyph_spacing_sd_norm"": ""not_applicable"", ""rhythm_periodicity"": ""not_applicable"", ""straight_curve_ratio"": ""protocol_dependent"", ""symmetry_horizontal"": ""direct"", ""symmetry_vertical"": ""direct"", ""unit_area_cv"": ""not_applicable"", ""unit_height_cv"": ""not_applicable"", ""unit_width_cv"": ""not_applicable"", ""whitespace_ratio"": ""direct""}","{""inter_glyph_spacing_mean_norm"": ""MEASURE_NOT_APPLICABLE"", ""inter_glyph_spacing_sd_norm"": ""MEASURE_NOT_APPLICABLE"", ""rhythm_periodicity"": ""MEASURE_NOT_APPLICABLE"", ""unit_area_cv"": ""MEASURE_NOT_APPLICABLE"", ""unit_height_cv"": ""MEASURE_NOT_APPLICABLE"", ""unit_width_cv"": ""MEASURE_NOT_APPLICABLE""}",0.050015926361083984,0.949984073638916,0.26816260894241806,0.9173047473200613,2,1,0.928187370300293,0.9564085006713867,0.7067016596246076,0.49724901828892615,0.4706809386500033,,,,,,
feat_b4e3c83a57e4ae027c31,stim_6b3d9f7031997c5d,render_551362ca0ff22f33,1.1.0,raster_grayscale,ink_area_matched,density|geometry|layout|proportion|reading_rhythm|stroke_gesture|uniformity|visual_center,direct,valid,,4d800e346b040f885277c164e937c2514144ed6292066deb66bb1fc465b2de05,"{""bbox_aspect_ratio"": 599, ""bbox_fill_ratio"": 109557, ""ink_coverage_ratio"": 109557, ""whitespace_ratio"": 1987595}","{""bbox_aspect_ratio"": 653, ""bbox_fill_ratio"": 391147, ""ink_coverage_ratio"": 2097152, ""whitespace_ratio"": 2097152}","{""bbox_aspect_ratio"": ""ratio"", ""bbox_fill_ratio"": ""ratio"", ""centroid_x_norm"": ""ratio"", ""centroid_y_norm"": ""ratio"", ""closure_count"": ""count"", ""connected_component_count"": ""count"", ""ink_coverage_ratio"": ""ratio"", ""inter_glyph_spacing_mean_norm"": ""ratio"", ""inter_glyph_spacing_sd_norm"": ""ratio"", ""rhythm_periodicity"": ""ratio"", ""straight_curve_ratio"": ""ratio"", ""symmetry_horizontal"": ""ratio"", ""symmetry_vertical"": ""ratio"", ""unit_area_cv"": ""ratio"", ""unit_height_cv"": ""ratio"", ""unit_width_cv"": ""ratio"", ""whitespace_ratio"": ""ratio""}","{""bbox_aspect_ratio"": ""direct"", ""bbox_fill_ratio"": ""direct"", ""centroid_x_norm"": ""direct"", ""centroid_y_norm"": ""direct"", ""closure_count"": ""direct"", ""connected_component_count"": ""direct"", ""ink_coverage_ratio"": ""direct"", ""inter_glyph_spacing_mean_norm"": ""not_applicable"", ""inter_glyph_spacing_sd_norm"": ""not_applicable"", ""rhythm_periodicity"": ""not_applicable"", ""straight_curve_ratio"": ""protocol_dependent"", ""symmetry_horizontal"": ""direct"", ""symmetry_vertical"": ""direct"", ""unit_area_cv"": ""not_applicable"", ""unit_height_cv"": ""not_applicable"", ""unit_width_cv"": ""not_applicable"", ""whitespace_ratio"": ""direct""}","{""inter_glyph_spacing_mean_norm"": ""MEASURE_NOT_APPLICABLE"", ""inter_glyph_spacing_sd_norm"": ""MEASURE_NOT_APPLICABLE"", ""rhythm_periodicity"": ""MEASURE_NOT_APPLICABLE"", ""unit_area_cv"": ""MEASURE_NOT_APPLICABLE"", ""unit_height_cv"": ""MEASURE_NOT_APPLICABLE"", ""unit_width_cv"": ""MEASURE_NOT_APPLICABLE""}",0.052240848541259766,0.9477591514587402,0.28009162795573017,0.9173047473200613,63,306,0.9260053634643555,0.9553213119506836,0.6062074379317642,0.4974972182003432,0.47078141436934656,,,,,,
feat_33a32922d38d2b36203b,stim_6ba4f752ac8d858f,render_551362ca0ff22f33,1.1.0,raster_binary,ink_area_matched,density|geometry|layout|proportion|reading_rhythm|stroke_gesture|uniformity|visual_center,direct,valid,,4d800e346b040f885277c164e937c2514144ed6292066deb66bb1fc465b2de05,"{""bbox_aspect_ratio"": 751, ""bbox_fill_ratio"": 104931, ""ink_coverage_ratio"": 104931, ""whitespace_ratio"": 1992221}","{""bbox_aspect_ratio"": 729, ""bbox_fill_ratio"": 547479, ""ink_coverage_ratio"": 2097152, ""whitespace_ratio"": 2097152}","{""bbox_aspect_ratio"": ""ratio"", ""bbox_fill_ratio"": ""ratio"", ""centroid_x_norm"": ""ratio"", ""centroid_y_norm"": ""ratio"", ""closure_count"": ""count"", ""connected_component_count"": ""count"", ""ink_coverage_ratio"": ""ratio"", ""inter_glyph_spacing_mean_norm"": ""ratio"", ""inter_glyph_spacing_sd_norm"": ""ratio"", ""rhythm_periodicity"": ""ratio"", ""straight_curve_ratio"": ""ratio"", ""symmetry_horizontal"": ""ratio"", ""symmetry_vertical"": ""ratio"", ""unit_area_cv"": ""ratio"", ""unit_height_cv"": ""ratio"", ""unit_width_cv"": ""ratio"", ""whitespace_ratio"": ""ratio""}","{""bbox_aspect_ratio"": ""direct"", ""bbox_fill_ratio"": ""direct"", ""centroid_x_norm"": ""direct"", ""centroid_y_norm"": ""direct"", ""closure_count"": ""direct"", ""connected_component_count"": ""direct"", ""ink_coverage_ratio"": ""direct"", ""inter_glyph_spacing_mean_norm"": ""not_applicable"", ""inter_glyph_spacing_sd_norm"": ""not_applicable"", ""rhythm_periodicity"": ""not_applicable"", ""straight_curve_ratio"": ""protocol_dependent"", ""symmetry_horizontal"": ""direct"", ""symmetry_vertical"": ""direct"", ""unit_area_cv"": ""not_applicable"", ""unit_height_cv"": ""not_applicable"", ""unit_width_cv"": ""not_applicable"", ""whitespace_ratio"": ""direct""}","{""inter_glyph_spacing_mean_norm"": ""MEASURE_NOT_APPLICABLE"", ""inter_glyph_spacing_sd_norm"": ""MEASURE_NOT_APPLICABLE"", ""rhythm_periodicity"": ""MEASURE_NOT_APPLICABLE"", ""unit_area_cv"": ""MEASURE_NOT_APPLICABLE"", ""unit_height_cv"": ""MEASURE_NOT_APPLICABLE"", ""unit_width_cv"": ""MEASURE_NOT_APPLICABLE""}",0.05003499984741211,0.9499650001525879,0.19166214594532394,1.0301783264746227,2,0,0.9519796371459961,0.9543008804321289,0.6433340792832053,0.5064978991402683,0.5188924931919547,,,,,,
feat_17afe890e03f68fd21f5,stim_6ba4f752ac8d858f,render_551362ca0ff22f33,1.1.0,raster_grayscale,ink_area_matched,density|geometry|layout|proportion|reading_rhythm|stroke_gesture|uniformity|visual_center,direct,valid,,4d800e346b040f885277c164e937c2514144ed6292066deb66bb1fc465b2de05,"{""bbox_aspect_ratio"": 751, ""bbox_fill_ratio"": 111589, ""ink_coverage_ratio"": 111589, ""whitespace_ratio"": 1985563}","{""bbox_aspect_ratio"": 729, ""bbox_fill_ratio"": 547479, ""ink_coverage_ratio"": 2097152, ""whitespace_ratio"": 2097152}","{""bbox_aspect_ratio"": ""ratio"", ""bbox_fill_ratio"": ""ratio"", ""centroid_x_norm"": ""ratio"", ""centroid_y_norm"": ""ratio"", ""closure_count"": ""count"", ""connected_component_count"": ""count"", ""ink_coverage_ratio"": ""ratio"", ""inter_glyph_spacing_mean_norm"": ""ratio"", ""inter_glyph_spacing_sd_norm"": ""ratio"", ""rhythm_periodicity"": ""ratio"", ""straight_curve_ratio"": ""ratio"", ""symmetry_horizontal"": ""ratio"", ""symmetry_vertical"": ""ratio"", ""unit_area_cv"": ""ratio"", ""unit_height_cv"": ""ratio"", ""unit_width_cv"": ""ratio"", ""whitespace_ratio"": ""ratio""}","{""bbox_aspect_ratio"": ""direct"", ""bbox_fill_ratio"": ""direct"", ""centroid_x_norm"": ""direct"", ""centroid_y_norm"": ""direct"", ""closure_count"": ""direct"", ""connected_component_count"": ""direct"", ""ink_coverage_ratio"": ""direct"", ""inter_glyph_spacing_mean_norm"": ""not_applicable"", ""inter_glyph_spacing_sd_norm"": ""not_applicable"", ""rhythm_periodicity"": ""not_applicable"", ""straight_curve_ratio"": ""protocol_dependent"", ""symmetry_horizontal"": ""direct"", ""symmetry_vertical"": ""direct"", ""unit_area_cv"": ""not_applicable"", ""unit_height_cv"": ""not_applicable"", ""unit_width_cv"": ""not_applicable"", ""whitespace_ratio"": ""direct""}","{""inter_glyph_spacing_mean_norm"": ""MEASURE_NOT_APPLICABLE"", ""inter_glyph_spacing_sd_norm"": ""MEASURE_NOT_APPLICABLE"", ""rhythm_periodicity"": ""MEASURE_NOT_APPLICABLE"", ""unit_area_cv"": ""MEASURE_NOT_APPLICABLE"", ""unit_height_cv"": ""MEASURE_NOT_APPLICABLE"", ""unit_width_cv"": ""MEASURE_NOT_APPLICABLE""}",0.053209781646728516,0.9467902183532715,0.2038233429958044,1.0301783264746227,34,860,0.9508085250854492,0.9521360397338867,0.471193722684259,0.5060787600382318,0.5188166438336216,,,,,,
feat_27a1859be1bf7b210a5d,stim_6cf0651c55f41504,render_551362ca0ff22f33,1.1.0,raster_binary,bbox_height_matched,density|geometry|layout|proportion|reading_rhythm|stroke_gesture|uniformity|visual_center,direct,valid,,4d800e346b040f885277c164e937c2514144ed6292066deb66bb1fc465b2de05,"{""bbox_aspect_ratio"": 496, ""bbox_fill_ratio"": 25408, ""ink_coverage_ratio"": 25408, ""whitespace_ratio"": 2071744}","{""bbox_aspect_ratio"": 320, ""bbox_fill_ratio"": 158720, ""ink_coverage_ratio"": 2097152, ""whitespace_ratio"": 2097152}","{""bbox_aspect_ratio"": ""ratio"", ""bbox_fill_ratio"": ""ratio"", ""centroid_x_norm"": ""ratio"", ""centroid_y_norm"": ""ratio"", ""closure_count"": ""count"", ""connected_component_count"": ""count"", ""ink_coverage_ratio"": ""ratio"", ""inter_glyph_spacing_mean_norm"": ""ratio"", ""inter_glyph_spacing_sd_norm"": ""ratio"", ""rhythm_periodicity"": ""ratio"", ""straight_curve_ratio"": ""ratio"", ""symmetry_horizontal"": ""ratio"", ""symmetry_vertical"": ""ratio"", ""unit_area_cv"": ""ratio"", ""unit_height_cv"": ""ratio"", ""unit_width_cv"": ""ratio"", ""whitespace_ratio"": ""ratio""}","{""bbox_aspect_ratio"": ""direct"", ""bbox_fill_ratio"": ""direct"", ""centroid_x_norm"": ""direct"", ""centroid_y_norm"": ""direct"", ""closure_count"": ""direct"", ""connected_component_count"": ""direct"", ""ink_coverage_ratio"": ""direct"", ""inter_glyph_spacing_mean_norm"": ""not_applicable"", ""inter_glyph_spacing_sd_norm"": ""not_applicable"", ""rhythm_periodicity"": ""not_applicable"", ""straight_curve_ratio"": ""protocol_dependent"", ""symmetry_horizontal"": ""direct"", ""symmetry_vertical"": ""direct"", ""unit_area_cv"": ""not_applicable"", ""unit_height_cv"": ""not_applicable"", ""unit_width_cv"": ""not_applicable"", ""whitespace_ratio"": ""direct""}","{""inter_glyph_spacing_mean_norm"": ""MEASURE_NOT_APPLICABLE"", ""inter_glyph_spacing_sd_norm"": ""MEASURE_NOT_APPLICABLE"", ""rhythm_periodicity"": ""MEASURE_NOT_APPLICABLE"", ""unit_area_cv"": ""MEASURE_NOT_APPLICABLE"", ""unit_height_cv"": ""MEASURE_NOT_APPLICABLE"", ""unit_width_cv"": ""MEASURE_NOT_APPLICABLE""}",0.012115478515625,0.987884521484375,0.16008064516129034,1.55,4,0,0.9808063507080078,0.9863433837890625,0.7254312592852299,0.48602982912616105,0.49757631239422623,,,,,,
feat_302c1093dc7b9eeec8fb,stim_6cf0651c55f41504,render_551362ca0ff22f33,1.1.0,raster_grayscale,bbox_height_matched,density|geometry|layout|proportion|reading_rhythm|stroke_gesture|uniformity|visual_center,direct,valid,,4d800e346b040f885277c164e937c2514144ed6292066deb66bb1fc465b2de05,"{""bbox_aspect_ratio"": 496, ""bbox_fill_ratio"": 29174, ""ink_coverage_ratio"": 29174, ""whitespace_ratio"": 2067978}","{""bbox_aspect_ratio"": 320, ""bbox_fill_ratio"": 158720, ""ink_coverage_ratio"": 2097152, ""whitespace_ratio"": 2097152}","{""bbox_aspect_ratio"": ""ratio"", ""bbox_fill_ratio"": ""ratio"", ""centroid_x_norm"": ""ratio"", ""centroid_y_norm"": ""ratio"", ""closure_count"": ""count"", ""connected_component_count"": ""count"", ""ink_coverage_ratio"": ""ratio"", ""inter_glyph_spacing_mean_norm"": ""ratio"", ""inter_glyph_spacing_sd_norm"": ""ratio"", ""rhythm_periodicity"": ""ratio"", ""straight_curve_ratio"": ""ratio"", ""symmetry_horizontal"": ""ratio"", ""symmetry_vertical"": ""ratio"", ""unit_area_cv"": ""ratio"", ""unit_height_cv"": ""ratio"", ""unit_width_cv"": ""ratio"", ""whitespace_ratio"": ""ratio""}","{""bbox_aspect_ratio"": ""direct"", ""bbox_fill_ratio"": ""direct"", ""centroid_x_norm"": ""direct"", ""centroid_y_norm"": ""direct"", ""closure_count"": ""direct"", ""connected_component_count"": ""direct"", ""ink_coverage_ratio"": ""direct"", ""inter_glyph_spacing_mean_norm"": ""not_applicable"", ""inter_glyph_spacing_sd_norm"": ""not_applicable"", ""rhythm_periodicity"": ""not_applicable"", ""straight_curve_ratio"": ""protocol_dependent"", ""symmetry_horizontal"": ""direct"", ""symmetry_vertical"": ""direct"", ""unit_area_cv"": ""not_applicable"", ""unit_height_cv"": ""not_applicable"", ""unit_width_cv"": ""not_applicable"", ""whitespace_ratio"": ""direct""}","{""inter_glyph_spacing_mean_norm"": ""MEASURE_NOT_APPLICABLE"", ""inter_glyph_spacing_sd_norm"": ""MEASURE_NOT_APPLICABLE"", ""rhythm_periodicity"": ""MEASURE_NOT_APPLICABLE"", ""unit_area_cv"": ""MEASURE_NOT_APPLICABLE"", ""unit_height_cv"": ""MEASURE_NOT_APPLICABLE"", ""unit_width_cv"": ""MEASURE_NOT_APPLICABLE""}",0.013911247253417969,0.986088752746582,0.18380796370967742,1.55,70,743,0.9784736633300781,0.9848346710205078,0.27460121756625944,0.4877599971292932,0.4979148211485398,,,,,,
feat_a5f2794bc41ee517485c,stim_6e59237aa7bb5b82,render_551362ca0ff22f33,1.1.0,raster_binary,bbox_height_matched,density|geometry|layout|proportion|reading_rhythm|stroke_gesture|uniformity|visual_center,direct,valid,,4d800e346b040f885277c164e937c2514144ed6292066deb66bb1fc465b2de05,"{""bbox_aspect_ratio"": 509, ""bbox_fill_ratio"": 37021, ""ink_coverage_ratio"": 37021, ""whitespace_ratio"": 2060131}","{""bbox_aspect_ratio"": 320, ""bbox_fill_ratio"": 162880, ""ink_coverage_ratio"": 2097152, ""whitespace_ratio"": 2097152}","{""bbox_aspect_ratio"": ""ratio"", ""bbox_fill_ratio"": ""ratio"", ""centroid_x_norm"": ""ratio"", ""centroid_y_norm"": ""ratio"", ""closure_count"": ""count"", ""connected_component_count"": ""count"", ""ink_coverage_ratio"": ""ratio"", ""inter_glyph_spacing_mean_norm"": ""ratio"", ""inter_glyph_spacing_sd_norm"": ""ratio"", ""rhythm_periodicity"": ""ratio"", ""straight_curve_ratio"": ""ratio"", ""symmetry_horizontal"": ""ratio"", ""symmetry_vertical"": ""ratio"", ""unit_area_cv"": ""ratio"", ""unit_height_cv"": ""ratio"", ""unit_width_cv"": ""ratio"", ""whitespace_ratio"": ""ratio""}","{""bbox_aspect_ratio"": ""direct"", ""bbox_fill_ratio"": ""direct"", ""centroid_x_norm"": ""direct"", ""centroid_y_norm"": ""direct"", ""closure_count"": ""direct"", ""connected_component_count"": ""direct"", ""ink_coverage_ratio"": ""direct"", ""inter_glyph_spacing_mean_norm"": ""not_applicable"", ""inter_glyph_spacing_sd_norm"": ""not_applicable"", ""rhythm_periodicity"": ""not_applicable"", ""straight_curve_ratio"": ""protocol_dependent"", ""symmetry_horizontal"": ""direct"", ""symmetry_vertical"": ""direct"", ""unit_area_cv"": ""not_applicable"", ""unit_height_cv"": ""not_applicable"", ""unit_width_cv"": ""not_applicable"", ""whitespace_ratio"": ""direct""}","{""inter_glyph_spacing_mean_norm"": ""MEASURE_NOT_APPLICABLE"", ""inter_glyph_spacing_sd_norm"": ""MEASURE_NOT_APPLICABLE"", ""rhythm_periodicity"": ""MEASURE_NOT_APPLICABLE"", ""unit_area_cv"": ""MEASURE_NOT_APPLICABLE"", ""unit_height_cv"": ""MEASURE_NOT_APPLICABLE"", ""unit_width_cv"": ""MEASURE_NOT_APPLICABLE""}",0.01765298843383789,0.9823470115661621,0.22729002946954813,1.590625,5,4,0.971735954284668,0.9804925918579102,0.7801288602014158,0.4716780520262149,0.4668906509565517,,,,,,
feat_a9582148bb645ee2dad8,stim_6e59237aa7bb5b82,render_551362ca0ff22f33,1.1.0,raster_grayscale,bbox_height_matched,density|geometry|layout|proportion|reading_rhythm|stroke_gesture|uniformity|visual_center,direct,valid,,4d800e346b040f885277c164e937c2514144ed6292066deb66bb1fc465b2de05,"{""bbox_aspect_ratio"": 509, ""bbox_fill_ratio"": 42005, ""ink_coverage_ratio"": 42005, ""whitespace_ratio"": 2055147}","{""bbox_aspect_ratio"": 320, ""bbox_fill_ratio"": 162880, ""ink_coverage_ratio"": 2097152, ""whitespace_ratio"": 2097152}","{""bbox_aspect_ratio"": ""ratio"", ""bbox_fill_ratio"": ""ratio"", ""centroid_x_norm"": ""ratio"", ""centroid_y_norm"": ""ratio"", ""closure_count"": ""count"", ""connected_component_count"": ""count"", ""ink_coverage_ratio"": ""ratio"", ""inter_glyph_spacing_mean_norm"": ""ratio"", ""inter_glyph_spacing_sd_norm"": ""ratio"", ""rhythm_periodicity"": ""ratio"", ""straight_curve_ratio"": ""ratio"", ""symmetry_horizontal"": ""ratio"", ""symmetry_vertical"": ""ratio"", ""unit_area_cv"": ""ratio"", ""unit_height_cv"": ""ratio"", ""unit_width_cv"": ""ratio"", ""whitespace_ratio"": ""ratio""}","{""bbox_aspect_ratio"": ""direct"", ""bbox_fill_ratio"": ""direct"", ""centroid_x_norm"": ""direct"", ""centroid_y_norm"": ""direct"", ""closure_count"": ""direct"", ""connected_component_count"": ""direct"", ""ink_coverage_ratio"": ""direct"", ""inter_glyph_spacing_mean_norm"": ""not_applicable"", ""inter_glyph_spacing_sd_norm"": ""not_applicable"", ""rhythm_periodicity"": ""not_applicable"", ""straight_curve_ratio"": ""protocol_dependent"", ""symmetry_horizontal"": ""direct"", ""symmetry_vertical"": ""direct"", ""unit_area_cv"": ""not_applicable"", ""unit_height_cv"": ""not_applicable"", ""unit_width_cv"": ""not_applicable"", ""whitespace_ratio"": ""direct""}","{""inter_glyph_spacing_mean_norm"": ""MEASURE_NOT_APPLICABLE"", ""inter_glyph_spacing_sd_norm"": ""MEASURE_NOT_APPLICABLE"", ""rhythm_periodicity"": ""MEASURE_NOT_APPLICABLE"", ""unit_area_cv"": ""MEASURE_NOT_APPLICABLE"", ""unit_height_cv"": ""MEASURE_NOT_APPLICABLE"", ""unit_width_cv"": ""MEASURE_NOT_APPLICABLE""}",0.020029544830322266,0.9799704551696777,0.25788924361493126,1.590625,136,291,0.969050407409668,0.9778413772583008,0.5002840853349186,0.4732059659936317,0.46739069381621234,,,,,,
feat_b74a38fa0fdbb01b8368,stim_7367e23142005090,render_551362ca0ff22f33,1.1.0,raster_binary,bbox_height_matched,density|geometry|layout|proportion|reading_rhythm|stroke_gesture|uniformity|visual_center,protocol_dependent,valid,,4d800e346b040f885277c164e937c2514144ed6292066deb66bb1fc465b2de05,"{""bbox_aspect_ratio"": 1360, ""bbox_fill_ratio"": 77918, ""ink_coverage_ratio"": 77918, ""whitespace_ratio"": 2019234}","{""bbox_aspect_ratio"": 320, ""bbox_fill_ratio"": 435200, ""ink_coverage_ratio"": 2097152, ""whitespace_ratio"": 2097152}","{""bbox_aspect_ratio"": ""ratio"", ""bbox_fill_ratio"": ""ratio"", ""centroid_x_norm"": ""ratio"", ""centroid_y_norm"": ""ratio"", ""closure_count"": ""count"", ""connected_component_count"": ""count"", ""ink_coverage_ratio"": ""ratio"", ""inter_glyph_spacing_mean_norm"": ""ratio"", ""inter_glyph_spacing_sd_norm"": ""ratio"", ""rhythm_periodicity"": ""ratio"", ""straight_curve_ratio"": ""ratio"", ""symmetry_horizontal"": ""ratio"", ""symmetry_vertical"": ""ratio"", ""unit_area_cv"": ""ratio"", ""unit_height_cv"": ""ratio"", ""unit_width_cv"": ""ratio"", ""whitespace_ratio"": ""ratio""}","{""bbox_aspect_ratio"": ""direct"", ""bbox_fill_ratio"": ""direct"", ""centroid_x_norm"": ""direct"", ""centroid_y_norm"": ""direct"", ""closure_count"": ""direct"", ""connected_component_count"": ""direct"", ""ink_coverage_ratio"": ""direct"", ""inter_glyph_spacing_mean_norm"": ""protocol_dependent"", ""inter_glyph_spacing_sd_norm"": ""protocol_dependent"", ""rhythm_periodicity"": ""protocol_dependent"", ""straight_curve_ratio"": ""protocol_dependent"", ""symmetry_horizontal"": ""direct"", ""symmetry_vertical"": ""direct"", ""unit_area_cv"": ""protocol_dependent"", ""unit_height_cv"": ""protocol_dependent"", ""unit_width_cv"": ""protocol_dependent"", ""whitespace_ratio"": ""direct""}","{""rhythm_periodicity"": ""MEASURE_SEQUENCE_TOO_SHORT""}",0.037154197692871094,0.9628458023071289,0.17903952205882354,4.25,7,2,0.9472885131835938,0.9677696228027344,0.7417520436640965,0.5007680224522896,0.5032062703338767,0.12812500000000002,0.013258252147247771,,0.031125137255186928,0.0595099898068868,0.010326674841420472
feat_10689bc261459623cc2e,stim_7367e23142005090,render_551362ca0ff22f33,1.1.0,raster_grayscale,bbox_height_matched,density|geometry|layout|proportion|reading_rhythm|stroke_gesture|uniformity|visual_center,protocol_dependent,valid,,4d800e346b040f885277c164e937c2514144ed6292066deb66bb1fc465b2de05,"{""bbox_aspect_ratio"": 1360, ""bbox_fill_ratio"": 90411, ""ink_coverage_ratio"": 90411, ""whitespace_ratio"": 2006741}","{""bbox_aspect_ratio"": 320, ""bbox_fill_ratio"": 435200, ""ink_coverage_ratio"": 2097152, ""whitespace_ratio"": 2097152}","{""bbox_aspect_ratio"": ""ratio"", ""bbox_fill_ratio"": ""ratio"", ""centroid_x_norm"": ""ratio"", ""centroid_y_norm"": ""ratio"", ""closure_count"": ""count"", ""connected_component_count"": ""count"", ""ink_coverage_ratio"": ""ratio"", ""inter_glyph_spacing_mean_norm"": ""ratio"", ""inter_glyph_spacing_sd_norm"": ""ratio"", ""rhythm_periodicity"": ""ratio"", ""straight_curve_ratio"": ""ratio"", ""symmetry_horizontal"": ""ratio"", ""symmetry_vertical"": ""ratio"", ""unit_area_cv"": ""ratio"", ""unit_height_cv"": ""ratio"", ""unit_width_cv"": ""ratio"", ""whitespace_ratio"": ""ratio""}","{""bbox_aspect_ratio"": ""direct"", ""bbox_fill_ratio"": ""direct"", ""centroid_x_norm"": ""direct"", ""centroid_y_norm"": ""direct"", ""closure_count"": ""direct"", ""connected_component_count"": ""direct"", ""ink_coverage_ratio"": ""direct"", ""inter_glyph_spacing_mean_norm"": ""protocol_dependent"", ""inter_glyph_spacing_sd_norm"": ""protocol_dependent"", ""rhythm_periodicity"": ""protocol_dependent"", ""straight_curve_ratio"": ""protocol_dependent"", ""symmetry_horizontal"": ""direct"", ""symmetry_vertical"": ""direct"", ""unit_area_cv"": ""protocol_dependent"", ""unit_height_cv"": ""protocol_dependent"", ""unit_width_cv"": ""protocol_dependent"", ""whitespace_ratio"": ""direct""}","{""rhythm_periodicity"": ""MEASURE_SEQUENCE_TOO_SHORT""}",0.043111324310302734,0.9568886756896973,0.20774586397058822,4.25,127,1122,0.9416074752807617,0.9624032974243164,0.4464495750420172,0.500137144971989,0.5029809723961962,0.12812500000000002,0.013258252147247771,,0.03473690376015646,0.0595099898068868,0.010326674841420472
feat_f91a0859aef03b8ef548,stim_74d2b1b256dc96bb,render_551362ca0ff22f33,1.1.0,raster_binary,bbox_height_matched,density|geometry|layout|proportion|reading_rhythm|stroke_gesture|uniformity|visual_center,direct,valid,,4d800e346b040f885277c164e937c2514144ed6292066deb66bb1fc465b2de05,"{""bbox_aspect_ratio"": 315, ""bbox_fill_ratio"": 24842, ""ink_coverage_ratio"": 24842, ""whitespace_ratio"": 2072310}","{""bbox_aspect_ratio"": 320, ""bbox_fill_ratio"": 100800, ""ink_coverage_ratio"": 2097152, ""whitespace_ratio"": 2097152}","{""bbox_aspect_ratio"": ""ratio"", ""bbox_fill_ratio"": ""ratio"", ""centroid_x_norm"": ""ratio"", ""centroid_y_norm"": ""ratio"", ""closure_count"": ""count"", ""connected_component_count"": ""count"", ""ink_coverage_ratio"": ""ratio"", ""inter_glyph_spacing_mean_norm"": ""ratio"", ""inter_glyph_spacing_sd_norm"": ""ratio"", ""rhythm_periodicity"": ""ratio"", ""straight_curve_ratio"": ""ratio"", ""symmetry_horizontal"": ""ratio"", ""symmetry_vertical"": ""ratio"", ""unit_area_cv"": ""ratio"", ""unit_height_cv"": ""ratio"", ""unit_width_cv"": ""ratio"", ""whitespace_ratio"": ""ratio""}","{""bbox_aspect_ratio"": ""direct"", ""bbox_fill_ratio"": ""direct"", ""centroid_x_norm"": ""direct"", ""centroid_y_norm"": ""direct"", ""closure_count"": ""direct"", ""connected_component_count"": ""direct"", ""ink_coverage_ratio"": ""direct"", ""inter_glyph_spacing_mean_norm"": ""not_applicable"", ""inter_glyph_spacing_sd_norm"": ""not_applicable"", ""rhythm_periodicity"": ""not_applicable"", ""straight_curve_ratio"": ""protocol_dependent"", ""symmetry_horizontal"": ""direct"", ""symmetry_vertical"": ""direct"", ""unit_area_cv"": ""not_applicable"", ""unit_height_cv"": ""not_applicable"", ""unit_width_cv"": ""not_applicable"", ""whitespace_ratio"": ""direct""}","{""inter_glyph_spacing_mean_norm"": ""MEASURE_NOT_APPLICABLE"", ""inter_glyph_spacing_sd_norm"": ""MEASURE_NOT_APPLICABLE"", ""rhythm_periodicity"": ""MEASURE_NOT_APPLICABLE"", ""unit_area_cv"": ""MEASURE_NOT_APPLICABLE"", ""unit_height_cv"": ""MEASURE_NOT_APPLICABLE"", ""unit_width_cv"": ""MEASURE_NOT_APPLICABLE""}",0.011845588684082031,0.988154411315918,0.2464484126984127,0.984375,1,1,0.989654541015625,0.9843387603759766,0.6920595314942152,0.49798081295663593,0.48044712898015457,,,,,,
feat_27603e6e84e3c907b1d4,stim_74d2b1b256dc96bb,render_551362ca0ff22f33,1.1.0,raster_grayscale,bbox_height_matched,density|geometry|layout|proportion|reading_rhythm|stroke_gesture|uniformity|visual_center,direct,valid,,4d800e346b040f885277c164e937c2514144ed6292066deb66bb1fc465b2de05,"{""bbox_aspect_ratio"": 315, ""bbox_fill_ratio"": 27008, ""ink_coverage_ratio"": 27008, ""whitespace_ratio"": 2070144}","{""bbox_aspect_ratio"": 320, ""bbox_fill_ratio"": 100800, ""ink_coverage_ratio"": 2097152, ""whitespace_ratio"": 2097152}","{""bbox_aspect_ratio"": ""ratio"", ""bbox_fill_ratio"": ""ratio"", ""centroid_x_norm"": ""ratio"", ""centroid_y_norm"": ""ratio"", ""closure_count"": ""count"", ""connected_component_count"": ""count"", ""ink_coverage_ratio"": ""ratio"", ""inter_glyph_spacing_mean_norm"": ""ratio"", ""inter_glyph_spacing_sd_norm"": ""ratio"", ""rhythm_periodicity"": ""ratio"", ""straight_curve_ratio"": ""ratio"", ""symmetry_horizontal"": ""ratio"", ""symmetry_vertical"": ""ratio"", ""unit_area_cv"": ""ratio"", ""unit_height_cv"": ""ratio"", ""unit_width_cv"": ""ratio"", ""whitespace_ratio"": ""ratio""}","{""bbox_aspect_ratio"": ""direct"", ""bbox_fill_ratio"": ""direct"", ""centroid_x_norm"": ""direct"", ""centroid_y_norm"": ""direct"", ""closure_count"": ""direct"", ""connected_component_count"": ""direct"", ""ink_coverage_ratio"": ""direct"", ""inter_glyph_spacing_mean_norm"": ""not_applicable"", ""inter_glyph_spacing_sd_norm"": ""not_applicable"", ""rhythm_periodicity"": ""not_applicable"", ""straight_curve_ratio"": ""protocol_dependent"", ""symmetry_horizontal"": ""direct"", ""symmetry_vertical"": ""direct"", ""unit_area_cv"": ""not_applicable"", ""unit_height_cv"": ""not_applicable"", ""unit_width_cv"": ""not_applicable"", ""whitespace_ratio"": ""direct""}","{""inter_glyph_spacing_mean_norm"": ""MEASURE_NOT_APPLICABLE"", ""inter_glyph_spacing_sd_norm"": ""MEASURE_NOT_APPLICABLE"", ""rhythm_periodicity"": ""MEASURE_NOT_APPLICABLE"", ""unit_area_cv"": ""MEASURE_NOT_APPLICABLE"", ""unit_height_cv"": ""MEASURE_NOT_APPLICABLE"", ""unit_width_cv"": ""MEASURE_NOT_APPLICABLE""}",0.01287841796875,0.98712158203125,0.2679365079365079,0.984375,62,191,0.989410400390625,0.9834690093994141,0.4875122379757368,0.497819150228636,0.4806241220772549,,,,,,
feat_f13bc82dc08cc5b1e37e,stim_7674b6990714f94a,render_551362ca0ff22f33,1.1.0,raster_binary,ink_area_matched,density|geometry|layout|proportion|reading_rhythm|stroke_gesture|uniformity|visual_center,direct,valid,,4d800e346b040f885277c164e937c2514144ed6292066deb66bb1fc465b2de05,"{""bbox_aspect_ratio"": 987, ""bbox_fill_ratio"": 104926, ""ink_coverage_ratio"": 104926, ""whitespace_ratio"": 1992226}","{""bbox_aspect_ratio"": 609, ""bbox_fill_ratio"": 601083, ""ink_coverage_ratio"": 2097152, ""whitespace_ratio"": 2097152}","{""bbox_aspect_ratio"": ""ratio"", ""bbox_fill_ratio"": ""ratio"", ""centroid_x_norm"": ""ratio"", ""centroid_y_norm"": ""ratio"", ""closure_count"": ""count"", ""connected_component_count"": ""count"", ""ink_coverage_ratio"": ""ratio"", ""inter_glyph_spacing_mean_norm"": ""ratio"", ""inter_glyph_spacing_sd_norm"": ""ratio"", ""rhythm_periodicity"": ""ratio"", ""straight_curve_ratio"": ""ratio"", ""symmetry_horizontal"": ""ratio"", ""symmetry_vertical"": ""ratio"", ""unit_area_cv"": ""ratio"", ""unit_height_cv"": ""ratio"", ""unit_width_cv"": ""ratio"", ""whitespace_ratio"": ""ratio""}","{""bbox_aspect_ratio"": ""direct"", ""bbox_fill_ratio"": ""direct"", ""centroid_x_norm"": ""direct"", ""centroid_y_norm"": ""direct"", ""closure_count"": ""direct"", ""connected_component_count"": ""direct"", ""ink_coverage_ratio"": ""direct"", ""inter_glyph_spacing_mean_norm"": ""not_applicable"", ""inter_glyph_spacing_sd_norm"": ""not_applicable"", ""rhythm_periodicity"": ""not_applicable"", ""straight_curve_ratio"": ""protocol_dependent"", ""symmetry_horizontal"": ""direct"", ""symmetry_vertical"": ""direct"", ""unit_area_cv"": ""not_applicable"", ""unit_height_cv"": ""not_applicable"", ""unit_width_cv"": ""not_applicable"", ""whitespace_ratio"": ""direct""}","{""inter_glyph_spacing_mean_norm"": ""MEASURE_NOT_APPLICABLE"", ""inter_glyph_spacing_sd_norm"": ""MEASURE_NOT_APPLICABLE"", ""rhythm_periodicity"": ""MEASURE_NOT_APPLICABLE"", ""unit_area_cv"": ""MEASURE_NOT_APPLICABLE"", ""unit_height_cv"": ""MEASURE_NOT_APPLICABLE"", ""unit_width_cv"": ""MEASURE_NOT_APPLICABLE""}",0.050032615661621094,0.9499673843383789,0.17456158300933483,1.6206896551724137,4,1,0.9243011474609375,0.9211483001708984,0.5589869971791293,0.46733581509230315,0.49678402442554753,,,,,,
feat_2a5241c9568a5aa99a40,stim_7674b6990714f94a,render_551362ca0ff22f33,1.1.0,raster_grayscale,ink_area_matched,density|geometry|layout|proportion|reading_rhythm|stroke_gesture|uniformity|visual_center,direct,valid,,4d800e346b040f885277c164e937c2514144ed6292066deb66bb1fc465b2de05,"{""bbox_aspect_ratio"": 987, ""bbox_fill_ratio"": 112307, ""ink_coverage_ratio"": 112307, ""whitespace_ratio"": 1984845}","{""bbox_aspect_ratio"": 609, ""bbox_fill_ratio"": 601083, ""ink_coverage_ratio"": 2097152, ""whitespace_ratio"": 2097152}","{""bbox_aspect_ratio"": ""ratio"", ""bbox_fill_ratio"": ""ratio"", ""centroid_x_norm"": ""ratio"", ""centroid_y_norm"": ""ratio"", ""closure_count"": ""count"", ""connected_component_count"": ""count"", ""ink_coverage_ratio"": ""ratio"", ""inter_glyph_spacing_mean_norm"": ""ratio"", ""inter_glyph_spacing_sd_norm"": ""ratio"", ""rhythm_periodicity"": ""ratio"", ""straight_curve_ratio"": ""ratio"", ""symmetry_horizontal"": ""ratio"", ""symmetry_vertical"": ""ratio"", ""unit_area_cv"": ""ratio"", ""unit_height_cv"": ""ratio"", ""unit_width_cv"": ""ratio"", ""whitespace_ratio"": ""ratio""}","{""bbox_aspect_ratio"": ""direct"", ""bbox_fill_ratio"": ""direct"", ""centroid_x_norm"": ""direct"", ""centroid_y_norm"": ""direct"", ""closure_count"": ""direct"", ""connected_component_count"": ""direct"", ""ink_coverage_ratio"": ""direct"", ""inter_glyph_spacing_mean_norm"": ""not_applicable"", ""inter_glyph_spacing_sd_norm"": ""not_applicable"", ""rhythm_periodicity"": ""not_applicable"", ""straight_curve_ratio"": ""protocol_dependent"", ""symmetry_horizontal"": ""direct"", ""symmetry_vertical"": ""direct"", ""unit_area_cv"": ""not_applicable"", ""unit_height_cv"": ""not_applicable"", ""unit_width_cv"": ""not_applicable"", ""whitespace_ratio"": ""direct""}","{""inter_glyph_spacing_mean_norm"": ""MEASURE_NOT_APPLICABLE"", ""inter_glyph_spacing_sd_norm"": ""MEASURE_NOT_APPLICABLE"", ""rhythm_periodicity"": ""MEASURE_NOT_APPLICABLE"", ""unit_area_cv"": ""MEASURE_NOT_APPLICABLE"", ""unit_height_cv"": ""MEASURE_NOT_APPLICABLE"", ""unit_width_cv"": ""MEASURE_NOT_APPLICABLE""}",0.05355215072631836,0.9464478492736816,0.1868410851745932,1.6206896551724137,104,1312,0.920344352722168,0.9171571731567383,0.40842656502996627,0.46883302872511284,0.4966451473416617,,,,,,
feat_86f0f6bb53f72989e27e,stim_76e2a6b9ec3dad6c,render_551362ca0ff22f33,1.1.0,raster_binary,bbox_height_matched,density|geometry|layout|proportion|reading_rhythm|stroke_gesture|uniformity|visual_center,direct,valid,,4d800e346b040f885277c164e937c2514144ed6292066deb66bb1fc465b2de05,"{""bbox_aspect_ratio"": 286, ""bbox_fill_ratio"": 25838, ""ink_coverage_ratio"": 25838, ""whitespace_ratio"": 2071314}","{""bbox_aspect_ratio"": 320, ""bbox_fill_ratio"": 91520, ""ink_coverage_ratio"": 2097152, ""whitespace_ratio"": 2097152}","{""bbox_aspect_ratio"": ""ratio"", ""bbox_fill_ratio"": ""ratio"", ""centroid_x_norm"": ""ratio"", ""centroid_y_norm"": ""ratio"", ""closure_count"": ""count"", ""connected_component_count"": ""count"", ""ink_coverage_ratio"": ""ratio"", ""inter_glyph_spacing_mean_norm"": ""ratio"", ""inter_glyph_spacing_sd_norm"": ""ratio"", ""rhythm_periodicity"": ""ratio"", ""straight_curve_ratio"": ""ratio"", ""symmetry_horizontal"": ""ratio"", ""symmetry_vertical"": ""ratio"", ""unit_area_cv"": ""ratio"", ""unit_height_cv"": ""ratio"", ""unit_width_cv"": ""ratio"", ""whitespace_ratio"": ""ratio""}","{""bbox_aspect_ratio"": ""direct"", ""bbox_fill_ratio"": ""direct"", ""centroid_x_norm"": ""direct"", ""centroid_y_norm"": ""direct"", ""closure_count"": ""direct"", ""connected_component_count"": ""direct"", ""ink_coverage_ratio"": ""direct"", ""inter_glyph_spacing_mean_norm"": ""not_applicable"", ""inter_glyph_spacing_sd_norm"": ""not_applicable"", ""rhythm_periodicity"": ""not_applicable"", ""straight_curve_ratio"": ""protocol_dependent"", ""symmetry_horizontal"": ""direct"", ""symmetry_vertical"": ""direct"", ""unit_area_cv"": ""not_applicable"", ""unit_height_cv"": ""not_applicable"", ""unit_width_cv"": ""not_applicable"", ""whitespace_ratio"": ""direct""}","{""inter_glyph_spacing_mean_norm"": ""MEASURE_NOT_APPLICABLE"", ""inter_glyph_spacing_sd_norm"": ""MEASURE_NOT_APPLICABLE"", ""rhythm_periodicity"": ""MEASURE_NOT_APPLICABLE"", ""unit_area_cv"": ""MEASURE_NOT_APPLICABLE"", ""unit_height_cv"": ""MEASURE_NOT_APPLICABLE"", ""unit_width_cv"": ""MEASURE_NOT_APPLICABLE""}",0.012320518493652344,0.9876794815063477,0.2823208041958042,0.89375,2,0,0.9829826354980469,0.9877719879150391,0.9381423197623467,0.49661668980764767,0.48709930625435405,,,,,,
feat_029177e190646b6e9c20,stim_76e2a6b9ec3dad6c,render_551362ca0ff22f33,1.1.0,raster_grayscale,bbox_height_matched,density|geometry|layout|proportion|reading_rhythm|stroke_gesture|uniformity|visual_center,direct,valid,,4d800e346b040f885277c164e937c2514144ed6292066deb66bb1fc465b2de05,"{""bbox_aspect_ratio"": 286, ""bbox_fill_ratio"": 28654, ""ink_coverage_ratio"": 28654, ""whitespace_ratio"": 2068498}","{""bbox_aspect_ratio"": 320, ""bbox_fill_ratio"": 91520, ""ink_coverage_ratio"": 2097152, ""whitespace_ratio"": 2097152}","{""bbox_aspect_ratio"": ""ratio"", ""bbox_fill_ratio"": ""ratio"", ""centroid_x_norm"": ""ratio"", ""centroid_y_norm"": ""ratio"", ""closure_count"": ""count"", ""connected_component_count"": ""count"", ""ink_coverage_ratio"": ""ratio"", ""inter_glyph_spacing_mean_norm"": ""ratio"", ""inter_glyph_spacing_sd_norm"": ""ratio"", ""rhythm_periodicity"": ""ratio"", ""straight_curve_ratio"": ""ratio"", ""symmetry_horizontal"": ""ratio"", ""symmetry_vertical"": ""ratio"", ""unit_area_cv"": ""ratio"", ""unit_height_cv"": ""ratio"", ""unit_width_cv"": ""ratio"", ""whitespace_ratio"": ""ratio""}","{""bbox_aspect_ratio"": ""direct"", ""bbox_fill_ratio"": ""direct"", ""centroid_x_norm"": ""direct"", ""centroid_y_norm"": ""direct"", ""closure_count"": ""direct"", ""connected_component_count"": ""direct"", ""ink_coverage_ratio"": ""direct"", ""inter_glyph_spacing_mean_norm"": ""not_applicable"", ""inter_glyph_spacing_sd_norm"": ""not_applicable"", ""rhythm_periodicity"": ""not_applicable"", ""straight_curve_ratio"": ""protocol_dependent"", ""symmetry_horizontal"": ""direct"", ""symmetry_vertical"": ""direct"", ""unit_area_cv"": ""not_applicable"", ""unit_height_cv"": ""not_applicable"", ""unit_width_cv"": ""not_applicable"", ""whitespace_ratio"": ""direct""}","{""inter_glyph_spacing_mean_norm"": ""MEASURE_NOT_APPLICABLE"", ""inter_glyph_spacing_sd_norm"": ""MEASURE_NOT_APPLICABLE"", ""rhythm_periodicity"": ""MEASURE_NOT_APPLICABLE"", ""unit_area_cv"": ""MEASURE_NOT_APPLICABLE"", ""unit_height_cv"": ""MEASURE_NOT_APPLICABLE"", ""unit_width_cv"": ""MEASURE_NOT_APPLICABLE""}",0.013663291931152344,0.9863367080688477,0.31309003496503496,0.89375,25,0,0.9823474884033203,0.98651123046875,0.9267139848237592,0.49683854334800553,0.48664143340589444,,,,,,
feat_ad20ef9b983fe5b1d191,stim_78903264bdcaf25f,render_551362ca0ff22f33,1.1.0,raster_binary,ink_area_matched,density|geometry|layout|proportion|reading_rhythm|stroke_gesture|uniformity|visual_center,direct,valid,,4d800e346b040f885277c164e937c2514144ed6292066deb66bb1fc465b2de05,"{""bbox_aspect_ratio"": 832, ""bbox_fill_ratio"": 105000, ""ink_coverage_ratio"": 105000, ""whitespace_ratio"": 1992152}","{""bbox_aspect_ratio"": 605, ""bbox_fill_ratio"": 503360, ""ink_coverage_ratio"": 2097152, ""whitespace_ratio"": 2097152}","{""bbox_aspect_ratio"": ""ratio"", ""bbox_fill_ratio"": ""ratio"", ""centroid_x_norm"": ""ratio"", ""centroid_y_norm"": ""ratio"", ""closure_count"": ""count"", ""connected_component_count"": ""count"", ""ink_coverage_ratio"": ""ratio"", ""inter_glyph_spacing_mean_norm"": ""ratio"", ""inter_glyph_spacing_sd_norm"": ""ratio"", ""rhythm_periodicity"": ""ratio"", ""straight_curve_ratio"": ""ratio"", ""symmetry_horizontal"": ""ratio"", ""symmetry_vertical"": ""ratio"", ""unit_area_cv"": ""ratio"", ""unit_height_cv"": ""ratio"", ""unit_width_cv"": ""ratio"", ""whitespace_ratio"": ""ratio""}","{""bbox_aspect_ratio"": ""direct"", ""bbox_fill_ratio"": ""direct"", ""centroid_x_norm"": ""direct"", ""centroid_y_norm"": ""direct"", ""closure_count"": ""direct"", ""connected_component_count"": ""direct"", ""ink_coverage_ratio"": ""direct"", ""inter_glyph_spacing_mean_norm"": ""not_applicable"", ""inter_glyph_spacing_sd_norm"": ""not_applicable"", ""rhythm_periodicity"": ""not_applicable"", ""straight_curve_ratio"": ""protocol_dependent"", ""symmetry_horizontal"": ""direct"", ""symmetry_vertical"": ""direct"", ""unit_area_cv"": ""not_applicable"", ""unit_height_cv"": ""not_applicable"", ""unit_width_cv"": ""not_applicable"", ""whitespace_ratio"": ""direct""}","{""inter_glyph_spacing_mean_norm"": ""MEASURE_NOT_APPLICABLE"", ""inter_glyph_spacing_sd_norm"": ""MEASURE_NOT_APPLICABLE"", ""rhythm_periodicity"": ""MEASURE_NOT_APPLICABLE"", ""unit_area_cv"": ""MEASURE_NOT_APPLICABLE"", ""unit_height_cv"": ""MEASURE_NOT_APPLICABLE"", ""unit_width_cv"": ""MEASURE_NOT_APPLICABLE""}",0.050067901611328125,0.9499320983886719,0.20859821996185632,1.375206611570248,4,0,0.9171371459960938,0.9490299224853516,0.7543423622532851,0.48006870814732144,0.5495435825892857,,,,,,
feat_37a27c632dbe8df945cc,stim_78903264bdcaf25f,render_551362ca0ff22f33,1.1.0,raster_grayscale,ink_area_matched,density|geometry|layout|proportion|reading_rhythm|stroke_gesture|uniformity|visual_center,direct,valid,,4d800e346b040f885277c164e937c2514144ed6292066deb66bb1fc465b2de05,"{""bbox_aspect_ratio"": 832, ""bbox_fill_ratio"": 111710, ""ink_coverage_ratio"": 111710, ""whitespace_ratio"": 1985442}","{""bbox_aspect_ratio"": 605, ""bbox_fill_ratio"": 503360, ""ink_coverage_ratio"": 2097152, ""whitespace_ratio"": 2097152}","{""bbox_aspect_ratio"": ""ratio"", ""bbox_fill_ratio"": ""ratio"", ""centroid_x_norm"": ""ratio"", ""centroid_y_norm"": ""ratio"", ""closure_count"": ""count"", ""connected_component_count"": ""count"", ""ink_coverage_ratio"": ""ratio"", ""inter_glyph_spacing_mean_norm"": ""ratio"", ""inter_glyph_spacing_sd_norm"": ""ratio"", ""rhythm_periodicity"": ""ratio"", ""straight_curve_ratio"": ""ratio"", ""symmetry_horizontal"": ""ratio"", ""symmetry_vertical"": ""ratio"", ""unit_area_cv"": ""ratio"", ""unit_height_cv"": ""ratio"", ""unit_width_cv"": ""ratio"", ""whitespace_ratio"": ""ratio""}","{""bbox_aspect_ratio"": ""direct"", ""bbox_fill_ratio"": ""direct"", ""centroid_x_norm"": ""direct"", ""centroid_y_norm"": ""direct"", ""closure_count"": ""direct"", ""connected_component_count"": ""direct"", ""ink_coverage_ratio"": ""direct"", ""inter_glyph_spacing_mean_norm"": ""not_applicable"", ""inter_glyph_spacing_sd_norm"": ""not_applicable"", ""rhythm_periodicity"": ""not_applicable"", ""straight_curve_ratio"": ""protocol_dependent"", ""symmetry_horizontal"": ""direct"", ""symmetry_vertical"": ""direct"", ""unit_area_cv"": ""not_applicable"", ""unit_height_cv"": ""not_applicable"", ""unit_width_cv"": ""not_applicable"", ""whitespace_ratio"": ""direct""}","{""inter_glyph_spacing_mean_norm"": ""MEASURE_NOT_APPLICABLE"", ""inter_glyph_spacing_sd_norm"": ""MEASURE_NOT_APPLICABLE"", ""rhythm_periodicity"": ""MEASURE_NOT_APPLICABLE"", ""unit_area_cv"": ""MEASURE_NOT_APPLICABLE"", ""unit_height_cv"": ""MEASURE_NOT_APPLICABLE"", ""unit_width_cv"": ""MEASURE_NOT_APPLICABLE""}",0.053267478942871094,0.9467325210571289,0.2219286395422759,1.375206611570248,170,319,0.9127254486083984,0.9459819793701172,0.5669461504131157,0.4823375327298362,0.5490308681519112,,,,,,
feat_bf1b760e42501857a690,stim_7923bca0372696ef,render_551362ca0ff22f33,1.1.0,raster_binary,bbox_height_matched,density|geometry|layout|proportion|reading_rhythm|stroke_gesture|uniformity|visual_center,direct,valid,,4d800e346b040f885277c164e937c2514144ed6292066deb66bb1fc465b2de05,"{""bbox_aspect_ratio"": 323, ""bbox_fill_ratio"": 19523, ""ink_coverage_ratio"": 19523, ""whitespace_ratio"": 2077629}","{""bbox_aspect_ratio"": 320, ""bbox_fill_ratio"": 103360, ""ink_coverage_ratio"": 2097152, ""whitespace_ratio"": 2097152}","{""bbox_aspect_ratio"": ""ratio"", ""bbox_fill_ratio"": ""ratio"", ""centroid_x_norm"": ""ratio"", ""centroid_y_norm"": ""ratio"", ""closure_count"": ""count"", ""connected_component_count"": ""count"", ""ink_coverage_ratio"": ""ratio"", ""inter_glyph_spacing_mean_norm"": ""ratio"", ""inter_glyph_spacing_sd_norm"": ""ratio"", ""rhythm_periodicity"": ""ratio"", ""straight_curve_ratio"": ""ratio"", ""symmetry_horizontal"": ""ratio"", ""symmetry_vertical"": ""ratio"", ""unit_area_cv"": ""ratio"", ""unit_height_cv"": ""ratio"", ""unit_width_cv"": ""ratio"", ""whitespace_ratio"": ""ratio""}","{""bbox_aspect_ratio"": ""direct"", ""bbox_fill_ratio"": ""direct"", ""centroid_x_norm"": ""direct"", ""centroid_y_norm"": ""direct"", ""closure_count"": ""direct"", ""connected_component_count"": ""direct"", ""ink_coverage_ratio"": ""direct"", ""inter_glyph_spacing_mean_norm"": ""not_applicable"", ""inter_glyph_spacing_sd_norm"": ""not_applicable"", ""rhythm_periodicity"": ""not_applicable"", ""straight_curve_ratio"": ""protocol_dependent"", ""symmetry_horizontal"": ""direct"", ""symmetry_vertical"": ""direct"", ""unit_area_cv"": ""not_applicable"", ""unit_height_cv"": ""not_applicable"", ""unit_width_cv"": ""not_applicable"", ""whitespace_ratio"": ""direct""}","{""inter_glyph_spacing_mean_norm"": ""MEASURE_NOT_APPLICABLE"", ""inter_glyph_spacing_sd_norm"": ""MEASURE_NOT_APPLICABLE"", ""rhythm_periodicity"": ""MEASURE_NOT_APPLICABLE"", ""unit_area_cv"": ""MEASURE_NOT_APPLICABLE"", ""unit_height_cv"": ""MEASURE_NOT_APPLICABLE"", ""unit_width_cv"": ""MEASURE_NOT_APPLICABLE""}",0.00930929183959961,0.9906907081604004,0.18888351393188854,1.009375,1,0,0.9961938858032227,0.9911909103393555,0.702171092968329,0.5033453380708011,0.49994937861752803,,,,,,
feat_528f7be8a68d2a8ecc08,stim_7923bca0372696ef,render_551362ca0ff22f33,1.1.0,raster_grayscale,bbox_height_matched,density|geometry|layout|proportion|reading_rhythm|stroke_gesture|uniformity|visual_center,direct,valid,,4d800e346b040f885277c164e937c2514144ed6292066deb66bb1fc465b2de05,"{""bbox_aspect_ratio"": 323, ""bbox_fill_ratio"": 22586, ""ink_coverage_ratio"": 22586, ""whitespace_ratio"": 2074566}","{""bbox_aspect_ratio"": 320, ""bbox_fill_ratio"": 103360, ""ink_coverage_ratio"": 2097152, ""whitespace_ratio"": 2097152}","{""bbox_aspect_ratio"": ""ratio"", ""bbox_fill_ratio"": ""ratio"", ""centroid_x_norm"": ""ratio"", ""centroid_y_norm"": ""ratio"", ""closure_count"": ""count"", ""connected_component_count"": ""count"", ""ink_coverage_ratio"": ""ratio"", ""inter_glyph_spacing_mean_norm"": ""ratio"", ""inter_glyph_spacing_sd_norm"": ""ratio"", ""rhythm_periodicity"": ""ratio"", ""straight_curve_ratio"": ""ratio"", ""symmetry_horizontal"": ""ratio"", ""symmetry_vertical"": ""ratio"", ""unit_area_cv"": ""ratio"", ""unit_height_cv"": ""ratio"", ""unit_width_cv"": ""ratio"", ""whitespace_ratio"": ""ratio""}","{""bbox_aspect_ratio"": ""direct"", ""bbox_fill_ratio"": ""direct"", ""centroid_x_norm"": ""direct"", ""centroid_y_norm"": ""direct"", ""closure_count"": ""direct"", ""connected_component_count"": ""direct"", ""ink_coverage_ratio"": ""direct"", ""inter_glyph_spacing_mean_norm"": ""not_applicable"", ""inter_glyph_spacing_sd_norm"": ""not_applicable"", ""rhythm_periodicity"": ""not_applicable"", ""straight_curve_ratio"": ""protocol_dependent"", ""symmetry_horizontal"": ""direct"", ""symmetry_vertical"": ""direct"", ""unit_area_cv"": ""not_applicable"", ""unit_height_cv"": ""not_applicable"", ""unit_width_cv"": ""not_applicable"", ""whitespace_ratio"": ""direct""}","{""inter_glyph_spacing_mean_norm"": ""MEASURE_NOT_APPLICABLE"", ""inter_glyph_spacing_sd_norm"": ""MEASURE_NOT_APPLICABLE"", ""rhythm_periodicity"": ""MEASURE_NOT_APPLICABLE"", ""unit_area_cv"": ""MEASURE_NOT_APPLICABLE"", ""unit_height_cv"": ""MEASURE_NOT_APPLICABLE"", ""unit_width_cv"": ""MEASURE_NOT_APPLICABLE""}",0.010769844055175781,0.9892301559448242,0.21851780185758513,1.009375,8,493,0.9958591461181641,0.9900970458984375,0.312625002856567,0.5027842581203511,0.49911540369310636,,,,,,
feat_7a57ee3146e994545486,stim_7b6b8cc8ec5488f4,render_551362ca0ff22f33,1.1.0,raster_binary,bbox_height_matched,density|geometry|layout|proportion|reading_rhythm|stroke_gesture|uniformity|visual_center,direct,valid,,4d800e346b040f885277c164e937c2514144ed6292066deb66bb1fc465b2de05,"{""bbox_aspect_ratio"": 519, ""bbox_fill_ratio"": 31043, ""ink_coverage_ratio"": 31043, ""whitespace_ratio"": 2066109}","{""bbox_aspect_ratio"": 320, ""bbox_fill_ratio"": 166080, ""ink_coverage_ratio"": 2097152, ""whitespace_ratio"": 2097152}","{""bbox_aspect_ratio"": ""ratio"", ""bbox_fill_ratio"": ""ratio"", ""centroid_x_norm"": ""ratio"", ""centroid_y_norm"": ""ratio"", ""closure_count"": ""count"", ""connected_component_count"": ""count"", ""ink_coverage_ratio"": ""ratio"", ""inter_glyph_spacing_mean_norm"": ""ratio"", ""inter_glyph_spacing_sd_norm"": ""ratio"", ""rhythm_periodicity"": ""ratio"", ""straight_curve_ratio"": ""ratio"", ""symmetry_horizontal"": ""ratio"", ""symmetry_vertical"": ""ratio"", ""unit_area_cv"": ""ratio"", ""unit_height_cv"": ""ratio"", ""unit_width_cv"": ""ratio"", ""whitespace_ratio"": ""ratio""}","{""bbox_aspect_ratio"": ""direct"", ""bbox_fill_ratio"": ""direct"", ""centroid_x_norm"": ""direct"", ""centroid_y_norm"": ""direct"", ""closure_count"": ""direct"", ""connected_component_count"": ""direct"", ""ink_coverage_ratio"": ""direct"", ""inter_glyph_spacing_mean_norm"": ""not_applicable"", ""inter_glyph_spacing_sd_norm"": ""not_applicable"", ""rhythm_periodicity"": ""not_applicable"", ""straight_curve_ratio"": ""protocol_dependent"", ""symmetry_horizontal"": ""direct"", ""symmetry_vertical"": ""direct"", ""unit_area_cv"": ""not_applicable"", ""unit_height_cv"": ""not_applicable"", ""unit_width_cv"": ""not_applicable"", ""whitespace_ratio"": ""direct""}","{""inter_glyph_spacing_mean_norm"": ""MEASURE_NOT_APPLICABLE"", ""inter_glyph_spacing_sd_norm"": ""MEASURE_NOT_APPLICABLE"", ""rhythm_periodicity"": ""MEASURE_NOT_APPLICABLE"", ""unit_area_cv"": ""MEASURE_NOT_APPLICABLE"", ""unit_height_cv"": ""MEASURE_NOT_APPLICABLE"", ""unit_width_cv"": ""MEASURE_NOT_APPLICABLE""}",0.01480245590209961,0.9851975440979004,0.18691594412331405,1.621875,6,0,0.9729852676391602,0.9814538955688477,0.5747612858006993,0.48094037403762524,0.5095714638767194,,,,,,
feat_9fd13ed0298a83bfd475,stim_7b6b8cc8ec5488f4,render_551362ca0ff22f33,1.1.0,raster_grayscale,bbox_height_matched,density|geometry|layout|proportion|reading_rhythm|stroke_gesture|uniformity|visual_center,direct,valid,,4d800e346b040f885277c164e937c2514144ed6292066deb66bb1fc465b2de05,"{""bbox_aspect_ratio"": 519, ""bbox_fill_ratio"": 35502, ""ink_coverage_ratio"": 35502, ""whitespace_ratio"": 2061650}","{""bbox_aspect_ratio"": 320, ""bbox_fill_ratio"": 166080, ""ink_coverage_ratio"": 2097152, ""whitespace_ratio"": 2097152}","{""bbox_aspect_ratio"": ""ratio"", ""bbox_fill_ratio"": ""ratio"", ""centroid_x_norm"": ""ratio"", ""centroid_y_norm"": ""ratio"", ""closure_count"": ""count"", ""connected_component_count"": ""count"", ""ink_coverage_ratio"": ""ratio"", ""inter_glyph_spacing_mean_norm"": ""ratio"", ""inter_glyph_spacing_sd_norm"": ""ratio"", ""rhythm_periodicity"": ""ratio"", ""straight_curve_ratio"": ""ratio"", ""symmetry_horizontal"": ""ratio"", ""symmetry_vertical"": ""ratio"", ""unit_area_cv"": ""ratio"", ""unit_height_cv"": ""ratio"", ""unit_width_cv"": ""ratio"", ""whitespace_ratio"": ""ratio""}","{""bbox_aspect_ratio"": ""direct"", ""bbox_fill_ratio"": ""direct"", ""centroid_x_norm"": ""direct"", ""centroid_y_norm"": ""direct"", ""closure_count"": ""direct"", ""connected_component_count"": ""direct"", ""ink_coverage_ratio"": ""direct"", ""inter_glyph_spacing_mean_norm"": ""not_applicable"", ""inter_glyph_spacing_sd_norm"": ""not_applicable"", ""rhythm_periodicity"": ""not_applicable"", ""straight_curve_ratio"": ""protocol_dependent"", ""symmetry_horizontal"": ""direct"", ""symmetry_vertical"": ""direct"", ""unit_area_cv"": ""not_applicable"", ""unit_height_cv"": ""not_applicable"", ""unit_width_cv"": ""not_applicable"", ""whitespace_ratio"": ""direct""}","{""inter_glyph_spacing_mean_norm"": ""MEASURE_NOT_APPLICABLE"", ""inter_glyph_spacing_sd_norm"": ""MEASURE_NOT_APPLICABLE"", ""rhythm_periodicity"": ""MEASURE_NOT_APPLICABLE"", ""unit_area_cv"": ""MEASURE_NOT_APPLICABLE"", ""unit_height_cv"": ""MEASURE_NOT_APPLICABLE"", ""unit_width_cv"": ""MEASURE_NOT_APPLICABLE""}",0.016928672790527344,0.9830713272094727,0.21376445086705204,1.621875,95,824,0.9698715209960938,0.9795017242431641,0.2693811134907377,0.48227479371760745,0.5097764078432201,,,,,,
feat_3232278f627af1585fc7,stim_7c34ec9717cd94fc,render_551362ca0ff22f33,1.1.0,raster_binary,ink_area_matched,density|geometry|layout|proportion|reading_rhythm|stroke_gesture|uniformity|visual_center,direct,valid,,4d800e346b040f885277c164e937c2514144ed6292066deb66bb1fc465b2de05,"{""bbox_aspect_ratio"": 632, ""bbox_fill_ratio"": 104808, ""ink_coverage_ratio"": 104808, ""whitespace_ratio"": 1992344}","{""bbox_aspect_ratio"": 629, ""bbox_fill_ratio"": 397528, ""ink_coverage_ratio"": 2097152, ""whitespace_ratio"": 2097152}","{""bbox_aspect_ratio"": ""ratio"", ""bbox_fill_ratio"": ""ratio"", ""centroid_x_norm"": ""ratio"", ""centroid_y_norm"": ""ratio"", ""closure_count"": ""count"", ""connected_component_count"": ""count"", ""ink_coverage_ratio"": ""ratio"", ""inter_glyph_spacing_mean_norm"": ""ratio"", ""inter_glyph_spacing_sd_norm"": ""ratio"", ""rhythm_periodicity"": ""ratio"", ""straight_curve_ratio"": ""ratio"", ""symmetry_horizontal"": ""ratio"", ""symmetry_vertical"": ""ratio"", ""unit_area_cv"": ""ratio"", ""unit_height_cv"": ""ratio"", ""unit_width_cv"": ""ratio"", ""whitespace_ratio"": ""ratio""}","{""bbox_aspect_ratio"": ""direct"", ""bbox_fill_ratio"": ""direct"", ""centroid_x_norm"": ""direct"", ""centroid_y_norm"": ""direct"", ""closure_count"": ""direct"", ""connected_component_count"": ""direct"", ""ink_coverage_ratio"": ""direct"", ""inter_glyph_spacing_mean_norm"": ""not_applicable"", ""inter_glyph_spacing_sd_norm"": ""not_applicable"", ""rhythm_periodicity"": ""not_applicable"", ""straight_curve_ratio"": ""protocol_dependent"", ""symmetry_horizontal"": ""direct"", ""symmetry_vertical"": ""direct"", ""unit_area_cv"": ""not_applicable"", ""unit_height_cv"": ""not_applicable"", ""unit_width_cv"": ""not_applicable"", ""whitespace_ratio"": ""direct""}","{""inter_glyph_spacing_mean_norm"": ""MEASURE_NOT_APPLICABLE"", ""inter_glyph_spacing_sd_norm"": ""MEASURE_NOT_APPLICABLE"", ""rhythm_periodicity"": ""MEASURE_NOT_APPLICABLE"", ""unit_area_cv"": ""MEASURE_NOT_APPLICABLE"", ""unit_height_cv"": ""MEASURE_NOT_APPLICABLE"", ""unit_width_cv"": ""MEASURE_NOT_APPLICABLE""}",0.049976348876953125,0.9500236511230469,0.26364935300154957,1.0047694753577106,2,1,0.9958076477050781,0.92120361328125,0.49503877664663803,0.5001725346138892,0.5104407341132118,,,,,,
feat_8dfa67a94cf5474f5b34,stim_7c34ec9717cd94fc,render_551362ca0ff22f33,1.1.0,raster_grayscale,ink_area_matched,density|geometry|layout|proportion|reading_rhythm|stroke_gesture|uniformity|visual_center,direct,valid,,4d800e346b040f885277c164e937c2514144ed6292066deb66bb1fc465b2de05,"{""bbox_aspect_ratio"": 632, ""bbox_fill_ratio"": 110344, ""ink_coverage_ratio"": 110344, ""whitespace_ratio"": 1986808}","{""bbox_aspect_ratio"": 629, ""bbox_fill_ratio"": 397528, ""ink_coverage_ratio"": 2097152, ""whitespace_ratio"": 2097152}","{""bbox_aspect_ratio"": ""ratio"", ""bbox_fill_ratio"": ""ratio"", ""centroid_x_norm"": ""ratio"", ""centroid_y_norm"": ""ratio"", ""closure_count"": ""count"", ""connected_component_count"": ""count"", ""ink_coverage_ratio"": ""ratio"", ""inter_glyph_spacing_mean_norm"": ""ratio"", ""inter_glyph_spacing_sd_norm"": ""ratio"", ""rhythm_periodicity"": ""ratio"", ""straight_curve_ratio"": ""ratio"", ""symmetry_horizontal"": ""ratio"", ""symmetry_vertical"": ""ratio"", ""unit_area_cv"": ""ratio"", ""unit_height_cv"": ""ratio"", ""unit_width_cv"": ""ratio"", ""whitespace_ratio"": ""ratio""}","{""bbox_aspect_ratio"": ""direct"", ""bbox_fill_ratio"": ""direct"", ""centroid_x_norm"": ""direct"", ""centroid_y_norm"": ""direct"", ""closure_count"": ""direct"", ""connected_component_count"": ""direct"", ""ink_coverage_ratio"": ""direct"", ""inter_glyph_spacing_mean_norm"": ""not_applicable"", ""inter_glyph_spacing_sd_norm"": ""not_applicable"", ""rhythm_periodicity"": ""not_applicable"", ""straight_curve_ratio"": ""protocol_dependent"", ""symmetry_horizontal"": ""direct"", ""symmetry_vertical"": ""direct"", ""unit_area_cv"": ""not_applicable"", ""unit_height_cv"": ""not_applicable"", ""unit_width_cv"": ""not_applicable"", ""whitespace_ratio"": ""direct""}","{""inter_glyph_spacing_mean_norm"": ""MEASURE_NOT_APPLICABLE"", ""inter_glyph_spacing_sd_norm"": ""MEASURE_NOT_APPLICABLE"", ""rhythm_periodicity"": ""MEASURE_NOT_APPLICABLE"", ""unit_area_cv"": ""MEASURE_NOT_APPLICABLE"", ""unit_height_cv"": ""MEASURE_NOT_APPLICABLE"", ""unit_width_cv"": ""MEASURE_NOT_APPLICABLE""}",0.052616119384765625,0.9473838806152344,0.27757541607132075,1.0047694753577106,84,660,0.9951915740966797,0.9180946350097656,0.5117423946839063,0.5002338434591482,0.5092544129749919,,,,,,
feat_8da0689e9fbab81eb824,stim_807ab3b2fcc13ed9,render_551362ca0ff22f33,1.1.0,raster_binary,ink_area_matched,density|geometry|layout|proportion|reading_rhythm|stroke_gesture|uniformity|visual_center,direct,valid,,4d800e346b040f885277c164e937c2514144ed6292066deb66bb1fc465b2de05,"{""bbox_aspect_ratio"": 408, ""bbox_fill_ratio"": 104790, ""ink_coverage_ratio"": 104790, ""whitespace_ratio"": 1992362}","{""bbox_aspect_ratio"": 572, ""bbox_fill_ratio"": 233376, ""ink_coverage_ratio"": 2097152, ""whitespace_ratio"": 2097152}","{""bbox_aspect_ratio"": ""ratio"", ""bbox_fill_ratio"": ""ratio"", ""centroid_x_norm"": ""ratio"", ""centroid_y_norm"": ""ratio"", ""closure_count"": ""count"", ""connected_component_count"": ""count"", ""ink_coverage_ratio"": ""ratio"", ""inter_glyph_spacing_mean_norm"": ""ratio"", ""inter_glyph_spacing_sd_norm"": ""ratio"", ""rhythm_periodicity"": ""ratio"", ""straight_curve_ratio"": ""ratio"", ""symmetry_horizontal"": ""ratio"", ""symmetry_vertical"": ""ratio"", ""unit_area_cv"": ""ratio"", ""unit_height_cv"": ""ratio"", ""unit_width_cv"": ""ratio"", ""whitespace_ratio"": ""ratio""}","{""bbox_aspect_ratio"": ""direct"", ""bbox_fill_ratio"": ""direct"", ""centroid_x_norm"": ""direct"", ""centroid_y_norm"": ""direct"", ""closure_count"": ""direct"", ""connected_component_count"": ""direct"", ""ink_coverage_ratio"": ""direct"", ""inter_glyph_spacing_mean_norm"": ""not_applicable"", ""inter_glyph_spacing_sd_norm"": ""not_applicable"", ""rhythm_periodicity"": ""not_applicable"", ""straight_curve_ratio"": ""protocol_dependent"", ""symmetry_horizontal"": ""direct"", ""symmetry_vertical"": ""direct"", ""unit_area_cv"": ""not_applicable"", ""unit_height_cv"": ""not_applicable"", ""unit_width_cv"": ""not_applicable"", ""whitespace_ratio"": ""direct""}","{""inter_glyph_spacing_mean_norm"": ""MEASURE_NOT_APPLICABLE"", ""inter_glyph_spacing_sd_norm"": ""MEASURE_NOT_APPLICABLE"", ""rhythm_periodicity"": ""MEASURE_NOT_APPLICABLE"", ""unit_area_cv"": ""MEASURE_NOT_APPLICABLE"", ""unit_height_cv"": ""MEASURE_NOT_APPLICABLE"", ""unit_width_cv"": ""MEASURE_NOT_APPLICABLE""}",0.04996776580810547,0.9500322341918945,0.44901789387083507,0.7132867132867133,1,1,0.9362201690673828,0.9579734802246094,0.6776711702056105,0.4817967734203526,0.479583609182651,,,,,,
feat_4383eb433d9168051cb2,stim_807ab3b2fcc13ed9,render_551362ca0ff22f33,1.1.0,raster_grayscale,ink_area_matched,density|geometry|layout|proportion|reading_rhythm|stroke_gesture|uniformity|visual_center,direct,valid,,4d800e346b040f885277c164e937c2514144ed6292066deb66bb1fc465b2de05,"{""bbox_aspect_ratio"": 408, ""bbox_fill_ratio"": 107352, ""ink_coverage_ratio"": 107352, ""whitespace_ratio"": 1989800}","{""bbox_aspect_ratio"": 572, ""bbox_fill_ratio"": 233376, ""ink_coverage_ratio"": 2097152, ""whitespace_ratio"": 2097152}","{""bbox_aspect_ratio"": ""ratio"", ""bbox_fill_ratio"": ""ratio"", ""centroid_x_norm"": ""ratio"", ""centroid_y_norm"": ""ratio"", ""closure_count"": ""count"", ""connected_component_count"": ""count"", ""ink_coverage_ratio"": ""ratio"", ""inter_glyph_spacing_mean_norm"": ""ratio"", ""inter_glyph_spacing_sd_norm"": ""ratio"", ""rhythm_periodicity"": ""ratio"", ""straight_curve_ratio"": ""ratio"", ""symmetry_horizontal"": ""ratio"", ""symmetry_vertical"": ""ratio"", ""unit_area_cv"": ""ratio"", ""unit_height_cv"": ""ratio"", ""unit_width_cv"": ""ratio"", ""whitespace_ratio"": ""ratio""}","{""bbox_aspect_ratio"": ""direct"", ""bbox_fill_ratio"": ""direct"", ""centroid_x_norm"": ""direct"", ""centroid_y_norm"": ""direct"", ""closure_count"": ""direct"", ""connected_component_count"": ""direct"", ""ink_coverage_ratio"": ""direct"", ""inter_glyph_spacing_mean_norm"": ""not_applicable"", ""inter_glyph_spacing_sd_norm"": ""not_applicable"", ""rhythm_periodicity"": ""not_applicable"", ""straight_curve_ratio"": ""protocol_dependent"", ""symmetry_horizontal"": ""direct"", ""symmetry_vertical"": ""direct"", ""unit_area_cv"": ""not_applicable"", ""unit_height_cv"": ""not_applicable"", ""unit_width_cv"": ""not_applicable"", ""whitespace_ratio"": ""direct""}","{""inter_glyph_spacing_mean_norm"": ""MEASURE_NOT_APPLICABLE"", ""inter_glyph_spacing_sd_norm"": ""MEASURE_NOT_APPLICABLE"", ""rhythm_periodicity"": ""MEASURE_NOT_APPLICABLE"", ""unit_area_cv"": ""MEASURE_NOT_APPLICABLE"", ""unit_height_cv"": ""MEASURE_NOT_APPLICABLE"", ""unit_width_cv"": ""MEASURE_NOT_APPLICABLE""}",0.051189422607421875,0.9488105773925781,0.4599958864664747,0.7132867132867133,28,275,0.9364986419677734,0.9575347900390625,0.5795803765873304,0.4825418621392708,0.47982987079013434,,,,,,
feat_afcd10cb1f2ae0f565e4,stim_859013a27938e352,render_551362ca0ff22f33,1.1.0,raster_binary,bbox_height_matched,density|geometry|layout|proportion|reading_rhythm|stroke_gesture|uniformity|visual_center,direct,valid,,4d800e346b040f885277c164e937c2514144ed6292066deb66bb1fc465b2de05,"{""bbox_aspect_ratio"": 301, ""bbox_fill_ratio"": 36777, ""ink_coverage_ratio"": 36777, ""whitespace_ratio"": 2060375}","{""bbox_aspect_ratio"": 320, ""bbox_fill_ratio"": 96320, ""ink_coverage_ratio"": 2097152, ""whitespace_ratio"": 2097152}","{""bbox_aspect_ratio"": ""ratio"", ""bbox_fill_ratio"": ""ratio"", ""centroid_x_norm"": ""ratio"", ""centroid_y_norm"": ""ratio"", ""closure_count"": ""count"", ""connected_component_count"": ""count"", ""ink_coverage_ratio"": ""ratio"", ""inter_glyph_spacing_mean_norm"": ""ratio"", ""inter_glyph_spacing_sd_norm"": ""ratio"", ""rhythm_periodicity"": ""ratio"", ""straight_curve_ratio"": ""ratio"", ""symmetry_horizontal"": ""ratio"", ""symmetry_vertical"": ""ratio"", ""unit_area_cv"": ""ratio"", ""unit_height_cv"": ""ratio"", ""unit_width_cv"": ""ratio"", ""whitespace_ratio"": ""ratio""}","{""bbox_aspect_ratio"": ""direct"", ""bbox_fill_ratio"": ""direct"", ""centroid_x_norm"": ""direct"", ""centroid_y_norm"": ""direct"", ""closure_count"": ""direct"", ""connected_component_count"": ""direct"", ""ink_coverage_ratio"": ""direct"", ""inter_glyph_spacing_mean_norm"": ""not_applicable"", ""inter_glyph_spacing_sd_norm"": ""not_applicable"", ""rhythm_periodicity"": ""not_applicable"", ""straight_curve_ratio"": ""protocol_dependent"", ""symmetry_horizontal"": ""direct"", ""symmetry_vertical"": ""direct"", ""unit_area_cv"": ""not_applicable"", ""unit_height_cv"": ""not_applicable"", ""unit_width_cv"": ""not_applicable"", ""whitespace_ratio"": ""direct""}","{""inter_glyph_spacing_mean_norm"": ""MEASURE_NOT_APPLICABLE"", ""inter_glyph_spacing_sd_norm"": ""MEASURE_NOT_APPLICABLE"", ""rhythm_periodicity"": ""MEASURE_NOT_APPLICABLE"", ""unit_area_cv"": ""MEASURE_NOT_APPLICABLE"", ""unit_height_cv"": ""MEASURE_NOT_APPLICABLE"", ""unit_width_cv"": ""MEASURE_NOT_APPLICABLE""}",0.017536640167236328,0.9824633598327637,0.38182101328903656,0.940625,2,4,0.9971227645874023,0.9837789535522461,0.9336713596015349,0.5019480532584903,0.46123418360150364,,,,,,
feat_b6c774e00cc9368415da,stim_859013a27938e352,render_551362ca0ff22f33,1.1.0,raster_grayscale,bbox_height_matched,density|geometry|layout|proportion|reading_rhythm|stroke_gesture|uniformity|visual_center,direct,valid,,4d800e346b040f885277c164e937c2514144ed6292066deb66bb1fc465b2de05,"{""bbox_aspect_ratio"": 301, ""bbox_fill_ratio"": 39274, ""ink_coverage_ratio"": 39274, ""whitespace_ratio"": 2057878}","{""bbox_aspect_ratio"": 320, ""bbox_fill_ratio"": 96320, ""ink_coverage_ratio"": 2097152, ""whitespace_ratio"": 2097152}","{""bbox_aspect_ratio"": ""ratio"", ""bbox_fill_ratio"": ""ratio"", ""centroid_x_norm"": ""ratio"", ""centroid_y_norm"": ""ratio"", ""closure_count"": ""count"", ""connected_component_count"": ""count"", ""ink_coverage_ratio"": ""ratio"", ""inter_glyph_spacing_mean_norm"": ""ratio"", ""inter_glyph_spacing_sd_norm"": ""ratio"", ""rhythm_periodicity"": ""ratio"", ""straight_curve_ratio"": ""ratio"", ""symmetry_horizontal"": ""ratio"", ""symmetry_vertical"": ""ratio"", ""unit_area_cv"": ""ratio"", ""unit_height_cv"": ""ratio"", ""unit_width_cv"": ""ratio"", ""whitespace_ratio"": ""ratio""}","{""bbox_aspect_ratio"": ""direct"", ""bbox_fill_ratio"": ""direct"", ""centroid_x_norm"": ""direct"", ""centroid_y_norm"": ""direct"", ""closure_count"": ""direct"", ""connected_component_count"": ""direct"", ""ink_coverage_ratio"": ""direct"", ""inter_glyph_spacing_mean_norm"": ""not_applicable"", ""inter_glyph_spacing_sd_norm"": ""not_applicable"", ""rhythm_periodicity"": ""not_applicable"", ""straight_curve_ratio"": ""protocol_dependent"", ""symmetry_horizontal"": ""direct"", ""symmetry_vertical"": ""direct"", ""unit_area_cv"": ""not_applicable"", ""unit_height_cv"": ""not_applicable"", ""unit_width_cv"": ""not_applicable"", ""whitespace_ratio"": ""direct""}","{""inter_glyph_spacing_mean_norm"": ""MEASURE_NOT_APPLICABLE"", ""inter_glyph_spacing_sd_norm"": ""MEASURE_NOT_APPLICABLE"", ""rhythm_periodicity"": ""MEASURE_NOT_APPLICABLE"", ""unit_area_cv"": ""MEASURE_NOT_APPLICABLE"", ""unit_height_cv"": ""MEASURE_NOT_APPLICABLE"", ""unit_width_cv"": ""MEASURE_NOT_APPLICABLE""}",0.01872730255126953,0.9812726974487305,0.4077450166112957,0.940625,7,23,0.9967174530029297,0.9824180603027344,0.8616651924160278,0.5020879823284806,0.4610406415503896,,,,,,
feat_eb49a62972e2e399cbae,stim_86377879ac58d917,render_551362ca0ff22f33,1.1.0,raster_binary,ink_area_matched,density|geometry|layout|proportion|reading_rhythm|stroke_gesture|uniformity|visual_center,protocol_dependent,valid,,4d800e346b040f885277c164e937c2514144ed6292066deb66bb1fc465b2de05,"{""bbox_aspect_ratio"": 1372, ""bbox_fill_ratio"": 104898, ""ink_coverage_ratio"": 104898, ""whitespace_ratio"": 1992254}","{""bbox_aspect_ratio"": 328, ""bbox_fill_ratio"": 450016, ""ink_coverage_ratio"": 2097152, ""whitespace_ratio"": 2097152}","{""bbox_aspect_ratio"": ""ratio"", ""bbox_fill_ratio"": ""ratio"", ""centroid_x_norm"": ""ratio"", ""centroid_y_norm"": ""ratio"", ""closure_count"": ""count"", ""connected_component_count"": ""count"", ""ink_coverage_ratio"": ""ratio"", ""inter_glyph_spacing_mean_norm"": ""ratio"", ""inter_glyph_spacing_sd_norm"": ""ratio"", ""rhythm_periodicity"": ""ratio"", ""straight_curve_ratio"": ""ratio"", ""symmetry_horizontal"": ""ratio"", ""symmetry_vertical"": ""ratio"", ""unit_area_cv"": ""ratio"", ""unit_height_cv"": ""ratio"", ""unit_width_cv"": ""ratio"", ""whitespace_ratio"": ""ratio""}","{""bbox_aspect_ratio"": ""direct"", ""bbox_fill_ratio"": ""direct"", ""centroid_x_norm"": ""direct"", ""centroid_y_norm"": ""direct"", ""closure_count"": ""direct"", ""connected_component_count"": ""direct"", ""ink_coverage_ratio"": ""direct"", ""inter_glyph_spacing_mean_norm"": ""protocol_dependent"", ""inter_glyph_spacing_sd_norm"": ""protocol_dependent"", ""rhythm_periodicity"": ""protocol_dependent"", ""straight_curve_ratio"": ""protocol_dependent"", ""symmetry_horizontal"": ""direct"", ""symmetry_vertical"": ""direct"", ""unit_area_cv"": ""protocol_dependent"", ""unit_height_cv"": ""protocol_dependent"", ""unit_width_cv"": ""protocol_dependent"", ""whitespace_ratio"": ""direct""}","{""rhythm_periodicity"": ""MEASURE_SEQUENCE_TOO_SHORT""}",0.050019264221191406,0.9499807357788086,0.23309837872431202,4.182926829268292,9,2,0.9333076477050781,0.9587936401367188,0.801871910252109,0.5100350366397596,0.5068771792002708,0.1910569105691057,0.008742200474636823,,0.09887522674186505,0.06529104084489083,0.07277751079147406
feat_4fa18cf8ef407f188630,stim_86377879ac58d917,render_551362ca0ff22f33,1.1.0,raster_grayscale,ink_area_matched,density|geometry|layout|proportion|reading_rhythm|stroke_gesture|uniformity|visual_center,protocol_dependent,valid,,4d800e346b040f885277c164e937c2514144ed6292066deb66bb1fc465b2de05,"{""bbox_aspect_ratio"": 1372, ""bbox_fill_ratio"": 115791, ""ink_coverage_ratio"": 115791, ""whitespace_ratio"": 1981361}","{""bbox_aspect_ratio"": 328, ""bbox_fill_ratio"": 450016, ""ink_coverage_ratio"": 2097152, ""whitespace_ratio"": 2097152}","{""bbox_aspect_ratio"": ""ratio"", ""bbox_fill_ratio"": ""ratio"", ""centroid_x_norm"": ""ratio"", ""centroid_y_norm"": ""ratio"", ""closure_count"": ""count"", ""connected_component_count"": ""count"", ""ink_coverage_ratio"": ""ratio"", ""inter_glyph_spacing_mean_norm"": ""ratio"", ""inter_glyph_spacing_sd_norm"": ""ratio"", ""rhythm_periodicity"": ""ratio"", ""straight_curve_ratio"": ""ratio"", ""symmetry_horizontal"": ""ratio"", ""symmetry_vertical"": ""ratio"", ""unit_area_cv"": ""ratio"", ""unit_height_cv"": ""ratio"", ""unit_width_cv"": ""ratio"", ""whitespace_ratio"": ""ratio""}","{""bbox_aspect_ratio"": ""direct"", ""bbox_fill_ratio"": ""direct"", ""centroid_x_norm"": ""direct"", ""centroid_y_norm"": ""direct"", ""closure_count"": ""direct"", ""connected_component_count"": ""direct"", ""ink_coverage_ratio"": ""direct"", ""inter_glyph_spacing_mean_norm"": ""protocol_dependent"", ""inter_glyph_spacing_sd_norm"": ""protocol_dependent"", ""rhythm_periodicity"": ""protocol_dependent"", ""straight_curve_ratio"": ""protocol_dependent"", ""symmetry_horizontal"": ""direct"", ""symmetry_vertical"": ""direct"", ""unit_area_cv"": ""protocol_dependent"", ""unit_height_cv"": ""protocol_dependent"", ""unit_width_cv"": ""protocol_dependent"", ""whitespace_ratio"": ""direct""}","{""rhythm_periodicity"": ""MEASURE_SEQUENCE_TOO_SHORT""}",0.05521345138549805,0.944786548614502,0.25730418474009814,4.182926829268292,70,1029,0.9300718307495117,0.9549760818481445,0.47640681897780457,0.5092672020601774,0.5066358362669594,0.1910569105691057,0.008742200474636823,,0.10420502785738235,0.06529104084489083,0.07277751079147406
feat_50cb67e11b941a8f76c1,stim_89c35892b6465c9a,render_551362ca0ff22f33,1.1.0,raster_binary,bbox_height_matched,density|geometry|layout|proportion|reading_rhythm|stroke_gesture|uniformity|visual_center,protocol_dependent,valid,,4d800e346b040f885277c164e937c2514144ed6292066deb66bb1fc465b2de05,"{""bbox_aspect_ratio"": 1432, ""bbox_fill_ratio"": 114164, ""ink_coverage_ratio"": 114164, ""whitespace_ratio"": 1982988}","{""bbox_aspect_ratio"": 320, ""bbox_fill_ratio"": 458240, ""ink_coverage_ratio"": 2097152, ""whitespace_ratio"": 2097152}","{""bbox_aspect_ratio"": ""ratio"", ""bbox_fill_ratio"": ""ratio"", ""centroid_x_norm"": ""ratio"", ""centroid_y_norm"": ""ratio"", ""closure_count"": ""count"", ""connected_component_count"": ""count"", ""ink_coverage_ratio"": ""ratio"", ""inter_glyph_spacing_mean_norm"": ""ratio"", ""inter_glyph_spacing_sd_norm"": ""ratio"", ""rhythm_periodicity"": ""ratio"", ""straight_curve_ratio"": ""ratio"", ""symmetry_horizontal"": ""ratio"", ""symmetry_vertical"": ""ratio"", ""unit_area_cv"": ""ratio"", ""unit_height_cv"": ""ratio"", ""unit_width_cv"": ""ratio"", ""whitespace_ratio"": ""ratio""}","{""bbox_aspect_ratio"": ""direct"", ""bbox_fill_ratio"": ""direct"", ""centroid_x_norm"": ""direct"", ""centroid_y_norm"": ""direct"", ""closure_count"": ""direct"", ""connected_component_count"": ""direct"", ""ink_coverage_ratio"": ""direct"", ""inter_glyph_spacing_mean_norm"": ""protocol_dependent"", ""inter_glyph_spacing_sd_norm"": ""protocol_dependent"", ""rhythm_periodicity"": ""protocol_dependent"", ""straight_curve_ratio"": ""protocol_dependent"", ""symmetry_horizontal"": ""direct"", ""symmetry_vertical"": ""direct"", ""unit_area_cv"": ""protocol_dependent"", ""unit_height_cv"": ""protocol_dependent"", ""unit_width_cv"": ""protocol_dependent"", ""whitespace_ratio"": ""direct""}","{""rhythm_periodicity"": ""MEASURE_SEQUENCE_TOO_SHORT""}",0.05443763732910156,0.9455623626708984,0.24913582402234638,4.475,4,5,0.9333209991455078,0.9414997100830078,0.6169281473941802,0.48918902525232344,0.5000372271469115,0.31354166666666666,0.014052851628366713,,0.09203438841456058,0.06632478527706348,0.044629085894600205
feat_65fdd597fa98fed8db0a,stim_89c35892b6465c9a,render_551362ca0ff22f33,1.1.0,raster_grayscale,bbox_height_matched,density|geometry|layout|proportion|reading_rhythm|stroke_gesture|uniformity|visual_center,protocol_dependent,valid,,4d800e346b040f885277c164e937c2514144ed6292066deb66bb1fc465b2de05,"{""bbox_aspect_ratio"": 1432, ""bbox_fill_ratio"": 124342, ""ink_coverage_ratio"": 124342, ""whitespace_ratio"": 1972810}","{""bbox_aspect_ratio"": 320, ""bbox_fill_ratio"": 458240, ""ink_coverage_ratio"": 2097152, ""whitespace_ratio"": 2097152}","{""bbox_aspect_ratio"": ""ratio"", ""bbox_fill_ratio"": ""ratio"", ""centroid_x_norm"": ""ratio"", ""centroid_y_norm"": ""ratio"", ""closure_count"": ""count"", ""connected_component_count"": ""count"", ""ink_coverage_ratio"": ""ratio"", ""inter_glyph_spacing_mean_norm"": ""ratio"", ""inter_glyph_spacing_sd_norm"": ""ratio"", ""rhythm_periodicity"": ""ratio"", ""straight_curve_ratio"": ""ratio"", ""symmetry_horizontal"": ""ratio"", ""symmetry_vertical"": ""ratio"", ""unit_area_cv"": ""ratio"", ""unit_height_cv"": ""ratio"", ""unit_width_cv"": ""ratio"", ""whitespace_ratio"": ""ratio""}","{""bbox_aspect_ratio"": ""direct"", ""bbox_fill_ratio"": ""direct"", ""centroid_x_norm"": ""direct"", ""centroid_y_norm"": ""direct"", ""closure_count"": ""direct"", ""connected_component_count"": ""direct"", ""ink_coverage_ratio"": ""direct"", ""inter_glyph_spacing_mean_norm"": ""protocol_dependent"", ""inter_glyph_spacing_sd_norm"": ""protocol_dependent"", ""rhythm_periodicity"": ""protocol_dependent"", ""straight_curve_ratio"": ""protocol_dependent"", ""symmetry_horizontal"": ""direct"", ""symmetry_vertical"": ""direct"", ""unit_area_cv"": ""protocol_dependent"", ""unit_height_cv"": ""protocol_dependent"", ""unit_width_cv"": ""protocol_dependent"", ""whitespace_ratio"": ""direct""}","{""rhythm_periodicity"": ""MEASURE_SEQUENCE_TOO_SHORT""}",0.05929088592529297,0.940709114074707,0.27134689245810056,4.475,341,1172,0.9307117462158203,0.939239501953125,0.42804532462870837,0.48947193966539865,0.4997852523810338,0.31354166666666666,0.014052851628366713,,0.09253871291775444,0.06632478527706348,0.044629085894600205
feat_703d588a75c50973dbb1,stim_8bf2db3d713e3d66,render_551362ca0ff22f33,1.1.0,raster_binary,ink_area_matched,density|geometry|layout|proportion|reading_rhythm|stroke_gesture|uniformity|visual_center,direct,valid,,4d800e346b040f885277c164e937c2514144ed6292066deb66bb1fc465b2de05,"{""bbox_aspect_ratio"": 746, ""bbox_fill_ratio"": 104831, ""ink_coverage_ratio"": 104831, ""whitespace_ratio"": 1992321}","{""bbox_aspect_ratio"": 796, ""bbox_fill_ratio"": 593816, ""ink_coverage_ratio"": 2097152, ""whitespace_ratio"": 2097152}","{""bbox_aspect_ratio"": ""ratio"", ""bbox_fill_ratio"": ""ratio"", ""centroid_x_norm"": ""ratio"", ""centroid_y_norm"": ""ratio"", ""closure_count"": ""count"", ""connected_component_count"": ""count"", ""ink_coverage_ratio"": ""ratio"", ""inter_glyph_spacing_mean_norm"": ""ratio"", ""inter_glyph_spacing_sd_norm"": ""ratio"", ""rhythm_periodicity"": ""ratio"", ""straight_curve_ratio"": ""ratio"", ""symmetry_horizontal"": ""ratio"", ""symmetry_vertical"": ""ratio"", ""unit_area_cv"": ""ratio"", ""unit_height_cv"": ""ratio"", ""unit_width_cv"": ""ratio"", ""whitespace_ratio"": ""ratio""}","{""bbox_aspect_ratio"": ""direct"", ""bbox_fill_ratio"": ""direct"", ""centroid_x_norm"": ""direct"", ""centroid_y_norm"": ""direct"", ""closure_count"": ""direct"", ""connected_component_count"": ""direct"", ""ink_coverage_ratio"": ""direct"", ""inter_glyph_spacing_mean_norm"": ""not_applicable"", ""inter_glyph_spacing_sd_norm"": ""not_applicable"", ""rhythm_periodicity"": ""not_applicable"", ""straight_curve_ratio"": ""protocol_dependent"", ""symmetry_horizontal"": ""direct"", ""symmetry_vertical"": ""direct"", ""unit_area_cv"": ""not_applicable"", ""unit_height_cv"": ""not_applicable"", ""unit_width_cv"": ""not_applicable"", ""whitespace_ratio"": ""direct""}","{""inter_glyph_spacing_mean_norm"": ""MEASURE_NOT_APPLICABLE"", ""inter_glyph_spacing_sd_norm"": ""MEASURE_NOT_APPLICABLE"", ""rhythm_periodicity"": ""MEASURE_NOT_APPLICABLE"", ""unit_area_cv"": ""MEASURE_NOT_APPLICABLE"", ""unit_height_cv"": ""MEASURE_NOT_APPLICABLE"", ""unit_width_cv"": ""MEASURE_NOT_APPLICABLE""}",0.0499873161315918,0.9500126838684082,0.1765378501084511,0.9371859296482412,1,0,0.9293317794799805,0.9102621078491211,0.43531837892049896,0.4857010135286199,0.5611468361875304,,,,,,
feat_4a551efc120b720f5fef,stim_8bf2db3d713e3d66,render_551362ca0ff22f33,1.1.0,raster_grayscale,ink_area_matched,density|geometry|layout|proportion|reading_rhythm|stroke_gesture|uniformity|visual_center,direct,valid,,4d800e346b040f885277c164e937c2514144ed6292066deb66bb1fc465b2de05,"{""bbox_aspect_ratio"": 746, ""bbox_fill_ratio"": 108950, ""ink_coverage_ratio"": 108950, ""whitespace_ratio"": 1988202}","{""bbox_aspect_ratio"": 796, ""bbox_fill_ratio"": 593816, ""ink_coverage_ratio"": 2097152, ""whitespace_ratio"": 2097152}","{""bbox_aspect_ratio"": ""ratio"", ""bbox_fill_ratio"": ""ratio"", ""centroid_x_norm"": ""ratio"", ""centroid_y_norm"": ""ratio"", ""closure_count"": ""count"", ""connected_component_count"": ""count"", ""ink_coverage_ratio"": ""ratio"", ""inter_glyph_spacing_mean_norm"": ""ratio"", ""inter_glyph_spacing_sd_norm"": ""ratio"", ""rhythm_periodicity"": ""ratio"", ""straight_curve_ratio"": ""ratio"", ""symmetry_horizontal"": ""ratio"", ""symmetry_vertical"": ""ratio"", ""unit_area_cv"": ""ratio"", ""unit_height_cv"": ""ratio"", ""unit_width_cv"": ""ratio"", ""whitespace_ratio"": ""ratio""}","{""bbox_aspect_ratio"": ""direct"", ""bbox_fill_ratio"": ""direct"", ""centroid_x_norm"": ""direct"", ""centroid_y_norm"": ""direct"", ""closure_count"": ""direct"", ""connected_component_count"": ""direct"", ""ink_coverage_ratio"": ""direct"", ""inter_glyph_spacing_mean_norm"": ""not_applicable"", ""inter_glyph_spacing_sd_norm"": ""not_applicable"", ""rhythm_periodicity"": ""not_applicable"", ""straight_curve_ratio"": ""protocol_dependent"", ""symmetry_horizontal"": ""direct"", ""symmetry_vertical"": ""direct"", ""unit_area_cv"": ""not_applicable"", ""unit_height_cv"": ""not_applicable"", ""unit_width_cv"": ""not_applicable"", ""whitespace_ratio"": ""direct""}","{""inter_glyph_spacing_mean_norm"": ""MEASURE_NOT_APPLICABLE"", ""inter_glyph_spacing_sd_norm"": ""MEASURE_NOT_APPLICABLE"", ""rhythm_periodicity"": ""MEASURE_NOT_APPLICABLE"", ""unit_area_cv"": ""MEASURE_NOT_APPLICABLE"", ""unit_height_cv"": ""MEASURE_NOT_APPLICABLE"", ""unit_width_cv"": ""MEASURE_NOT_APPLICABLE""}",0.05195140838623047,0.9480485916137695,0.1834743422204858,0.9371859296482412,9,938,0.927734375,0.9070720672607422,0.3876994289282866,0.48581585768988067,0.5615094545949977,,,,,,
feat_4699500f8db031411779,stim_8dd2285399c8dbb6,render_551362ca0ff22f33,1.1.0,raster_binary,bbox_height_matched,density|geometry|layout|proportion|reading_rhythm|stroke_gesture|uniformity|visual_center,direct,valid,,4d800e346b040f885277c164e937c2514144ed6292066deb66bb1fc465b2de05,"{""bbox_aspect_ratio"": 322, ""bbox_fill_ratio"": 27340, ""ink_coverage_ratio"": 27340, ""whitespace_ratio"": 2069812}","{""bbox_aspect_ratio"": 320, ""bbox_fill_ratio"": 103040, ""ink_coverage_ratio"": 2097152, ""whitespace_ratio"": 2097152}","{""bbox_aspect_ratio"": ""ratio"", ""bbox_fill_ratio"": ""ratio"", ""centroid_x_norm"": ""ratio"", ""centroid_y_norm"": ""ratio"", ""closure_count"": ""count"", ""connected_component_count"": ""count"", ""ink_coverage_ratio"": ""ratio"", ""inter_glyph_spacing_mean_norm"": ""ratio"", ""inter_glyph_spacing_sd_norm"": ""ratio"", ""rhythm_periodicity"": ""ratio"", ""straight_curve_ratio"": ""ratio"", ""symmetry_horizontal"": ""ratio"", ""symmetry_vertical"": ""ratio"", ""unit_area_cv"": ""ratio"", ""unit_height_cv"": ""ratio"", ""unit_width_cv"": ""ratio"", ""whitespace_ratio"": ""ratio""}","{""bbox_aspect_ratio"": ""direct"", ""bbox_fill_ratio"": ""direct"", ""centroid_x_norm"": ""direct"", ""centroid_y_norm"": ""direct"", ""closure_count"": ""direct"", ""connected_component_count"": ""direct"", ""ink_coverage_ratio"": ""direct"", ""inter_glyph_spacing_mean_norm"": ""not_applicable"", ""inter_glyph_spacing_sd_norm"": ""not_applicable"", ""rhythm_periodicity"": ""not_applicable"", ""straight_curve_ratio"": ""protocol_dependent"", ""symmetry_horizontal"": ""direct"", ""symmetry_vertical"": ""direct"", ""unit_area_cv"": ""not_applicable"", ""unit_height_cv"": ""not_applicable"", ""unit_width_cv"": ""not_applicable"", ""whitespace_ratio"": ""direct""}","{""inter_glyph_spacing_mean_norm"": ""MEASURE_NOT_APPLICABLE"", ""inter_glyph_spacing_sd_norm"": ""MEASURE_NOT_APPLICABLE"", ""rhythm_periodicity"": ""MEASURE_NOT_APPLICABLE"", ""unit_area_cv"": ""MEASURE_NOT_APPLICABLE"", ""unit_height_cv"": ""MEASURE_NOT_APPLICABLE"", ""unit_width_cv"": ""MEASURE_NOT_APPLICABLE""}",0.013036727905273438,0.9869632720947266,0.265333850931677,1.00625,2,1,0.9988937377929688,0.9795646667480469,0.48104097609654284,0.5000285039091076,0.504162285113387,,,,,,
feat_3345f5d081a76b8fcc86,stim_8dd2285399c8dbb6,render_551362ca0ff22f33,1.1.0,raster_grayscale,bbox_height_matched,density|geometry|layout|proportion|reading_rhythm|stroke_gesture|uniformity|visual_center,direct,valid,,4d800e346b040f885277c164e937c2514144ed6292066deb66bb1fc465b2de05,"{""bbox_aspect_ratio"": 322, ""bbox_fill_ratio"": 29910, ""ink_coverage_ratio"": 29910, ""whitespace_ratio"": 2067242}","{""bbox_aspect_ratio"": 320, ""bbox_fill_ratio"": 103040, ""ink_coverage_ratio"": 2097152, ""whitespace_ratio"": 2097152}","{""bbox_aspect_ratio"": ""ratio"", ""bbox_fill_ratio"": ""ratio"", ""centroid_x_norm"": ""ratio"", ""centroid_y_norm"": ""ratio"", ""closure_count"": ""count"", ""connected_component_count"": ""count"", ""ink_coverage_ratio"": ""ratio"", ""inter_glyph_spacing_mean_norm"": ""ratio"", ""inter_glyph_spacing_sd_norm"": ""ratio"", ""rhythm_periodicity"": ""ratio"", ""straight_curve_ratio"": ""ratio"", ""symmetry_horizontal"": ""ratio"", ""symmetry_vertical"": ""ratio"", ""unit_area_cv"": ""ratio"", ""unit_height_cv"": ""ratio"", ""unit_width_cv"": ""ratio"", ""whitespace_ratio"": ""ratio""}","{""bbox_aspect_ratio"": ""direct"", ""bbox_fill_ratio"": ""direct"", ""centroid_x_norm"": ""direct"", ""centroid_y_norm"": ""direct"", ""closure_count"": ""direct"", ""connected_component_count"": ""direct"", ""ink_coverage_ratio"": ""direct"", ""inter_glyph_spacing_mean_norm"": ""not_applicable"", ""inter_glyph_spacing_sd_norm"": ""not_applicable"", ""rhythm_periodicity"": ""not_applicable"", ""straight_curve_ratio"": ""protocol_dependent"", ""symmetry_horizontal"": ""direct"", ""symmetry_vertical"": ""direct"", ""unit_area_cv"": ""not_applicable"", ""unit_height_cv"": ""not_applicable"", ""unit_width_cv"": ""not_applicable"", ""whitespace_ratio"": ""direct""}","{""inter_glyph_spacing_mean_norm"": ""MEASURE_NOT_APPLICABLE"", ""inter_glyph_spacing_sd_norm"": ""MEASURE_NOT_APPLICABLE"", ""rhythm_periodicity"": ""MEASURE_NOT_APPLICABLE"", ""unit_area_cv"": ""MEASURE_NOT_APPLICABLE"", ""unit_height_cv"": ""MEASURE_NOT_APPLICABLE"", ""unit_width_cv"": ""MEASURE_NOT_APPLICABLE""}",0.014262199401855469,0.9857378005981445,0.2902756211180124,1.00625,47,452,0.9984169006347656,0.9780979156494141,0.3135194310736412,0.49993598960945335,0.5042532219052992,,,,,,
feat_f21363a0d1f392b6c4b5,stim_8e1309a7db1d05d2,render_551362ca0ff22f33,1.1.0,raster_binary,bbox_height_matched,density|geometry|layout|proportion|reading_rhythm|stroke_gesture|uniformity|visual_center,direct,valid,,4d800e346b040f885277c164e937c2514144ed6292066deb66bb1fc465b2de05,"{""bbox_aspect_ratio"": 179, ""bbox_fill_ratio"": 27465, ""ink_coverage_ratio"": 27465, ""whitespace_ratio"": 2069687}","{""bbox_aspect_ratio"": 320, ""bbox_fill_ratio"": 57280, ""ink_coverage_ratio"": 2097152, ""whitespace_ratio"": 2097152}","{""bbox_aspect_ratio"": ""ratio"", ""bbox_fill_ratio"": ""ratio"", ""centroid_x_norm"": ""ratio"", ""centroid_y_norm"": ""ratio"", ""closure_count"": ""count"", ""connected_component_count"": ""count"", ""ink_coverage_ratio"": ""ratio"", ""inter_glyph_spacing_mean_norm"": ""ratio"", ""inter_glyph_spacing_sd_norm"": ""ratio"", ""rhythm_periodicity"": ""ratio"", ""straight_curve_ratio"": ""ratio"", ""symmetry_horizontal"": ""ratio"", ""symmetry_vertical"": ""ratio"", ""unit_area_cv"": ""ratio"", ""unit_height_cv"": ""ratio"", ""unit_width_cv"": ""ratio"", ""whitespace_ratio"": ""ratio""}","{""bbox_aspect_ratio"": ""direct"", ""bbox_fill_ratio"": ""direct"", ""centroid_x_norm"": ""direct"", ""centroid_y_norm"": ""direct"", ""closure_count"": ""direct"", ""connected_component_count"": ""direct"", ""ink_coverage_ratio"": ""direct"", ""inter_glyph_spacing_mean_norm"": ""not_applicable"", ""inter_glyph_spacing_sd_norm"": ""not_applicable"", ""rhythm_periodicity"": ""not_applicable"", ""straight_curve_ratio"": ""protocol_dependent"", ""symmetry_horizontal"": ""direct"", ""symmetry_vertical"": ""direct"", ""unit_area_cv"": ""not_applicable"", ""unit_height_cv"": ""not_applicable"", ""unit_width_cv"": ""not_applicable"", ""whitespace_ratio"": ""direct""}","{""inter_glyph_spacing_mean_norm"": ""MEASURE_NOT_APPLICABLE"", ""inter_glyph_spacing_sd_norm"": ""MEASURE_NOT_APPLICABLE"", ""rhythm_periodicity"": ""MEASURE_NOT_APPLICABLE"", ""unit_area_cv"": ""MEASURE_NOT_APPLICABLE"", ""unit_height_cv"": ""MEASURE_NOT_APPLICABLE"", ""unit_width_cv"": ""MEASURE_NOT_APPLICABLE""}",0.013096332550048828,0.9869036674499512,0.47948673184357543,0.559375,1,0,0.991267204284668,0.9980058670043945,0.9736730208367033,0.4883256246586565,0.4976835574822501,,,,,,
feat_180df1eb0c6cd8c7e04f,stim_8e1309a7db1d05d2,render_551362ca0ff22f33,1.1.0,raster_grayscale,bbox_height_matched,density|geometry|layout|proportion|reading_rhythm|stroke_gesture|uniformity|visual_center,direct,valid,,4d800e346b040f885277c164e937c2514144ed6292066deb66bb1fc465b2de05,"{""bbox_aspect_ratio"": 179, ""bbox_fill_ratio"": 28546, ""ink_coverage_ratio"": 28546, ""whitespace_ratio"": 2068606}","{""bbox_aspect_ratio"": 320, ""bbox_fill_ratio"": 57280, ""ink_coverage_ratio"": 2097152, ""whitespace_ratio"": 2097152}","{""bbox_aspect_ratio"": ""ratio"", ""bbox_fill_ratio"": ""ratio"", ""centroid_x_norm"": ""ratio"", ""centroid_y_norm"": ""ratio"", ""closure_count"": ""count"", ""connected_component_count"": ""count"", ""ink_coverage_ratio"": ""ratio"", ""inter_glyph_spacing_mean_norm"": ""ratio"", ""inter_glyph_spacing_sd_norm"": ""ratio"", ""rhythm_periodicity"": ""ratio"", ""straight_curve_ratio"": ""ratio"", ""symmetry_horizontal"": ""ratio"", ""symmetry_vertical"": ""ratio"", ""unit_area_cv"": ""ratio"", ""unit_height_cv"": ""ratio"", ""unit_width_cv"": ""ratio"", ""whitespace_ratio"": ""ratio""}","{""bbox_aspect_ratio"": ""direct"", ""bbox_fill_ratio"": ""direct"", ""centroid_x_norm"": ""direct"", ""centroid_y_norm"": ""direct"", ""closure_count"": ""direct"", ""connected_component_count"": ""direct"", ""ink_coverage_ratio"": ""direct"", ""inter_glyph_spacing_mean_norm"": ""not_applicable"", ""inter_glyph_spacing_sd_norm"": ""not_applicable"", ""rhythm_periodicity"": ""not_applicable"", ""straight_curve_ratio"": ""protocol_dependent"", ""symmetry_horizontal"": ""direct"", ""symmetry_vertical"": ""direct"", ""unit_area_cv"": ""not_applicable"", ""unit_height_cv"": ""not_applicable"", ""unit_width_cv"": ""not_applicable"", ""whitespace_ratio"": ""direct""}","{""inter_glyph_spacing_mean_norm"": ""MEASURE_NOT_APPLICABLE"", ""inter_glyph_spacing_sd_norm"": ""MEASURE_NOT_APPLICABLE"", ""rhythm_periodicity"": ""MEASURE_NOT_APPLICABLE"", ""unit_area_cv"": ""MEASURE_NOT_APPLICABLE"", ""unit_height_cv"": ""MEASURE_NOT_APPLICABLE"", ""unit_width_cv"": ""MEASURE_NOT_APPLICABLE""}",0.013611793518066406,0.9863882064819336,0.49835893854748603,0.559375,2,2,0.9913425445556641,0.9982490539550781,0.9522415604007236,0.4889372977496847,0.49832154817005886,,,,,,
feat_6faad7399c9a3f3d5268,stim_8e844355f507e9be,render_551362ca0ff22f33,1.1.0,raster_binary,bbox_height_matched,density|geometry|layout|proportion|reading_rhythm|stroke_gesture|uniformity|visual_center,direct,valid,,4d800e346b040f885277c164e937c2514144ed6292066deb66bb1fc465b2de05,"{""bbox_aspect_ratio"": 280, ""bbox_fill_ratio"": 24794, ""ink_coverage_ratio"": 24794, ""whitespace_ratio"": 2072358}","{""bbox_aspect_ratio"": 320, ""bbox_fill_ratio"": 89600, ""ink_coverage_ratio"": 2097152, ""whitespace_ratio"": 2097152}","{""bbox_aspect_ratio"": ""ratio"", ""bbox_fill_ratio"": ""ratio"", ""centroid_x_norm"": ""ratio"", ""centroid_y_norm"": ""ratio"", ""closure_count"": ""count"", ""connected_component_count"": ""count"", ""ink_coverage_ratio"": ""ratio"", ""inter_glyph_spacing_mean_norm"": ""ratio"", ""inter_glyph_spacing_sd_norm"": ""ratio"", ""rhythm_periodicity"": ""ratio"", ""straight_curve_ratio"": ""ratio"", ""symmetry_horizontal"": ""ratio"", ""symmetry_vertical"": ""ratio"", ""unit_area_cv"": ""ratio"", ""unit_height_cv"": ""ratio"", ""unit_width_cv"": ""ratio"", ""whitespace_ratio"": ""ratio""}","{""bbox_aspect_ratio"": ""direct"", ""bbox_fill_ratio"": ""direct"", ""centroid_x_norm"": ""direct"", ""centroid_y_norm"": ""direct"", ""closure_count"": ""direct"", ""connected_component_count"": ""direct"", ""ink_coverage_ratio"": ""direct"", ""inter_glyph_spacing_mean_norm"": ""not_applicable"", ""inter_glyph_spacing_sd_norm"": ""not_applicable"", ""rhythm_periodicity"": ""not_applicable"", ""straight_curve_ratio"": ""protocol_dependent"", ""symmetry_horizontal"": ""direct"", ""symmetry_vertical"": ""direct"", ""unit_area_cv"": ""not_applicable"", ""unit_height_cv"": ""not_applicable"", ""unit_width_cv"": ""not_applicable"", ""whitespace_ratio"": ""direct""}","{""inter_glyph_spacing_mean_norm"": ""MEASURE_NOT_APPLICABLE"", ""inter_glyph_spacing_sd_norm"": ""MEASURE_NOT_APPLICABLE"", ""rhythm_periodicity"": ""MEASURE_NOT_APPLICABLE"", ""unit_area_cv"": ""MEASURE_NOT_APPLICABLE"", ""unit_height_cv"": ""MEASURE_NOT_APPLICABLE"", ""unit_width_cv"": ""MEASURE_NOT_APPLICABLE""}",0.011822700500488281,0.9881772994995117,0.27671875,0.875,1,1,0.9871673583984375,0.9878501892089844,0.678951786070257,0.4991687363248165,0.5331315193443978,,,,,,
feat_9c89035f097290a1cfdb,stim_8e844355f507e9be,render_551362ca0ff22f33,1.1.0,raster_grayscale,bbox_height_matched,density|geometry|layout|proportion|reading_rhythm|stroke_gesture|uniformity|visual_center,direct,valid,,4d800e346b040f885277c164e937c2514144ed6292066deb66bb1fc465b2de05,"{""bbox_aspect_ratio"": 280, ""bbox_fill_ratio"": 26835, ""ink_coverage_ratio"": 26835, ""whitespace_ratio"": 2070317}","{""bbox_aspect_ratio"": 320, ""bbox_fill_ratio"": 89600, ""ink_coverage_ratio"": 2097152, ""whitespace_ratio"": 2097152}","{""bbox_aspect_ratio"": ""ratio"", ""bbox_fill_ratio"": ""ratio"", ""centroid_x_norm"": ""ratio"", ""centroid_y_norm"": ""ratio"", ""closure_count"": ""count"", ""connected_component_count"": ""count"", ""ink_coverage_ratio"": ""ratio"", ""inter_glyph_spacing_mean_norm"": ""ratio"", ""inter_glyph_spacing_sd_norm"": ""ratio"", ""rhythm_periodicity"": ""ratio"", ""straight_curve_ratio"": ""ratio"", ""symmetry_horizontal"": ""ratio"", ""symmetry_vertical"": ""ratio"", ""unit_area_cv"": ""ratio"", ""unit_height_cv"": ""ratio"", ""unit_width_cv"": ""ratio"", ""whitespace_ratio"": ""ratio""}","{""bbox_aspect_ratio"": ""direct"", ""bbox_fill_ratio"": ""direct"", ""centroid_x_norm"": ""direct"", ""centroid_y_norm"": ""direct"", ""closure_count"": ""direct"", ""connected_component_count"": ""direct"", ""ink_coverage_ratio"": ""direct"", ""inter_glyph_spacing_mean_norm"": ""not_applicable"", ""inter_glyph_spacing_sd_norm"": ""not_applicable"", ""rhythm_periodicity"": ""not_applicable"", ""straight_curve_ratio"": ""protocol_dependent"", ""symmetry_horizontal"": ""direct"", ""symmetry_vertical"": ""direct"", ""unit_area_cv"": ""not_applicable"", ""unit_height_cv"": ""not_applicable"", ""unit_width_cv"": ""not_applicable"", ""whitespace_ratio"": ""direct""}","{""inter_glyph_spacing_mean_norm"": ""MEASURE_NOT_APPLICABLE"", ""inter_glyph_spacing_sd_norm"": ""MEASURE_NOT_APPLICABLE"", ""rhythm_periodicity"": ""MEASURE_NOT_APPLICABLE"", ""unit_area_cv"": ""MEASURE_NOT_APPLICABLE"", ""unit_height_cv"": ""MEASURE_NOT_APPLICABLE"", ""unit_width_cv"": ""MEASURE_NOT_APPLICABLE""}",0.01279592514038086,0.9872040748596191,0.2994977678571429,0.875,66,170,0.9867734909057617,0.9871625900268555,0.47048924722209684,0.4994174832890814,0.5327509257965344,,,,,,
feat_d94693ff91b876148773,stim_90265a640e85c648,render_551362ca0ff22f33,1.1.0,raster_binary,bbox_height_matched,density|geometry|layout|proportion|reading_rhythm|stroke_gesture|uniformity|visual_center,protocol_dependent,valid,,4d800e346b040f885277c164e937c2514144ed6292066deb66bb1fc465b2de05,"{""bbox_aspect_ratio"": 1061, ""bbox_fill_ratio"": 106542, ""ink_coverage_ratio"": 106542, ""whitespace_ratio"": 1990610}","{""bbox_aspect_ratio"": 320, ""bbox_fill_ratio"": 339520, ""ink_coverage_ratio"": 2097152, ""whitespace_ratio"": 2097152}","{""bbox_aspect_ratio"": ""ratio"", ""bbox_fill_ratio"": ""ratio"", ""centroid_x_norm"": ""ratio"", ""centroid_y_norm"": ""ratio"", ""closure_count"": ""count"", ""connected_component_count"": ""count"", ""ink_coverage_ratio"": ""ratio"", ""inter_glyph_spacing_mean_norm"": ""ratio"", ""inter_glyph_spacing_sd_norm"": ""ratio"", ""rhythm_periodicity"": ""ratio"", ""straight_curve_ratio"": ""ratio"", ""symmetry_horizontal"": ""ratio"", ""symmetry_vertical"": ""ratio"", ""unit_area_cv"": ""ratio"", ""unit_height_cv"": ""ratio"", ""unit_width_cv"": ""ratio"", ""whitespace_ratio"": ""ratio""}","{""bbox_aspect_ratio"": ""direct"", ""bbox_fill_ratio"": ""direct"", ""centroid_x_norm"": ""direct"", ""centroid_y_norm"": ""direct"", ""closure_count"": ""direct"", ""connected_component_count"": ""direct"", ""ink_coverage_ratio"": ""direct"", ""inter_glyph_spacing_mean_norm"": ""protocol_dependent"", ""inter_glyph_spacing_sd_norm"": ""protocol_dependent"", ""rhythm_periodicity"": ""protocol_dependent"", ""straight_curve_ratio"": ""protocol_dependent"", ""symmetry_horizontal"": ""direct"", ""symmetry_vertical"": ""direct"", ""unit_area_cv"": ""protocol_dependent"", ""unit_height_cv"": ""protocol_dependent"", ""unit_width_cv"": ""protocol_dependent"", ""whitespace_ratio"": ""direct""}","{""rhythm_periodicity"": ""MEASURE_SEQUENCE_TOO_SHORT""}",0.050803184509277344,0.9491968154907227,0.3138018378887842,3.315625,4,2,0.9281883239746094,0.9408130645751953,0.6248402201865686,0.4849598219994814,0.4607063154964709,0.12812500000000002,0.06208193510729726,,0.20820028058745452,0.14138566865757274,0.012658227848101266
feat_4c46808d62db7b060451,stim_90265a640e85c648,render_551362ca0ff22f33,1.1.0,raster_grayscale,bbox_height_matched,density|geometry|layout|proportion|reading_rhythm|stroke_gesture|uniformity|visual_center,protocol_dependent,valid,,4d800e346b040f885277c164e937c2514144ed6292066deb66bb1fc465b2de05,"{""bbox_aspect_ratio"": 1061, ""bbox_fill_ratio"": 114112, ""ink_coverage_ratio"": 114112, ""whitespace_ratio"": 1983040}","{""bbox_aspect_ratio"": 320, ""bbox_fill_ratio"": 339520, ""ink_coverage_ratio"": 2097152, ""whitespace_ratio"": 2097152}","{""bbox_aspect_ratio"": ""ratio"", ""bbox_fill_ratio"": ""ratio"", ""centroid_x_norm"": ""ratio"", ""centroid_y_norm"": ""ratio"", ""closure_count"": ""count"", ""connected_component_count"": ""count"", ""ink_coverage_ratio"": ""ratio"", ""inter_glyph_spacing_mean_norm"": ""ratio"", ""inter_glyph_spacing_sd_norm"": ""ratio"", ""rhythm_periodicity"": ""ratio"", ""straight_curve_ratio"": ""ratio"", ""symmetry_horizontal"": ""ratio"", ""symmetry_vertical"": ""ratio"", ""unit_area_cv"": ""ratio"", ""unit_height_cv"": ""ratio"", ""unit_width_cv"": ""ratio"", ""whitespace_ratio"": ""ratio""}","{""bbox_aspect_ratio"": ""direct"", ""bbox_fill_ratio"": ""direct"", ""centroid_x_norm"": ""direct"", ""centroid_y_norm"": ""direct"", ""closure_count"": ""direct"", ""connected_component_count"": ""direct"", ""ink_coverage_ratio"": ""direct"", ""inter_glyph_spacing_mean_norm"": ""protocol_dependent"", ""inter_glyph_spacing_sd_norm"": ""protocol_dependent"", ""rhythm_periodicity"": ""protocol_dependent"", ""straight_curve_ratio"": ""protocol_dependent"", ""symmetry_horizontal"": ""direct"", ""symmetry_vertical"": ""direct"", ""unit_area_cv"": ""protocol_dependent"", ""unit_height_cv"": ""protocol_dependent"", ""unit_width_cv"": ""protocol_dependent"", ""whitespace_ratio"": ""direct""}","{""rhythm_periodicity"": ""MEASURE_SEQUENCE_TOO_SHORT""}",0.054412841796875,0.945587158203125,0.3360980207351555,3.315625,143,656,0.9249095916748047,0.9379997253417969,0.4879808546879991,0.48530299196869087,0.46106550095794047,0.12812500000000002,0.06208193510729726,,0.2095298106046447,0.14138566865757274,0.012658227848101266
feat_a76771777bd2be005325,stim_91565747d07456bd,render_551362ca0ff22f33,1.1.0,raster_binary,bbox_height_matched,density|geometry|layout|proportion|reading_rhythm|stroke_gesture|uniformity|visual_center,direct,valid,,4d800e346b040f885277c164e937c2514144ed6292066deb66bb1fc465b2de05,"{""bbox_aspect_ratio"": 327, ""bbox_fill_ratio"": 26624, ""ink_coverage_ratio"": 26624, ""whitespace_ratio"": 2070528}","{""bbox_aspect_ratio"": 320, ""bbox_fill_ratio"": 104640, ""ink_coverage_ratio"": 2097152, ""whitespace_ratio"": 2097152}","{""bbox_aspect_ratio"": ""ratio"", ""bbox_fill_ratio"": ""ratio"", ""centroid_x_norm"": ""ratio"", ""centroid_y_norm"": ""ratio"", ""closure_count"": ""count"", ""connected_component_count"": ""count"", ""ink_coverage_ratio"": ""ratio"", ""inter_glyph_spacing_mean_norm"": ""ratio"", ""inter_glyph_spacing_sd_norm"": ""ratio"", ""rhythm_periodicity"": ""ratio"", ""straight_curve_ratio"": ""ratio"", ""symmetry_horizontal"": ""ratio"", ""symmetry_vertical"": ""ratio"", ""unit_area_cv"": ""ratio"", ""unit_height_cv"": ""ratio"", ""unit_width_cv"": ""ratio"", ""whitespace_ratio"": ""ratio""}","{""bbox_aspect_ratio"": ""direct"", ""bbox_fill_ratio"": ""direct"", ""centroid_x_norm"": ""direct"", ""centroid_y_norm"": ""direct"", ""closure_count"": ""direct"", ""connected_component_count"": ""direct"", ""ink_coverage_ratio"": ""direct"", ""inter_glyph_spacing_mean_norm"": ""not_applicable"", ""inter_glyph_spacing_sd_norm"": ""not_applicable"", ""rhythm_periodicity"": ""not_applicable"", ""straight_curve_ratio"": ""protocol_dependent"", ""symmetry_horizontal"": ""direct"", ""symmetry_vertical"": ""direct"", ""unit_area_cv"": ""not_applicable"", ""unit_height_cv"": ""not_applicable"", ""unit_width_cv"": ""not_applicable"", ""whitespace_ratio"": ""direct""}","{""inter_glyph_spacing_mean_norm"": ""MEASURE_NOT_APPLICABLE"", ""inter_glyph_spacing_sd_norm"": ""MEASURE_NOT_APPLICABLE"", ""rhythm_periodicity"": ""MEASURE_NOT_APPLICABLE"", ""unit_area_cv"": ""MEASURE_NOT_APPLICABLE"", ""unit_height_cv"": ""MEASURE_NOT_APPLICABLE"", ""unit_width_cv"": ""MEASURE_NOT_APPLICABLE""}",0.0126953125,0.9873046875,0.25443425076452597,1.021875,1,0,0.9995231628417969,0.9878368377685547,0.7851636576252904,0.4995287381685697,0.5006231161264273,,,,,,
feat_5d01eef3675b6afc282a,stim_91565747d07456bd,render_551362ca0ff22f33,1.1.0,raster_grayscale,bbox_height_matched,density|geometry|layout|proportion|reading_rhythm|stroke_gesture|uniformity|visual_center,direct,valid,,4d800e346b040f885277c164e937c2514144ed6292066deb66bb1fc465b2de05,"{""bbox_aspect_ratio"": 327, ""bbox_fill_ratio"": 29559, ""ink_coverage_ratio"": 29559, ""whitespace_ratio"": 2067593}","{""bbox_aspect_ratio"": 320, ""bbox_fill_ratio"": 104640, ""ink_coverage_ratio"": 2097152, ""whitespace_ratio"": 2097152}","{""bbox_aspect_ratio"": ""ratio"", ""bbox_fill_ratio"": ""ratio"", ""centroid_x_norm"": ""ratio"", ""centroid_y_norm"": ""ratio"", ""closure_count"": ""count"", ""connected_component_count"": ""count"", ""ink_coverage_ratio"": ""ratio"", ""inter_glyph_spacing_mean_norm"": ""ratio"", ""inter_glyph_spacing_sd_norm"": ""ratio"", ""rhythm_periodicity"": ""ratio"", ""straight_curve_ratio"": ""ratio"", ""symmetry_horizontal"": ""ratio"", ""symmetry_vertical"": ""ratio"", ""unit_area_cv"": ""ratio"", ""unit_height_cv"": ""ratio"", ""unit_width_cv"": ""ratio"", ""whitespace_ratio"": ""ratio""}","{""bbox_aspect_ratio"": ""direct"", ""bbox_fill_ratio"": ""direct"", ""centroid_x_norm"": ""direct"", ""centroid_y_norm"": ""direct"", ""closure_count"": ""direct"", ""connected_component_count"": ""direct"", ""ink_coverage_ratio"": ""direct"", ""inter_glyph_spacing_mean_norm"": ""not_applicable"", ""inter_glyph_spacing_sd_norm"": ""not_applicable"", ""rhythm_periodicity"": ""not_applicable"", ""straight_curve_ratio"": ""protocol_dependent"", ""symmetry_horizontal"": ""direct"", ""symmetry_vertical"": ""direct"", ""unit_area_cv"": ""not_applicable"", ""unit_height_cv"": ""not_applicable"", ""unit_width_cv"": ""not_applicable"", ""whitespace_ratio"": ""direct""}","{""inter_glyph_spacing_mean_norm"": ""MEASURE_NOT_APPLICABLE"", ""inter_glyph_spacing_sd_norm"": ""MEASURE_NOT_APPLICABLE"", ""rhythm_periodicity"": ""MEASURE_NOT_APPLICABLE"", ""unit_area_cv"": ""MEASURE_NOT_APPLICABLE"", ""unit_height_cv"": ""MEASURE_NOT_APPLICABLE"", ""unit_width_cv"": ""MEASURE_NOT_APPLICABLE""}",0.014094829559326172,0.9859051704406738,0.2824827981651376,1.021875,1,448,0.9987936019897461,0.9873933792114258,0.4164149870551576,0.4995396191198112,0.5011503410023174,,,,,,
feat_87fd15ab7f83e32a8e8a,stim_9241515ee6faf823,render_551362ca0ff22f33,1.1.0,raster_binary,bbox_height_matched,density|geometry|layout|proportion|reading_rhythm|stroke_gesture|uniformity|visual_center,direct,valid,,4d800e346b040f885277c164e937c2514144ed6292066deb66bb1fc465b2de05,"{""bbox_aspect_ratio"": 277, ""bbox_fill_ratio"": 26322, ""ink_coverage_ratio"": 26322, ""whitespace_ratio"": 2070830}","{""bbox_aspect_ratio"": 320, ""bbox_fill_ratio"": 88640, ""ink_coverage_ratio"": 2097152, ""whitespace_ratio"": 2097152}","{""bbox_aspect_ratio"": ""ratio"", ""bbox_fill_ratio"": ""ratio"", ""centroid_x_norm"": ""ratio"", ""centroid_y_norm"": ""ratio"", ""closure_count"": ""count"", ""connected_component_count"": ""count"", ""ink_coverage_ratio"": ""ratio"", ""inter_glyph_spacing_mean_norm"": ""ratio"", ""inter_glyph_spacing_sd_norm"": ""ratio"", ""rhythm_periodicity"": ""ratio"", ""straight_curve_ratio"": ""ratio"", ""symmetry_horizontal"": ""ratio"", ""symmetry_vertical"": ""ratio"", ""unit_area_cv"": ""ratio"", ""unit_height_cv"": ""ratio"", ""unit_width_cv"": ""ratio"", ""whitespace_ratio"": ""ratio""}","{""bbox_aspect_ratio"": ""direct"", ""bbox_fill_ratio"": ""direct"", ""centroid_x_norm"": ""direct"", ""centroid_y_norm"": ""direct"", ""closure_count"": ""direct"", ""connected_component_count"": ""direct"", ""ink_coverage_ratio"": ""direct"", ""inter_glyph_spacing_mean_norm"": ""not_applicable"", ""inter_glyph_spacing_sd_norm"": ""not_applicable"", ""rhythm_periodicity"": ""not_applicable"", ""straight_curve_ratio"": ""protocol_dependent"", ""symmetry_horizontal"": ""direct"", ""symmetry_vertical"": ""direct"", ""unit_area_cv"": ""not_applicable"", ""unit_height_cv"": ""not_applicable"", ""unit_width_cv"": ""not_applicable"", ""whitespace_ratio"": ""direct""}","{""inter_glyph_spacing_mean_norm"": ""MEASURE_NOT_APPLICABLE"", ""inter_glyph_spacing_sd_norm"": ""MEASURE_NOT_APPLICABLE"", ""rhythm_periodicity"": ""MEASURE_NOT_APPLICABLE"", ""unit_area_cv"": ""MEASURE_NOT_APPLICABLE"", ""unit_height_cv"": ""MEASURE_NOT_APPLICABLE"", ""unit_width_cv"": ""MEASURE_NOT_APPLICABLE""}",0.012551307678222656,0.9874486923217773,0.2969539711191336,0.865625,1,0,0.9989032745361328,0.9913749694824219,0.9769764976181925,0.5016210559073684,0.5326900234357191,,,,,,
feat_a2f4000ef19afb88ccf8,stim_9241515ee6faf823,render_551362ca0ff22f33,1.1.0,raster_grayscale,bbox_height_matched,density|geometry|layout|proportion|reading_rhythm|stroke_gesture|uniformity|visual_center,direct,valid,,4d800e346b040f885277c164e937c2514144ed6292066deb66bb1fc465b2de05,"{""bbox_aspect_ratio"": 277, ""bbox_fill_ratio"": 28401, ""ink_coverage_ratio"": 28401, ""whitespace_ratio"": 2068751}","{""bbox_aspect_ratio"": 320, ""bbox_fill_ratio"": 88640, ""ink_coverage_ratio"": 2097152, ""whitespace_ratio"": 2097152}","{""bbox_aspect_ratio"": ""ratio"", ""bbox_fill_ratio"": ""ratio"", ""centroid_x_norm"": ""ratio"", ""centroid_y_norm"": ""ratio"", ""closure_count"": ""count"", ""connected_component_count"": ""count"", ""ink_coverage_ratio"": ""ratio"", ""inter_glyph_spacing_mean_norm"": ""ratio"", ""inter_glyph_spacing_sd_norm"": ""ratio"", ""rhythm_periodicity"": ""ratio"", ""straight_curve_ratio"": ""ratio"", ""symmetry_horizontal"": ""ratio"", ""symmetry_vertical"": ""ratio"", ""unit_area_cv"": ""ratio"", ""unit_height_cv"": ""ratio"", ""unit_width_cv"": ""ratio"", ""whitespace_ratio"": ""ratio""}","{""bbox_aspect_ratio"": ""direct"", ""bbox_fill_ratio"": ""direct"", ""centroid_x_norm"": ""direct"", ""centroid_y_norm"": ""direct"", ""closure_count"": ""direct"", ""connected_component_count"": ""direct"", ""ink_coverage_ratio"": ""direct"", ""inter_glyph_spacing_mean_norm"": ""not_applicable"", ""inter_glyph_spacing_sd_norm"": ""not_applicable"", ""rhythm_periodicity"": ""not_applicable"", ""straight_curve_ratio"": ""protocol_dependent"", ""symmetry_horizontal"": ""direct"", ""symmetry_vertical"": ""direct"", ""unit_area_cv"": ""not_applicable"", ""unit_height_cv"": ""not_applicable"", ""unit_width_cv"": ""not_applicable"", ""whitespace_ratio"": ""direct""}","{""inter_glyph_spacing_mean_norm"": ""MEASURE_NOT_APPLICABLE"", ""inter_glyph_spacing_sd_norm"": ""MEASURE_NOT_APPLICABLE"", ""rhythm_periodicity"": ""MEASURE_NOT_APPLICABLE"", ""unit_area_cv"": ""MEASURE_NOT_APPLICABLE"", ""unit_height_cv"": ""MEASURE_NOT_APPLICABLE"", ""unit_width_cv"": ""MEASURE_NOT_APPLICABLE""}",0.013542652130126953,0.986457347869873,0.32040839350180506,0.865625,3,2,0.9985342025756836,0.9908037185668945,0.9599467213079192,0.5014768440426833,0.5325103401948875,,,,,,
feat_d349a3d668768dca4089,stim_92547c7910882579,render_551362ca0ff22f33,1.1.0,raster_binary,bbox_height_matched,density|geometry|layout|proportion|reading_rhythm|stroke_gesture|uniformity|visual_center,protocol_dependent,valid,,4d800e346b040f885277c164e937c2514144ed6292066deb66bb1fc465b2de05,"{""bbox_aspect_ratio"": 1364, ""bbox_fill_ratio"": 75206, ""ink_coverage_ratio"": 75206, ""whitespace_ratio"": 2021946}","{""bbox_aspect_ratio"": 320, ""bbox_fill_ratio"": 436480, ""ink_coverage_ratio"": 2097152, ""whitespace_ratio"": 2097152}","{""bbox_aspect_ratio"": ""ratio"", ""bbox_fill_ratio"": ""ratio"", ""centroid_x_norm"": ""ratio"", ""centroid_y_norm"": ""ratio"", ""closure_count"": ""count"", ""connected_component_count"": ""count"", ""ink_coverage_ratio"": ""ratio"", ""inter_glyph_spacing_mean_norm"": ""ratio"", ""inter_glyph_spacing_sd_norm"": ""ratio"", ""rhythm_periodicity"": ""ratio"", ""straight_curve_ratio"": ""ratio"", ""symmetry_horizontal"": ""ratio"", ""symmetry_vertical"": ""ratio"", ""unit_area_cv"": ""ratio"", ""unit_height_cv"": ""ratio"", ""unit_width_cv"": ""ratio"", ""whitespace_ratio"": ""ratio""}","{""bbox_aspect_ratio"": ""direct"", ""bbox_fill_ratio"": ""direct"", ""centroid_x_norm"": ""direct"", ""centroid_y_norm"": ""direct"", ""closure_count"": ""direct"", ""connected_component_count"": ""direct"", ""ink_coverage_ratio"": ""direct"", ""inter_glyph_spacing_mean_norm"": ""protocol_dependent"", ""inter_glyph_spacing_sd_norm"": ""protocol_dependent"", ""rhythm_periodicity"": ""protocol_dependent"", ""straight_curve_ratio"": ""protocol_dependent"", ""symmetry_horizontal"": ""direct"", ""symmetry_vertical"": ""direct"", ""unit_area_cv"": ""protocol_dependent"", ""unit_height_cv"": ""protocol_dependent"", ""unit_width_cv"": ""protocol_dependent"", ""whitespace_ratio"": ""direct""}","{""rhythm_periodicity"": ""MEASURE_SEQUENCE_TOO_SHORT""}",0.03586101531982422,0.9641389846801758,0.17230113636363636,4.2625,6,5,0.9423809051513672,0.9544448852539062,0.6624226471317424,0.4812017562075333,0.4950109298751097,0.109375,0.025895422697200108,,0.22756033786381488,0.039959527333138255,0.01194807230239442
feat_304535fd44b6d9eaf6b9,stim_92547c7910882579,render_551362ca0ff22f33,1.1.0,raster_grayscale,bbox_height_matched,density|geometry|layout|proportion|reading_rhythm|stroke_gesture|uniformity|visual_center,protocol_dependent,valid,,4d800e346b040f885277c164e937c2514144ed6292066deb66bb1fc465b2de05,"{""bbox_aspect_ratio"": 1364, ""bbox_fill_ratio"": 86885, ""ink_coverage_ratio"": 86885, ""whitespace_ratio"": 2010267}","{""bbox_aspect_ratio"": 320, ""bbox_fill_ratio"": 436480, ""ink_coverage_ratio"": 2097152, ""whitespace_ratio"": 2097152}","{""bbox_aspect_ratio"": ""ratio"", ""bbox_fill_ratio"": ""ratio"", ""centroid_x_norm"": ""ratio"", ""centroid_y_norm"": ""ratio"", ""closure_count"": ""count"", ""connected_component_count"": ""count"", ""ink_coverage_ratio"": ""ratio"", ""inter_glyph_spacing_mean_norm"": ""ratio"", ""inter_glyph_spacing_sd_norm"": ""ratio"", ""rhythm_periodicity"": ""ratio"", ""straight_curve_ratio"": ""ratio"", ""symmetry_horizontal"": ""ratio"", ""symmetry_vertical"": ""ratio"", ""unit_area_cv"": ""ratio"", ""unit_height_cv"": ""ratio"", ""unit_width_cv"": ""ratio"", ""whitespace_ratio"": ""ratio""}","{""bbox_aspect_ratio"": ""direct"", ""bbox_fill_ratio"": ""direct"", ""centroid_x_norm"": ""direct"", ""centroid_y_norm"": ""direct"", ""closure_count"": ""direct"", ""connected_component_count"": ""direct"", ""ink_coverage_ratio"": ""direct"", ""inter_glyph_spacing_mean_norm"": ""protocol_dependent"", ""inter_glyph_spacing_sd_norm"": ""protocol_dependent"", ""rhythm_periodicity"": ""protocol_dependent"", ""straight_curve_ratio"": ""protocol_dependent"", ""symmetry_horizontal"": ""direct"", ""symmetry_vertical"": ""direct"", ""unit_area_cv"": ""protocol_dependent"", ""unit_height_cv"": ""protocol_dependent"", ""unit_width_cv"": ""protocol_dependent"", ""whitespace_ratio"": ""direct""}","{""rhythm_periodicity"": ""MEASURE_SEQUENCE_TOO_SHORT""}",0.041429996490478516,0.9585700035095215,0.19905837609970675,4.2625,148,1321,0.9359121322631836,0.948246955871582,0.37789755612732656,0.4794163587734505,0.4939679268033895,0.109375,0.025895422697200108,,0.22453746915503262,0.039959527333138255,0.01194807230239442
feat_d4140d0ee183d3a6424b,stim_92918da3619bcd63,render_551362ca0ff22f33,1.1.0,raster_binary,bbox_height_matched,density|geometry|layout|proportion|reading_rhythm|stroke_gesture|uniformity|visual_center,protocol_dependent,valid,,4d800e346b040f885277c164e937c2514144ed6292066deb66bb1fc465b2de05,"{""bbox_aspect_ratio"": 1404, ""bbox_fill_ratio"": 108766, ""ink_coverage_ratio"": 108766, ""whitespace_ratio"": 1988386}","{""bbox_aspect_ratio"": 320, ""bbox_fill_ratio"": 449280, ""ink_coverage_ratio"": 2097152, ""whitespace_ratio"": 2097152}","{""bbox_aspect_ratio"": ""ratio"", ""bbox_fill_ratio"": ""ratio"", ""centroid_x_norm"": ""ratio"", ""centroid_y_norm"": ""ratio"", ""closure_count"": ""count"", ""connected_component_count"": ""count"", ""ink_coverage_ratio"": ""ratio"", ""inter_glyph_spacing_mean_norm"": ""ratio"", ""inter_glyph_spacing_sd_norm"": ""ratio"", ""rhythm_periodicity"": ""ratio"", ""straight_curve_ratio"": ""ratio"", ""symmetry_horizontal"": ""ratio"", ""symmetry_vertical"": ""ratio"", ""unit_area_cv"": ""ratio"", ""unit_height_cv"": ""ratio"", ""unit_width_cv"": ""ratio"", ""whitespace_ratio"": ""ratio""}","{""bbox_aspect_ratio"": ""direct"", ""bbox_fill_ratio"": ""direct"", ""centroid_x_norm"": ""direct"", ""centroid_y_norm"": ""direct"", ""closure_count"": ""direct"", ""connected_component_count"": ""direct"", ""ink_coverage_ratio"": ""direct"", ""inter_glyph_spacing_mean_norm"": ""protocol_dependent"", ""inter_glyph_spacing_sd_norm"": ""protocol_dependent"", ""rhythm_periodicity"": ""protocol_dependent"", ""straight_curve_ratio"": ""protocol_dependent"", ""symmetry_horizontal"": ""direct"", ""symmetry_vertical"": ""direct"", ""unit_area_cv"": ""protocol_dependent"", ""unit_height_cv"": ""protocol_dependent"", ""unit_width_cv"": ""protocol_dependent"", ""whitespace_ratio"": ""direct""}","{""rhythm_periodicity"": ""MEASURE_SEQUENCE_TOO_SHORT""}",0.051863670349121094,0.9481363296508789,0.24208956552706554,4.3875,5,5,0.9308834075927734,0.9354591369628906,0.7054784918611451,0.4730420050268466,0.48251544959477227,0.18437499999999998,0.016731644171051052,,0.29403820695806787,0.04782158305519348,0.01828073001763273
feat_dd4268f9c41cef5edb51,stim_92918da3619bcd63,render_551362ca0ff22f33,1.1.0,raster_grayscale,bbox_height_matched,density|geometry|layout|proportion|reading_rhythm|stroke_gesture|uniformity|visual_center,protocol_dependent,valid,,4d800e346b040f885277c164e937c2514144ed6292066deb66bb1fc465b2de05,"{""bbox_aspect_ratio"": 1404, ""bbox_fill_ratio"": 119448, ""ink_coverage_ratio"": 119448, ""whitespace_ratio"": 1977704}","{""bbox_aspect_ratio"": 320, ""bbox_fill_ratio"": 449280, ""ink_coverage_ratio"": 2097152, ""whitespace_ratio"": 2097152}","{""bbox_aspect_ratio"": ""ratio"", ""bbox_fill_ratio"": ""ratio"", ""centroid_x_norm"": ""ratio"", ""centroid_y_norm"": ""ratio"", ""closure_count"": ""count"", ""connected_component_count"": ""count"", ""ink_coverage_ratio"": ""ratio"", ""inter_glyph_spacing_mean_norm"": ""ratio"", ""inter_glyph_spacing_sd_norm"": ""ratio"", ""rhythm_periodicity"": ""ratio"", ""straight_curve_ratio"": ""ratio"", ""symmetry_horizontal"": ""ratio"", ""symmetry_vertical"": ""ratio"", ""unit_area_cv"": ""ratio"", ""unit_height_cv"": ""ratio"", ""unit_width_cv"": ""ratio"", ""whitespace_ratio"": ""ratio""}","{""bbox_aspect_ratio"": ""direct"", ""bbox_fill_ratio"": ""direct"", ""centroid_x_norm"": ""direct"", ""centroid_y_norm"": ""direct"", ""closure_count"": ""direct"", ""connected_component_count"": ""direct"", ""ink_coverage_ratio"": ""direct"", ""inter_glyph_spacing_mean_norm"": ""protocol_dependent"", ""inter_glyph_spacing_sd_norm"": ""protocol_dependent"", ""rhythm_periodicity"": ""protocol_dependent"", ""straight_curve_ratio"": ""protocol_dependent"", ""symmetry_horizontal"": ""direct"", ""symmetry_vertical"": ""direct"", ""unit_area_cv"": ""protocol_dependent"", ""unit_height_cv"": ""protocol_dependent"", ""unit_width_cv"": ""protocol_dependent"", ""whitespace_ratio"": ""direct""}","{""rhythm_periodicity"": ""MEASURE_SEQUENCE_TOO_SHORT""}",0.056957244873046875,0.9430427551269531,0.2658653846153846,4.3875,56,1552,0.9270496368408203,0.9301681518554688,0.4126376287838358,0.47275302900503774,0.4826755484080939,0.18437499999999998,0.016731644171051052,,0.28323459382094107,0.04782158305519348,0.01828073001763273
feat_e2bc22a6d491e3e2494f,stim_941393ecbe4f6525,render_551362ca0ff22f33,1.1.0,raster_binary,ink_area_matched,density|geometry|layout|proportion|reading_rhythm|stroke_gesture|uniformity|visual_center,direct,valid,,4d800e346b040f885277c164e937c2514144ed6292066deb66bb1fc465b2de05,"{""bbox_aspect_ratio"": 576, ""bbox_fill_ratio"": 104916, ""ink_coverage_ratio"": 104916, ""whitespace_ratio"": 1992236}","{""bbox_aspect_ratio"": 658, ""bbox_fill_ratio"": 379008, ""ink_coverage_ratio"": 2097152, ""whitespace_ratio"": 2097152}","{""bbox_aspect_ratio"": ""ratio"", ""bbox_fill_ratio"": ""ratio"", ""centroid_x_norm"": ""ratio"", ""centroid_y_norm"": ""ratio"", ""closure_count"": ""count"", ""connected_component_count"": ""count"", ""ink_coverage_ratio"": ""ratio"", ""inter_glyph_spacing_mean_norm"": ""ratio"", ""inter_glyph_spacing_sd_norm"": ""ratio"", ""rhythm_periodicity"": ""ratio"", ""straight_curve_ratio"": ""ratio"", ""symmetry_horizontal"": ""ratio"", ""symmetry_vertical"": ""ratio"", ""unit_area_cv"": ""ratio"", ""unit_height_cv"": ""ratio"", ""unit_width_cv"": ""ratio"", ""whitespace_ratio"": ""ratio""}","{""bbox_aspect_ratio"": ""direct"", ""bbox_fill_ratio"": ""direct"", ""centroid_x_norm"": ""direct"", ""centroid_y_norm"": ""direct"", ""closure_count"": ""direct"", ""connected_component_count"": ""direct"", ""ink_coverage_ratio"": ""direct"", ""inter_glyph_spacing_mean_norm"": ""not_applicable"", ""inter_glyph_spacing_sd_norm"": ""not_applicable"", ""rhythm_periodicity"": ""not_applicable"", ""straight_curve_ratio"": ""protocol_dependent"", ""symmetry_horizontal"": ""direct"", ""symmetry_vertical"": ""direct"", ""unit_area_cv"": ""not_applicable"", ""unit_height_cv"": ""not_applicable"", ""unit_width_cv"": ""not_applicable"", ""whitespace_ratio"": ""direct""}","{""inter_glyph_spacing_mean_norm"": ""MEASURE_NOT_APPLICABLE"", ""inter_glyph_spacing_sd_norm"": ""MEASURE_NOT_APPLICABLE"", ""rhythm_periodicity"": ""MEASURE_NOT_APPLICABLE"", ""unit_area_cv"": ""MEASURE_NOT_APPLICABLE"", ""unit_height_cv"": ""MEASURE_NOT_APPLICABLE"", ""unit_width_cv"": ""MEASURE_NOT_APPLICABLE""}",0.05002784729003906,0.9499721527099609,0.27681737588652483,0.8753799392097265,1,1,0.9457988739013672,0.9486637115478516,0.689387091829874,0.4985279844038922,0.5684347980616636,,,,,,
feat_650ee2b95152df59171b,stim_941393ecbe4f6525,render_551362ca0ff22f33,1.1.0,raster_grayscale,ink_area_matched,density|geometry|layout|proportion|reading_rhythm|stroke_gesture|uniformity|visual_center,direct,valid,,4d800e346b040f885277c164e937c2514144ed6292066deb66bb1fc465b2de05,"{""bbox_aspect_ratio"": 576, ""bbox_fill_ratio"": 108986, ""ink_coverage_ratio"": 108986, ""whitespace_ratio"": 1988166}","{""bbox_aspect_ratio"": 658, ""bbox_fill_ratio"": 379008, ""ink_coverage_ratio"": 2097152, ""whitespace_ratio"": 2097152}","{""bbox_aspect_ratio"": ""ratio"", ""bbox_fill_ratio"": ""ratio"", ""centroid_x_norm"": ""ratio"", ""centroid_y_norm"": ""ratio"", ""closure_count"": ""count"", ""connected_component_count"": ""count"", ""ink_coverage_ratio"": ""ratio"", ""inter_glyph_spacing_mean_norm"": ""ratio"", ""inter_glyph_spacing_sd_norm"": ""ratio"", ""rhythm_periodicity"": ""ratio"", ""straight_curve_ratio"": ""ratio"", ""symmetry_horizontal"": ""ratio"", ""symmetry_vertical"": ""ratio"", ""unit_area_cv"": ""ratio"", ""unit_height_cv"": ""ratio"", ""unit_width_cv"": ""ratio"", ""whitespace_ratio"": ""ratio""}","{""bbox_aspect_ratio"": ""direct"", ""bbox_fill_ratio"": ""direct"", ""centroid_x_norm"": ""direct"", ""centroid_y_norm"": ""direct"", ""closure_count"": ""direct"", ""connected_component_count"": ""direct"", ""ink_coverage_ratio"": ""direct"", ""inter_glyph_spacing_mean_norm"": ""not_applicable"", ""inter_glyph_spacing_sd_norm"": ""not_applicable"", ""rhythm_periodicity"": ""not_applicable"", ""straight_curve_ratio"": ""protocol_dependent"", ""symmetry_horizontal"": ""direct"", ""symmetry_vertical"": ""direct"", ""unit_area_cv"": ""not_applicable"", ""unit_height_cv"": ""not_applicable"", ""unit_width_cv"": ""not_applicable"", ""whitespace_ratio"": ""direct""}","{""inter_glyph_spacing_mean_norm"": ""MEASURE_NOT_APPLICABLE"", ""inter_glyph_spacing_sd_norm"": ""MEASURE_NOT_APPLICABLE"", ""rhythm_periodicity"": ""MEASURE_NOT_APPLICABLE"", ""unit_area_cv"": ""MEASURE_NOT_APPLICABLE"", ""unit_height_cv"": ""MEASURE_NOT_APPLICABLE"", ""unit_width_cv"": ""MEASURE_NOT_APPLICABLE""}",0.05196857452392578,0.9480314254760742,0.28755593549476527,0.8753799392097265,61,288,0.9447765350341797,0.9470806121826172,0.6268597366900092,0.49873918546590845,0.5685083691942084,,,,,,
feat_e5d5fb80fe67399dc120,stim_944cb71660e79b90,render_551362ca0ff22f33,1.1.0,raster_binary,bbox_height_matched,density|geometry|layout|proportion|reading_rhythm|stroke_gesture|uniformity|visual_center,protocol_dependent,valid,,4d800e346b040f885277c164e937c2514144ed6292066deb66bb1fc465b2de05,"{""bbox_aspect_ratio"": 1340, ""bbox_fill_ratio"": 100927, ""ink_coverage_ratio"": 100927, ""whitespace_ratio"": 1996225}","{""bbox_aspect_ratio"": 320, ""bbox_fill_ratio"": 428800, ""ink_coverage_ratio"": 2097152, ""whitespace_ratio"": 2097152}","{""bbox_aspect_ratio"": ""ratio"", ""bbox_fill_ratio"": ""ratio"", ""centroid_x_norm"": ""ratio"", ""centroid_y_norm"": ""ratio"", ""closure_count"": ""count"", ""connected_component_count"": ""count"", ""ink_coverage_ratio"": ""ratio"", ""inter_glyph_spacing_mean_norm"": ""ratio"", ""inter_glyph_spacing_sd_norm"": ""ratio"", ""rhythm_periodicity"": ""ratio"", ""straight_curve_ratio"": ""ratio"", ""symmetry_horizontal"": ""ratio"", ""symmetry_vertical"": ""ratio"", ""unit_area_cv"": ""ratio"", ""unit_height_cv"": ""ratio"", ""unit_width_cv"": ""ratio"", ""whitespace_ratio"": ""ratio""}","{""bbox_aspect_ratio"": ""direct"", ""bbox_fill_ratio"": ""direct"", ""centroid_x_norm"": ""direct"", ""centroid_y_norm"": ""direct"", ""closure_count"": ""direct"", ""connected_component_count"": ""direct"", ""ink_coverage_ratio"": ""direct"", ""inter_glyph_spacing_mean_norm"": ""protocol_dependent"", ""inter_glyph_spacing_sd_norm"": ""protocol_dependent"", ""rhythm_periodicity"": ""protocol_dependent"", ""straight_curve_ratio"": ""protocol_dependent"", ""symmetry_horizontal"": ""direct"", ""symmetry_vertical"": ""direct"", ""unit_area_cv"": ""protocol_dependent"", ""unit_height_cv"": ""protocol_dependent"", ""unit_width_cv"": ""protocol_dependent"", ""whitespace_ratio"": ""direct""}","{""rhythm_periodicity"": ""MEASURE_SEQUENCE_TOO_SHORT""}",0.0481257438659668,0.9518742561340332,0.23537080223880597,4.1875,9,2,0.9361562728881836,0.9601469039916992,0.7935282838541313,0.5109363059903445,0.509143162802694,0.19166666666666665,0.008960755486502738,,0.10299142597996316,0.06687248474078784,0.07445883942362032
feat_b97eaba86b95efee818e,stim_944cb71660e79b90,render_551362ca0ff22f33,1.1.0,raster_grayscale,bbox_height_matched,density|geometry|layout|proportion|reading_rhythm|stroke_gesture|uniformity|visual_center,protocol_dependent,valid,,4d800e346b040f885277c164e937c2514144ed6292066deb66bb1fc465b2de05,"{""bbox_aspect_ratio"": 1340, ""bbox_fill_ratio"": 110089, ""ink_coverage_ratio"": 110089, ""whitespace_ratio"": 1987063}","{""bbox_aspect_ratio"": 320, ""bbox_fill_ratio"": 428800, ""ink_coverage_ratio"": 2097152, ""whitespace_ratio"": 2097152}","{""bbox_aspect_ratio"": ""ratio"", ""bbox_fill_ratio"": ""ratio"", ""centroid_x_norm"": ""ratio"", ""centroid_y_norm"": ""ratio"", ""closure_count"": ""count"", ""connected_component_count"": ""count"", ""ink_coverage_ratio"": ""ratio"", ""inter_glyph_spacing_mean_norm"": ""ratio"", ""inter_glyph_spacing_sd_norm"": ""ratio"", ""rhythm_periodicity"": ""ratio"", ""straight_curve_ratio"": ""ratio"", ""symmetry_horizontal"": ""ratio"", ""symmetry_vertical"": ""ratio"", ""unit_area_cv"": ""ratio"", ""unit_height_cv"": ""ratio"", ""unit_width_cv"": ""ratio"", ""whitespace_ratio"": ""ratio""}","{""bbox_aspect_ratio"": ""direct"", ""bbox_fill_ratio"": ""direct"", ""centroid_x_norm"": ""direct"", ""centroid_y_norm"": ""direct"", ""closure_count"": ""direct"", ""connected_component_count"": ""direct"", ""ink_coverage_ratio"": ""direct"", ""inter_glyph_spacing_mean_norm"": ""protocol_dependent"", ""inter_glyph_spacing_sd_norm"": ""protocol_dependent"", ""rhythm_periodicity"": ""protocol_dependent"", ""straight_curve_ratio"": ""protocol_dependent"", ""symmetry_horizontal"": ""direct"", ""symmetry_vertical"": ""direct"", ""unit_area_cv"": ""protocol_dependent"", ""unit_height_cv"": ""protocol_dependent"", ""unit_width_cv"": ""protocol_dependent"", ""whitespace_ratio"": ""direct""}","{""rhythm_periodicity"": ""MEASURE_SEQUENCE_TOO_SHORT""}",0.05249452590942383,0.9475054740905762,0.2567374067164179,4.1875,93,994,0.9334611892700195,0.9575357437133789,0.4507831463414834,0.5088161402010533,0.5093056988266311,0.19166666666666665,0.008960755486502738,,0.10344002395753983,0.06687248474078784,0.07445883942362032
feat_94d9b0933d537e6b0a7d,stim_94fdb555e2c76d0d,render_551362ca0ff22f33,1.1.0,raster_binary,bbox_height_matched,density|geometry|layout|proportion|reading_rhythm|stroke_gesture|uniformity|visual_center,direct,valid,,4d800e346b040f885277c164e937c2514144ed6292066deb66bb1fc465b2de05,"{""bbox_aspect_ratio"": 302, ""bbox_fill_ratio"": 20435, ""ink_coverage_ratio"": 20435, ""whitespace_ratio"": 2076717}","{""bbox_aspect_ratio"": 320, ""bbox_fill_ratio"": 96640, ""ink_coverage_ratio"": 2097152, ""whitespace_ratio"": 2097152}","{""bbox_aspect_ratio"": ""ratio"", ""bbox_fill_ratio"": ""ratio"", ""centroid_x_norm"": ""ratio"", ""centroid_y_norm"": ""ratio"", ""closure_count"": ""count"", ""connected_component_count"": ""count"", ""ink_coverage_ratio"": ""ratio"", ""inter_glyph_spacing_mean_norm"": ""ratio"", ""inter_glyph_spacing_sd_norm"": ""ratio"", ""rhythm_periodicity"": ""ratio"", ""straight_curve_ratio"": ""ratio"", ""symmetry_horizontal"": ""ratio"", ""symmetry_vertical"": ""ratio"", ""unit_area_cv"": ""ratio"", ""unit_height_cv"": ""ratio"", ""unit_width_cv"": ""ratio"", ""whitespace_ratio"": ""ratio""}","{""bbox_aspect_ratio"": ""direct"", ""bbox_fill_ratio"": ""direct"", ""centroid_x_norm"": ""direct"", ""centroid_y_norm"": ""direct"", ""closure_count"": ""direct"", ""connected_component_count"": ""direct"", ""ink_coverage_ratio"": ""direct"", ""inter_glyph_spacing_mean_norm"": ""not_applicable"", ""inter_glyph_spacing_sd_norm"": ""not_applicable"", ""rhythm_periodicity"": ""not_applicable"", ""straight_curve_ratio"": ""protocol_dependent"", ""symmetry_horizontal"": ""direct"", ""symmetry_vertical"": ""direct"", ""unit_area_cv"": ""not_applicable"", ""unit_height_cv"": ""not_applicable"", ""unit_width_cv"": ""not_applicable"", ""whitespace_ratio"": ""direct""}","{""inter_glyph_spacing_mean_norm"": ""MEASURE_NOT_APPLICABLE"", ""inter_glyph_spacing_sd_norm"": ""MEASURE_NOT_APPLICABLE"", ""rhythm_periodicity"": ""MEASURE_NOT_APPLICABLE"", ""unit_area_cv"": ""MEASURE_NOT_APPLICABLE"", ""unit_height_cv"": ""MEASURE_NOT_APPLICABLE"", ""unit_width_cv"": ""MEASURE_NOT_APPLICABLE""}",0.00974416732788086,0.9902558326721191,0.21145488410596028,0.94375,1,0,0.998478889465332,0.9941434860229492,0.8977599796738792,0.5011477894849523,0.5208346395583557,,,,,,
feat_63f03cbf53d90e1c5096,stim_94fdb555e2c76d0d,render_551362ca0ff22f33,1.1.0,raster_grayscale,bbox_height_matched,density|geometry|layout|proportion|reading_rhythm|stroke_gesture|uniformity|visual_center,direct,valid,,4d800e346b040f885277c164e937c2514144ed6292066deb66bb1fc465b2de05,"{""bbox_aspect_ratio"": 302, ""bbox_fill_ratio"": 23437, ""ink_coverage_ratio"": 23437, ""whitespace_ratio"": 2073715}","{""bbox_aspect_ratio"": 320, ""bbox_fill_ratio"": 96640, ""ink_coverage_ratio"": 2097152, ""whitespace_ratio"": 2097152}","{""bbox_aspect_ratio"": ""ratio"", ""bbox_fill_ratio"": ""ratio"", ""centroid_x_norm"": ""ratio"", ""centroid_y_norm"": ""ratio"", ""closure_count"": ""count"", ""connected_component_count"": ""count"", ""ink_coverage_ratio"": ""ratio"", ""inter_glyph_spacing_mean_norm"": ""ratio"", ""inter_glyph_spacing_sd_norm"": ""ratio"", ""rhythm_periodicity"": ""ratio"", ""straight_curve_ratio"": ""ratio"", ""symmetry_horizontal"": ""ratio"", ""symmetry_vertical"": ""ratio"", ""unit_area_cv"": ""ratio"", ""unit_height_cv"": ""ratio"", ""unit_width_cv"": ""ratio"", ""whitespace_ratio"": ""ratio""}","{""bbox_aspect_ratio"": ""direct"", ""bbox_fill_ratio"": ""direct"", ""centroid_x_norm"": ""direct"", ""centroid_y_norm"": ""direct"", ""closure_count"": ""direct"", ""connected_component_count"": ""direct"", ""ink_coverage_ratio"": ""direct"", ""inter_glyph_spacing_mean_norm"": ""not_applicable"", ""inter_glyph_spacing_sd_norm"": ""not_applicable"", ""rhythm_periodicity"": ""not_applicable"", ""straight_curve_ratio"": ""protocol_dependent"", ""symmetry_horizontal"": ""direct"", ""symmetry_vertical"": ""direct"", ""unit_area_cv"": ""not_applicable"", ""unit_height_cv"": ""not_applicable"", ""unit_width_cv"": ""not_applicable"", ""whitespace_ratio"": ""direct""}","{""inter_glyph_spacing_mean_norm"": ""MEASURE_NOT_APPLICABLE"", ""inter_glyph_spacing_sd_norm"": ""MEASURE_NOT_APPLICABLE"", ""rhythm_periodicity"": ""MEASURE_NOT_APPLICABLE"", ""unit_area_cv"": ""MEASURE_NOT_APPLICABLE"", ""unit_height_cv"": ""MEASURE_NOT_APPLICABLE"", ""unit_width_cv"": ""MEASURE_NOT_APPLICABLE""}",0.01117563247680664,0.9888243675231934,0.24251862582781458,0.94375,13,29,0.9970693588256836,0.9931669235229492,0.8044496203004949,0.5009243322190874,0.5214321238853096,,,,,,
feat_ce224d413102a9273da9,stim_9aeefe3b2c3e01fa,render_551362ca0ff22f33,1.1.0,raster_binary,ink_area_matched,density|geometry|layout|proportion|reading_rhythm|stroke_gesture|uniformity|visual_center,direct,valid,,4d800e346b040f885277c164e937c2514144ed6292066deb66bb1fc465b2de05,"{""bbox_aspect_ratio"": 478, ""bbox_fill_ratio"": 104937, ""ink_coverage_ratio"": 104937, ""whitespace_ratio"": 1992215}","{""bbox_aspect_ratio"": 588, ""bbox_fill_ratio"": 281064, ""ink_coverage_ratio"": 2097152, ""whitespace_ratio"": 2097152}","{""bbox_aspect_ratio"": ""ratio"", ""bbox_fill_ratio"": ""ratio"", ""centroid_x_norm"": ""ratio"", ""centroid_y_norm"": ""ratio"", ""closure_count"": ""count"", ""connected_component_count"": ""count"", ""ink_coverage_ratio"": ""ratio"", ""inter_glyph_spacing_mean_norm"": ""ratio"", ""inter_glyph_spacing_sd_norm"": ""ratio"", ""rhythm_periodicity"": ""ratio"", ""straight_curve_ratio"": ""ratio"", ""symmetry_horizontal"": ""ratio"", ""symmetry_vertical"": ""ratio"", ""unit_area_cv"": ""ratio"", ""unit_height_cv"": ""ratio"", ""unit_width_cv"": ""ratio"", ""whitespace_ratio"": ""ratio""}","{""bbox_aspect_ratio"": ""direct"", ""bbox_fill_ratio"": ""direct"", ""centroid_x_norm"": ""direct"", ""centroid_y_norm"": ""direct"", ""closure_count"": ""direct"", ""connected_component_count"": ""direct"", ""ink_coverage_ratio"": ""direct"", ""inter_glyph_spacing_mean_norm"": ""not_applicable"", ""inter_glyph_spacing_sd_norm"": ""not_applicable"", ""rhythm_periodicity"": ""not_applicable"", ""straight_curve_ratio"": ""protocol_dependent"", ""symmetry_horizontal"": ""direct"", ""symmetry_vertical"": ""direct"", ""unit_area_cv"": ""not_applicable"", ""unit_height_cv"": ""not_applicable"", ""unit_width_cv"": ""not_applicable"", ""whitespace_ratio"": ""direct""}","{""inter_glyph_spacing_mean_norm"": ""MEASURE_NOT_APPLICABLE"", ""inter_glyph_spacing_sd_norm"": ""MEASURE_NOT_APPLICABLE"", ""rhythm_periodicity"": ""MEASURE_NOT_APPLICABLE"", ""unit_area_cv"": ""MEASURE_NOT_APPLICABLE"", ""unit_height_cv"": ""MEASURE_NOT_APPLICABLE"", ""unit_width_cv"": ""MEASURE_NOT_APPLICABLE""}",0.05003786087036133,0.9499621391296387,0.37335624626419606,0.8129251700680272,1,1,0.9662141799926758,0.9408674240112305,0.7255245684709745,0.4921651744767098,0.5158803801626214,,,,,,
feat_ce34d557a7e082769f85,stim_9aeefe3b2c3e01fa,render_551362ca0ff22f33,1.1.0,raster_grayscale,ink_area_matched,density|geometry|layout|proportion|reading_rhythm|stroke_gesture|uniformity|visual_center,direct,valid,,4d800e346b040f885277c164e937c2514144ed6292066deb66bb1fc465b2de05,"{""bbox_aspect_ratio"": 478, ""bbox_fill_ratio"": 109988, ""ink_coverage_ratio"": 109988, ""whitespace_ratio"": 1987164}","{""bbox_aspect_ratio"": 588, ""bbox_fill_ratio"": 281064, ""ink_coverage_ratio"": 2097152, ""whitespace_ratio"": 2097152}","{""bbox_aspect_ratio"": ""ratio"", ""bbox_fill_ratio"": ""ratio"", ""centroid_x_norm"": ""ratio"", ""centroid_y_norm"": ""ratio"", ""closure_count"": ""count"", ""connected_component_count"": ""count"", ""ink_coverage_ratio"": ""ratio"", ""inter_glyph_spacing_mean_norm"": ""ratio"", ""inter_glyph_spacing_sd_norm"": ""ratio"", ""rhythm_periodicity"": ""ratio"", ""straight_curve_ratio"": ""ratio"", ""symmetry_horizontal"": ""ratio"", ""symmetry_vertical"": ""ratio"", ""unit_area_cv"": ""ratio"", ""unit_height_cv"": ""ratio"", ""unit_width_cv"": ""ratio"", ""whitespace_ratio"": ""ratio""}","{""bbox_aspect_ratio"": ""direct"", ""bbox_fill_ratio"": ""direct"", ""centroid_x_norm"": ""direct"", ""centroid_y_norm"": ""direct"", ""closure_count"": ""direct"", ""connected_component_count"": ""direct"", ""ink_coverage_ratio"": ""direct"", ""inter_glyph_spacing_mean_norm"": ""not_applicable"", ""inter_glyph_spacing_sd_norm"": ""not_applicable"", ""rhythm_periodicity"": ""not_applicable"", ""straight_curve_ratio"": ""protocol_dependent"", ""symmetry_horizontal"": ""direct"", ""symmetry_vertical"": ""direct"", ""unit_area_cv"": ""not_applicable"", ""unit_height_cv"": ""not_applicable"", ""unit_width_cv"": ""not_applicable"", ""whitespace_ratio"": ""direct""}","{""inter_glyph_spacing_mean_norm"": ""MEASURE_NOT_APPLICABLE"", ""inter_glyph_spacing_sd_norm"": ""MEASURE_NOT_APPLICABLE"", ""rhythm_periodicity"": ""MEASURE_NOT_APPLICABLE"", ""unit_area_cv"": ""MEASURE_NOT_APPLICABLE"", ""unit_height_cv"": ""MEASURE_NOT_APPLICABLE"", ""unit_width_cv"": ""MEASURE_NOT_APPLICABLE""}",0.05244636535644531,0.9475536346435547,0.3913272421939487,0.8129251700680272,139,224,0.9658336639404297,0.9389896392822266,0.6402490072951895,0.4922122097268566,0.5155713542329617,,,,,,
feat_0e1f53db1926c081ff6b,stim_9b3a392dd4102f7d,render_551362ca0ff22f33,1.1.0,raster_binary,ink_area_matched,density|geometry|layout|proportion|reading_rhythm|stroke_gesture|uniformity|visual_center,direct,valid,,4d800e346b040f885277c164e937c2514144ed6292066deb66bb1fc465b2de05,"{""bbox_aspect_ratio"": 787, ""bbox_fill_ratio"": 104839, ""ink_coverage_ratio"": 104839, ""whitespace_ratio"": 1992313}","{""bbox_aspect_ratio"": 779, ""bbox_fill_ratio"": 613073, ""ink_coverage_ratio"": 2097152, ""whitespace_ratio"": 2097152}","{""bbox_aspect_ratio"": ""ratio"", ""bbox_fill_ratio"": ""ratio"", ""centroid_x_norm"": ""ratio"", ""centroid_y_norm"": ""ratio"", ""closure_count"": ""count"", ""connected_component_count"": ""count"", ""ink_coverage_ratio"": ""ratio"", ""inter_glyph_spacing_mean_norm"": ""ratio"", ""inter_glyph_spacing_sd_norm"": ""ratio"", ""rhythm_periodicity"": ""ratio"", ""straight_curve_ratio"": ""ratio"", ""symmetry_horizontal"": ""ratio"", ""symmetry_vertical"": ""ratio"", ""unit_area_cv"": ""ratio"", ""unit_height_cv"": ""ratio"", ""unit_width_cv"": ""ratio"", ""whitespace_ratio"": ""ratio""}","{""bbox_aspect_ratio"": ""direct"", ""bbox_fill_ratio"": ""direct"", ""centroid_x_norm"": ""direct"", ""centroid_y_norm"": ""direct"", ""closure_count"": ""direct"", ""connected_component_count"": ""direct"", ""ink_coverage_ratio"": ""direct"", ""inter_glyph_spacing_mean_norm"": ""not_applicable"", ""inter_glyph_spacing_sd_norm"": ""not_applicable"", ""rhythm_periodicity"": ""not_applicable"", ""straight_curve_ratio"": ""protocol_dependent"", ""symmetry_horizontal"": ""direct"", ""symmetry_vertical"": ""direct"", ""unit_area_cv"": ""not_applicable"", ""unit_height_cv"": ""not_applicable"", ""unit_width_cv"": ""not_applicable"", ""whitespace_ratio"": ""direct""}","{""inter_glyph_spacing_mean_norm"": ""MEASURE_NOT_APPLICABLE"", ""inter_glyph_spacing_sd_norm"": ""MEASURE_NOT_APPLICABLE"", ""rhythm_periodicity"": ""MEASURE_NOT_APPLICABLE"", ""unit_area_cv"": ""MEASURE_NOT_APPLICABLE"", ""unit_height_cv"": ""MEASURE_NOT_APPLICABLE"", ""unit_width_cv"": ""MEASURE_NOT_APPLICABLE""}",0.04999113082885742,0.9500088691711426,0.17100573667409916,1.0102695763799743,1,0,0.9926309585571289,0.9130620956420898,0.5092451376666731,0.49775274841065825,0.5666833024178741,,,,,,
feat_5f810003c066bf79ea67,stim_9b3a392dd4102f7d,render_551362ca0ff22f33,1.1.0,raster_grayscale,ink_area_matched,density|geometry|layout|proportion|reading_rhythm|stroke_gesture|uniformity|visual_center,direct,valid,,4d800e346b040f885277c164e937c2514144ed6292066deb66bb1fc465b2de05,"{""bbox_aspect_ratio"": 787, ""bbox_fill_ratio"": 108871, ""ink_coverage_ratio"": 108871, ""whitespace_ratio"": 1988281}","{""bbox_aspect_ratio"": 779, ""bbox_fill_ratio"": 613073, ""ink_coverage_ratio"": 2097152, ""whitespace_ratio"": 2097152}","{""bbox_aspect_ratio"": ""ratio"", ""bbox_fill_ratio"": ""ratio"", ""centroid_x_norm"": ""ratio"", ""centroid_y_norm"": ""ratio"", ""closure_count"": ""count"", ""connected_component_count"": ""count"", ""ink_coverage_ratio"": ""ratio"", ""inter_glyph_spacing_mean_norm"": ""ratio"", ""inter_glyph_spacing_sd_norm"": ""ratio"", ""rhythm_periodicity"": ""ratio"", ""straight_curve_ratio"": ""ratio"", ""symmetry_horizontal"": ""ratio"", ""symmetry_vertical"": ""ratio"", ""unit_area_cv"": ""ratio"", ""unit_height_cv"": ""ratio"", ""unit_width_cv"": ""ratio"", ""whitespace_ratio"": ""ratio""}","{""bbox_aspect_ratio"": ""direct"", ""bbox_fill_ratio"": ""direct"", ""centroid_x_norm"": ""direct"", ""centroid_y_norm"": ""direct"", ""closure_count"": ""direct"", ""connected_component_count"": ""direct"", ""ink_coverage_ratio"": ""direct"", ""inter_glyph_spacing_mean_norm"": ""not_applicable"", ""inter_glyph_spacing_sd_norm"": ""not_applicable"", ""rhythm_periodicity"": ""not_applicable"", ""straight_curve_ratio"": ""protocol_dependent"", ""symmetry_horizontal"": ""direct"", ""symmetry_vertical"": ""direct"", ""unit_area_cv"": ""not_applicable"", ""unit_height_cv"": ""not_applicable"", ""unit_width_cv"": ""not_applicable"", ""whitespace_ratio"": ""direct""}","{""inter_glyph_spacing_mean_norm"": ""MEASURE_NOT_APPLICABLE"", ""inter_glyph_spacing_sd_norm"": ""MEASURE_NOT_APPLICABLE"", ""rhythm_periodicity"": ""MEASURE_NOT_APPLICABLE"", ""unit_area_cv"": ""MEASURE_NOT_APPLICABLE"", ""unit_height_cv"": ""MEASURE_NOT_APPLICABLE"", ""unit_width_cv"": ""MEASURE_NOT_APPLICABLE""}",0.05191373825073242,0.9480862617492676,0.17758244124272313,1.0102695763799743,36,661,0.9924116134643555,0.910313606262207,0.5373336456062273,0.497788052883401,0.5670442793248431,,,,,,
feat_3660ea964a1d8f05eab6,stim_9ed2480cfb744c11,render_551362ca0ff22f33,1.1.0,raster_binary,bbox_height_matched,density|geometry|layout|proportion|reading_rhythm|stroke_gesture|uniformity|visual_center,direct,valid,,4d800e346b040f885277c164e937c2514144ed6292066deb66bb1fc465b2de05,"{""bbox_aspect_ratio"": 324, ""bbox_fill_ratio"": 18347, ""ink_coverage_ratio"": 18347, ""whitespace_ratio"": 2078805}","{""bbox_aspect_ratio"": 320, ""bbox_fill_ratio"": 103680, ""ink_coverage_ratio"": 2097152, ""whitespace_ratio"": 2097152}","{""bbox_aspect_ratio"": ""ratio"", ""bbox_fill_ratio"": ""ratio"", ""centroid_x_norm"": ""ratio"", ""centroid_y_norm"": ""ratio"", ""closure_count"": ""count"", ""connected_component_count"": ""count"", ""ink_coverage_ratio"": ""ratio"", ""inter_glyph_spacing_mean_norm"": ""ratio"", ""inter_glyph_spacing_sd_norm"": ""ratio"", ""rhythm_periodicity"": ""ratio"", ""straight_curve_ratio"": ""ratio"", ""symmetry_horizontal"": ""ratio"", ""symmetry_vertical"": ""ratio"", ""unit_area_cv"": ""ratio"", ""unit_height_cv"": ""ratio"", ""unit_width_cv"": ""ratio"", ""whitespace_ratio"": ""ratio""}","{""bbox_aspect_ratio"": ""direct"", ""bbox_fill_ratio"": ""direct"", ""centroid_x_norm"": ""direct"", ""centroid_y_norm"": ""direct"", ""closure_count"": ""direct"", ""connected_component_count"": ""direct"", ""ink_coverage_ratio"": ""direct"", ""inter_glyph_spacing_mean_norm"": ""not_applicable"", ""inter_glyph_spacing_sd_norm"": ""not_applicable"", ""rhythm_periodicity"": ""not_applicable"", ""straight_curve_ratio"": ""protocol_dependent"", ""symmetry_horizontal"": ""direct"", ""symmetry_vertical"": ""direct"", ""unit_area_cv"": ""not_applicable"", ""unit_height_cv"": ""not_applicable"", ""unit_width_cv"": ""not_applicable"", ""whitespace_ratio"": ""direct""}","{""inter_glyph_spacing_mean_norm"": ""MEASURE_NOT_APPLICABLE"", ""inter_glyph_spacing_sd_norm"": ""MEASURE_NOT_APPLICABLE"", ""rhythm_periodicity"": ""MEASURE_NOT_APPLICABLE"", ""unit_area_cv"": ""MEASURE_NOT_APPLICABLE"", ""unit_height_cv"": ""MEASURE_NOT_APPLICABLE"", ""unit_width_cv"": ""MEASURE_NOT_APPLICABLE""}",0.008748531341552734,0.9912514686584473,0.1769579475308642,1.0125,2,1,0.9945497512817383,0.9847478866577148,0.5032727965784646,0.5090348398665313,0.5129631526100997,,,,,,
feat_5113170bb8e07126908e,stim_9ed2480cfb744c11,render_551362ca0ff22f33,1.1.0,raster_grayscale,bbox_height_matched,density|geometry|layout|proportion|reading_rhythm|stroke_gesture|uniformity|visual_center,direct,valid,,4d800e346b040f885277c164e937c2514144ed6292066deb66bb1fc465b2de05,"{""bbox_aspect_ratio"": 324, ""bbox_fill_ratio"": 20997, ""ink_coverage_ratio"": 20997, ""whitespace_ratio"": 2076155}","{""bbox_aspect_ratio"": 320, ""bbox_fill_ratio"": 103680, ""ink_coverage_ratio"": 2097152, ""whitespace_ratio"": 2097152}","{""bbox_aspect_ratio"": ""ratio"", ""bbox_fill_ratio"": ""ratio"", ""centroid_x_norm"": ""ratio"", ""centroid_y_norm"": ""ratio"", ""closure_count"": ""count"", ""connected_component_count"": ""count"", ""ink_coverage_ratio"": ""ratio"", ""inter_glyph_spacing_mean_norm"": ""ratio"", ""inter_glyph_spacing_sd_norm"": ""ratio"", ""rhythm_periodicity"": ""ratio"", ""straight_curve_ratio"": ""ratio"", ""symmetry_horizontal"": ""ratio"", ""symmetry_vertical"": ""ratio"", ""unit_area_cv"": ""ratio"", ""unit_height_cv"": ""ratio"", ""unit_width_cv"": ""ratio"", ""whitespace_ratio"": ""ratio""}","{""bbox_aspect_ratio"": ""direct"", ""bbox_fill_ratio"": ""direct"", ""centroid_x_norm"": ""direct"", ""centroid_y_norm"": ""direct"", ""closure_count"": ""direct"", ""connected_component_count"": ""direct"", ""ink_coverage_ratio"": ""direct"", ""inter_glyph_spacing_mean_norm"": ""not_applicable"", ""inter_glyph_spacing_sd_norm"": ""not_applicable"", ""rhythm_periodicity"": ""not_applicable"", ""straight_curve_ratio"": ""protocol_dependent"", ""symmetry_horizontal"": ""direct"", ""symmetry_vertical"": ""direct"", ""unit_area_cv"": ""not_applicable"", ""unit_height_cv"": ""not_applicable"", ""unit_width_cv"": ""not_applicable"", ""whitespace_ratio"": ""direct""}","{""inter_glyph_spacing_mean_norm"": ""MEASURE_NOT_APPLICABLE"", ""inter_glyph_spacing_sd_norm"": ""MEASURE_NOT_APPLICABLE"", ""rhythm_periodicity"": ""MEASURE_NOT_APPLICABLE"", ""unit_area_cv"": ""MEASURE_NOT_APPLICABLE"", ""unit_height_cv"": ""MEASURE_NOT_APPLICABLE"", ""unit_width_cv"": ""MEASURE_NOT_APPLICABLE""}",0.010012149810791016,0.989987850189209,0.2025173611111111,1.0125,39,468,0.9942827224731445,0.9829435348510742,0.2965690210254753,0.5079277043297852,0.5120258530236462,,,,,,
feat_d3a529fdec328ee5efeb,stim_a11f47f1741ab628,render_551362ca0ff22f33,1.1.0,raster_binary,ink_area_matched,density|geometry|layout|proportion|reading_rhythm|stroke_gesture|uniformity|visual_center,direct,valid,,4d800e346b040f885277c164e937c2514144ed6292066deb66bb1fc465b2de05,"{""bbox_aspect_ratio"": 680, ""bbox_fill_ratio"": 104869, ""ink_coverage_ratio"": 104869, ""whitespace_ratio"": 1992283}","{""bbox_aspect_ratio"": 721, ""bbox_fill_ratio"": 490280, ""ink_coverage_ratio"": 2097152, ""whitespace_ratio"": 2097152}","{""bbox_aspect_ratio"": ""ratio"", ""bbox_fill_ratio"": ""ratio"", ""centroid_x_norm"": ""ratio"", ""centroid_y_norm"": ""ratio"", ""closure_count"": ""count"", ""connected_component_count"": ""count"", ""ink_coverage_ratio"": ""ratio"", ""inter_glyph_spacing_mean_norm"": ""ratio"", ""inter_glyph_spacing_sd_norm"": ""ratio"", ""rhythm_periodicity"": ""ratio"", ""straight_curve_ratio"": ""ratio"", ""symmetry_horizontal"": ""ratio"", ""symmetry_vertical"": ""ratio"", ""unit_area_cv"": ""ratio"", ""unit_height_cv"": ""ratio"", ""unit_width_cv"": ""ratio"", ""whitespace_ratio"": ""ratio""}","{""bbox_aspect_ratio"": ""direct"", ""bbox_fill_ratio"": ""direct"", ""centroid_x_norm"": ""direct"", ""centroid_y_norm"": ""direct"", ""closure_count"": ""direct"", ""connected_component_count"": ""direct"", ""ink_coverage_ratio"": ""direct"", ""inter_glyph_spacing_mean_norm"": ""not_applicable"", ""inter_glyph_spacing_sd_norm"": ""not_applicable"", ""rhythm_periodicity"": ""not_applicable"", ""straight_curve_ratio"": ""protocol_dependent"", ""symmetry_horizontal"": ""direct"", ""symmetry_vertical"": ""direct"", ""unit_area_cv"": ""not_applicable"", ""unit_height_cv"": ""not_applicable"", ""unit_width_cv"": ""not_applicable"", ""whitespace_ratio"": ""direct""}","{""inter_glyph_spacing_mean_norm"": ""MEASURE_NOT_APPLICABLE"", ""inter_glyph_spacing_sd_norm"": ""MEASURE_NOT_APPLICABLE"", ""rhythm_periodicity"": ""MEASURE_NOT_APPLICABLE"", ""unit_area_cv"": ""MEASURE_NOT_APPLICABLE"", ""unit_height_cv"": ""MEASURE_NOT_APPLICABLE"", ""unit_width_cv"": ""MEASURE_NOT_APPLICABLE""}",0.050005435943603516,0.9499945640563965,0.21389614098066412,0.9431345353675451,1,0,0.9908475875854492,0.9699544906616211,0.9090395008998328,0.502044240351355,0.5477193942561672,,,,,,
feat_6c0349a11cac53cfa50b,stim_a11f47f1741ab628,render_551362ca0ff22f33,1.1.0,raster_grayscale,ink_area_matched,density|geometry|layout|proportion|reading_rhythm|stroke_gesture|uniformity|visual_center,direct,valid,,4d800e346b040f885277c164e937c2514144ed6292066deb66bb1fc465b2de05,"{""bbox_aspect_ratio"": 680, ""bbox_fill_ratio"": 110635, ""ink_coverage_ratio"": 110635, ""whitespace_ratio"": 1986517}","{""bbox_aspect_ratio"": 721, ""bbox_fill_ratio"": 490280, ""ink_coverage_ratio"": 2097152, ""whitespace_ratio"": 2097152}","{""bbox_aspect_ratio"": ""ratio"", ""bbox_fill_ratio"": ""ratio"", ""centroid_x_norm"": ""ratio"", ""centroid_y_norm"": ""ratio"", ""closure_count"": ""count"", ""connected_component_count"": ""count"", ""ink_coverage_ratio"": ""ratio"", ""inter_glyph_spacing_mean_norm"": ""ratio"", ""inter_glyph_spacing_sd_norm"": ""ratio"", ""rhythm_periodicity"": ""ratio"", ""straight_curve_ratio"": ""ratio"", ""symmetry_horizontal"": ""ratio"", ""symmetry_vertical"": ""ratio"", ""unit_area_cv"": ""ratio"", ""unit_height_cv"": ""ratio"", ""unit_width_cv"": ""ratio"", ""whitespace_ratio"": ""ratio""}","{""bbox_aspect_ratio"": ""direct"", ""bbox_fill_ratio"": ""direct"", ""centroid_x_norm"": ""direct"", ""centroid_y_norm"": ""direct"", ""closure_count"": ""direct"", ""connected_component_count"": ""direct"", ""ink_coverage_ratio"": ""direct"", ""inter_glyph_spacing_mean_norm"": ""not_applicable"", ""inter_glyph_spacing_sd_norm"": ""not_applicable"", ""rhythm_periodicity"": ""not_applicable"", ""straight_curve_ratio"": ""protocol_dependent"", ""symmetry_horizontal"": ""direct"", ""symmetry_vertical"": ""direct"", ""unit_area_cv"": ""not_applicable"", ""unit_height_cv"": ""not_applicable"", ""unit_width_cv"": ""not_applicable"", ""whitespace_ratio"": ""direct""}","{""inter_glyph_spacing_mean_norm"": ""MEASURE_NOT_APPLICABLE"", ""inter_glyph_spacing_sd_norm"": ""MEASURE_NOT_APPLICABLE"", ""rhythm_periodicity"": ""MEASURE_NOT_APPLICABLE"", ""unit_area_cv"": ""MEASURE_NOT_APPLICABLE"", ""unit_height_cv"": ""MEASURE_NOT_APPLICABLE"", ""unit_width_cv"": ""MEASURE_NOT_APPLICABLE""}",0.052754878997802734,0.9472451210021973,0.2256567675613935,0.9431345353675451,16,76,0.9904699325561523,0.968022346496582,0.8253830584999606,0.5032819729219392,0.5481644667713653,,,,,,
feat_e9b96e64030f2582c19e,stim_a14341de5f21c1b2,render_551362ca0ff22f33,1.1.0,raster_binary,ink_area_matched,density|geometry|layout|proportion|reading_rhythm|stroke_gesture|uniformity|visual_center,direct,valid,,4d800e346b040f885277c164e937c2514144ed6292066deb66bb1fc465b2de05,"{""bbox_aspect_ratio"": 514, ""bbox_fill_ratio"": 104906, ""ink_coverage_ratio"": 104906, ""whitespace_ratio"": 1992246}","{""bbox_aspect_ratio"": 573, ""bbox_fill_ratio"": 294522, ""ink_coverage_ratio"": 2097152, ""whitespace_ratio"": 2097152}","{""bbox_aspect_ratio"": ""ratio"", ""bbox_fill_ratio"": ""ratio"", ""centroid_x_norm"": ""ratio"", ""centroid_y_norm"": ""ratio"", ""closure_count"": ""count"", ""connected_component_count"": ""count"", ""ink_coverage_ratio"": ""ratio"", ""inter_glyph_spacing_mean_norm"": ""ratio"", ""inter_glyph_spacing_sd_norm"": ""ratio"", ""rhythm_periodicity"": ""ratio"", ""straight_curve_ratio"": ""ratio"", ""symmetry_horizontal"": ""ratio"", ""symmetry_vertical"": ""ratio"", ""unit_area_cv"": ""ratio"", ""unit_height_cv"": ""ratio"", ""unit_width_cv"": ""ratio"", ""whitespace_ratio"": ""ratio""}","{""bbox_aspect_ratio"": ""direct"", ""bbox_fill_ratio"": ""direct"", ""centroid_x_norm"": ""direct"", ""centroid_y_norm"": ""direct"", ""closure_count"": ""direct"", ""connected_component_count"": ""direct"", ""ink_coverage_ratio"": ""direct"", ""inter_glyph_spacing_mean_norm"": ""not_applicable"", ""inter_glyph_spacing_sd_norm"": ""not_applicable"", ""rhythm_periodicity"": ""not_applicable"", ""straight_curve_ratio"": ""protocol_dependent"", ""symmetry_horizontal"": ""direct"", ""symmetry_vertical"": ""direct"", ""unit_area_cv"": ""not_applicable"", ""unit_height_cv"": ""not_applicable"", ""unit_width_cv"": ""not_applicable"", ""whitespace_ratio"": ""direct""}","{""inter_glyph_spacing_mean_norm"": ""MEASURE_NOT_APPLICABLE"", ""inter_glyph_spacing_sd_norm"": ""MEASURE_NOT_APPLICABLE"", ""rhythm_periodicity"": ""MEASURE_NOT_APPLICABLE"", ""unit_area_cv"": ""MEASURE_NOT_APPLICABLE"", ""unit_height_cv"": ""MEASURE_NOT_APPLICABLE"", ""unit_width_cv"": ""MEASURE_NOT_APPLICABLE""}",0.05002307891845703,0.949976921081543,0.35619070901324856,0.8970331588132635,1,1,0.9992790222167969,0.9994316101074219,0.5219064234201336,0.49918198252334234,0.49927244204037424,,,,,,
feat_69fe8d5c66253bca5848,stim_a14341de5f21c1b2,render_551362ca0ff22f33,1.1.0,raster_grayscale,ink_area_matched,density|geometry|layout|proportion|reading_rhythm|stroke_gesture|uniformity|visual_center,direct,valid,,4d800e346b040f885277c164e937c2514144ed6292066deb66bb1fc465b2de05,"{""bbox_aspect_ratio"": 514, ""bbox_fill_ratio"": 108644, ""ink_coverage_ratio"": 108644, ""whitespace_ratio"": 1988508}","{""bbox_aspect_ratio"": 573, ""bbox_fill_ratio"": 294522, ""ink_coverage_ratio"": 2097152, ""whitespace_ratio"": 2097152}","{""bbox_aspect_ratio"": ""ratio"", ""bbox_fill_ratio"": ""ratio"", ""centroid_x_norm"": ""ratio"", ""centroid_y_norm"": ""ratio"", ""closure_count"": ""count"", ""connected_component_count"": ""count"", ""ink_coverage_ratio"": ""ratio"", ""inter_glyph_spacing_mean_norm"": ""ratio"", ""inter_glyph_spacing_sd_norm"": ""ratio"", ""rhythm_periodicity"": ""ratio"", ""straight_curve_ratio"": ""ratio"", ""symmetry_horizontal"": ""ratio"", ""symmetry_vertical"": ""ratio"", ""unit_area_cv"": ""ratio"", ""unit_height_cv"": ""ratio"", ""unit_width_cv"": ""ratio"", ""whitespace_ratio"": ""ratio""}","{""bbox_aspect_ratio"": ""direct"", ""bbox_fill_ratio"": ""direct"", ""centroid_x_norm"": ""direct"", ""centroid_y_norm"": ""direct"", ""closure_count"": ""direct"", ""connected_component_count"": ""direct"", ""ink_coverage_ratio"": ""direct"", ""inter_glyph_spacing_mean_norm"": ""not_applicable"", ""inter_glyph_spacing_sd_norm"": ""not_applicable"", ""rhythm_periodicity"": ""not_applicable"", ""straight_curve_ratio"": ""protocol_dependent"", ""symmetry_horizontal"": ""direct"", ""symmetry_vertical"": ""direct"", ""unit_area_cv"": ""not_applicable"", ""unit_height_cv"": ""not_applicable"", ""unit_width_cv"": ""not_applicable"", ""whitespace_ratio"": ""direct""}","{""inter_glyph_spacing_mean_norm"": ""MEASURE_NOT_APPLICABLE"", ""inter_glyph_spacing_sd_norm"": ""MEASURE_NOT_APPLICABLE"", ""rhythm_periodicity"": ""MEASURE_NOT_APPLICABLE"", ""unit_area_cv"": ""MEASURE_NOT_APPLICABLE"", ""unit_height_cv"": ""MEASURE_NOT_APPLICABLE"", ""unit_width_cv"": ""MEASURE_NOT_APPLICABLE""}",0.05180549621582031,0.9481945037841797,0.3688824603934511,0.8970331588132635,63,427,0.9986648559570312,0.9988441467285156,0.5791479659346591,0.49921677429552025,0.4993572129069484,,,,,,
feat_2e2ed89416df61267bec,stim_a1c5b570b2637c63,render_551362ca0ff22f33,1.1.0,raster_binary,bbox_height_matched,density|geometry|layout|proportion|reading_rhythm|stroke_gesture|uniformity|visual_center,direct,valid,,4d800e346b040f885277c164e937c2514144ed6292066deb66bb1fc465b2de05,"{""bbox_aspect_ratio"": 320, ""bbox_fill_ratio"": 46584, ""ink_coverage_ratio"": 46584, ""whitespace_ratio"": 2050568}","{""bbox_aspect_ratio"": 320, ""bbox_fill_ratio"": 102400, ""ink_coverage_ratio"": 2097152, ""whitespace_ratio"": 2097152}","{""bbox_aspect_ratio"": ""ratio"", ""bbox_fill_ratio"": ""ratio"", ""centroid_x_norm"": ""ratio"", ""centroid_y_norm"": ""ratio"", ""closure_count"": ""count"", ""connected_component_count"": ""count"", ""ink_coverage_ratio"": ""ratio"", ""inter_glyph_spacing_mean_norm"": ""ratio"", ""inter_glyph_spacing_sd_norm"": ""ratio"", ""rhythm_periodicity"": ""ratio"", ""straight_curve_ratio"": ""ratio"", ""symmetry_horizontal"": ""ratio"", ""symmetry_vertical"": ""ratio"", ""unit_area_cv"": ""ratio"", ""unit_height_cv"": ""ratio"", ""unit_width_cv"": ""ratio"", ""whitespace_ratio"": ""ratio""}","{""bbox_aspect_ratio"": ""direct"", ""bbox_fill_ratio"": ""direct"", ""centroid_x_norm"": ""direct"", ""centroid_y_norm"": ""direct"", ""closure_count"": ""direct"", ""connected_component_count"": ""direct"", ""ink_coverage_ratio"": ""direct"", ""inter_glyph_spacing_mean_norm"": ""not_applicable"", ""inter_glyph_spacing_sd_norm"": ""not_applicable"", ""rhythm_periodicity"": ""not_applicable"", ""straight_curve_ratio"": ""protocol_dependent"", ""symmetry_horizontal"": ""direct"", ""symmetry_vertical"": ""direct"", ""unit_area_cv"": ""not_applicable"", ""unit_height_cv"": ""not_applicable"", ""unit_width_cv"": ""not_applicable"", ""whitespace_ratio"": ""direct""}","{""inter_glyph_spacing_mean_norm"": ""MEASURE_NOT_APPLICABLE"", ""inter_glyph_spacing_sd_norm"": ""MEASURE_NOT_APPLICABLE"", ""rhythm_periodicity"": ""MEASURE_NOT_APPLICABLE"", ""unit_area_cv"": ""MEASURE_NOT_APPLICABLE"", ""unit_height_cv"": ""MEASURE_NOT_APPLICABLE"", ""unit_width_cv"": ""MEASURE_NOT_APPLICABLE""}",0.022212982177734375,0.9777870178222656,0.454921875,1.0,1,0,0.9982795715332031,0.9823112487792969,0.562212291076857,0.5001734203434924,0.4986746052829298,,,,,,
feat_fff9f5b31a9e58b094d0,stim_a1c5b570b2637c63,render_551362ca0ff22f33,1.1.0,raster_grayscale,bbox_height_matched,density|geometry|layout|proportion|reading_rhythm|stroke_gesture|uniformity|visual_center,direct,valid,,4d800e346b040f885277c164e937c2514144ed6292066deb66bb1fc465b2de05,"{""bbox_aspect_ratio"": 320, ""bbox_fill_ratio"": 48957, ""ink_coverage_ratio"": 48957, ""whitespace_ratio"": 2048195}","{""bbox_aspect_ratio"": 320, ""bbox_fill_ratio"": 102400, ""ink_coverage_ratio"": 2097152, ""whitespace_ratio"": 2097152}","{""bbox_aspect_ratio"": ""ratio"", ""bbox_fill_ratio"": ""ratio"", ""centroid_x_norm"": ""ratio"", ""centroid_y_norm"": ""ratio"", ""closure_count"": ""count"", ""connected_component_count"": ""count"", ""ink_coverage_ratio"": ""ratio"", ""inter_glyph_spacing_mean_norm"": ""ratio"", ""inter_glyph_spacing_sd_norm"": ""ratio"", ""rhythm_periodicity"": ""ratio"", ""straight_curve_ratio"": ""ratio"", ""symmetry_horizontal"": ""ratio"", ""symmetry_vertical"": ""ratio"", ""unit_area_cv"": ""ratio"", ""unit_height_cv"": ""ratio"", ""unit_width_cv"": ""ratio"", ""whitespace_ratio"": ""ratio""}","{""bbox_aspect_ratio"": ""direct"", ""bbox_fill_ratio"": ""direct"", ""centroid_x_norm"": ""direct"", ""centroid_y_norm"": ""direct"", ""closure_count"": ""direct"", ""connected_component_count"": ""direct"", ""ink_coverage_ratio"": ""direct"", ""inter_glyph_spacing_mean_norm"": ""not_applicable"", ""inter_glyph_spacing_sd_norm"": ""not_applicable"", ""rhythm_periodicity"": ""not_applicable"", ""straight_curve_ratio"": ""protocol_dependent"", ""symmetry_horizontal"": ""direct"", ""symmetry_vertical"": ""direct"", ""unit_area_cv"": ""not_applicable"", ""unit_height_cv"": ""not_applicable"", ""unit_width_cv"": ""not_applicable"", ""whitespace_ratio"": ""direct""}","{""inter_glyph_spacing_mean_norm"": ""MEASURE_NOT_APPLICABLE"", ""inter_glyph_spacing_sd_norm"": ""MEASURE_NOT_APPLICABLE"", ""rhythm_periodicity"": ""MEASURE_NOT_APPLICABLE"", ""unit_area_cv"": ""MEASURE_NOT_APPLICABLE"", ""unit_height_cv"": ""MEASURE_NOT_APPLICABLE"", ""unit_width_cv"": ""MEASURE_NOT_APPLICABLE""}",0.02334451675415039,0.9766554832458496,0.478095703125,1.0,29,138,0.9983053207397461,0.9814577102661133,0.5050581545956139,0.49984916809968444,0.49892898678942743,,,,,,
feat_e1ce143d73e8671a3712,stim_a2bea72980ac8d3d,render_551362ca0ff22f33,1.1.0,raster_binary,ink_area_matched,density|geometry|layout|proportion|reading_rhythm|stroke_gesture|uniformity|visual_center,direct,valid,,4d800e346b040f885277c164e937c2514144ed6292066deb66bb1fc465b2de05,"{""bbox_aspect_ratio"": 530, ""bbox_fill_ratio"": 104965, ""ink_coverage_ratio"": 104965, ""whitespace_ratio"": 1992187}","{""bbox_aspect_ratio"": 609, ""bbox_fill_ratio"": 322770, ""ink_coverage_ratio"": 2097152, ""whitespace_ratio"": 2097152}","{""bbox_aspect_ratio"": ""ratio"", ""bbox_fill_ratio"": ""ratio"", ""centroid_x_norm"": ""ratio"", ""centroid_y_norm"": ""ratio"", ""closure_count"": ""count"", ""connected_component_count"": ""count"", ""ink_coverage_ratio"": ""ratio"", ""inter_glyph_spacing_mean_norm"": ""ratio"", ""inter_glyph_spacing_sd_norm"": ""ratio"", ""rhythm_periodicity"": ""ratio"", ""straight_curve_ratio"": ""ratio"", ""symmetry_horizontal"": ""ratio"", ""symmetry_vertical"": ""ratio"", ""unit_area_cv"": ""ratio"", ""unit_height_cv"": ""ratio"", ""unit_width_cv"": ""ratio"", ""whitespace_ratio"": ""ratio""}","{""bbox_aspect_ratio"": ""direct"", ""bbox_fill_ratio"": ""direct"", ""centroid_x_norm"": ""direct"", ""centroid_y_norm"": ""direct"", ""closure_count"": ""direct"", ""connected_component_count"": ""direct"", ""ink_coverage_ratio"": ""direct"", ""inter_glyph_spacing_mean_norm"": ""not_applicable"", ""inter_glyph_spacing_sd_norm"": ""not_applicable"", ""rhythm_periodicity"": ""not_applicable"", ""straight_curve_ratio"": ""protocol_dependent"", ""symmetry_horizontal"": ""direct"", ""symmetry_vertical"": ""direct"", ""unit_area_cv"": ""not_applicable"", ""unit_height_cv"": ""not_applicable"", ""unit_width_cv"": ""not_applicable"", ""whitespace_ratio"": ""direct""}","{""inter_glyph_spacing_mean_norm"": ""MEASURE_NOT_APPLICABLE"", ""inter_glyph_spacing_sd_norm"": ""MEASURE_NOT_APPLICABLE"", ""rhythm_periodicity"": ""MEASURE_NOT_APPLICABLE"", ""unit_area_cv"": ""MEASURE_NOT_APPLICABLE"", ""unit_height_cv"": ""MEASURE_NOT_APPLICABLE"", ""unit_width_cv"": ""MEASURE_NOT_APPLICABLE""}",0.050051212310791016,0.949948787689209,0.32520060724354805,0.8702791461412152,1,2,0.9951238632202148,0.9851541519165039,0.9722652388567905,0.4989252369837565,0.49529967950626397,,,,,,
feat_b267dd2dfcfa26b432a9,stim_a2bea72980ac8d3d,render_551362ca0ff22f33,1.1.0,raster_grayscale,ink_area_matched,density|geometry|layout|proportion|reading_rhythm|stroke_gesture|uniformity|visual_center,direct,valid,,4d800e346b040f885277c164e937c2514144ed6292066deb66bb1fc465b2de05,"{""bbox_aspect_ratio"": 530, ""bbox_fill_ratio"": 108911, ""ink_coverage_ratio"": 108911, ""whitespace_ratio"": 1988241}","{""bbox_aspect_ratio"": 609, ""bbox_fill_ratio"": 322770, ""ink_coverage_ratio"": 2097152, ""whitespace_ratio"": 2097152}","{""bbox_aspect_ratio"": ""ratio"", ""bbox_fill_ratio"": ""ratio"", ""centroid_x_norm"": ""ratio"", ""centroid_y_norm"": ""ratio"", ""closure_count"": ""count"", ""connected_component_count"": ""count"", ""ink_coverage_ratio"": ""ratio"", ""inter_glyph_spacing_mean_norm"": ""ratio"", ""inter_glyph_spacing_sd_norm"": ""ratio"", ""rhythm_periodicity"": ""ratio"", ""straight_curve_ratio"": ""ratio"", ""symmetry_horizontal"": ""ratio"", ""symmetry_vertical"": ""ratio"", ""unit_area_cv"": ""ratio"", ""unit_height_cv"": ""ratio"", ""unit_width_cv"": ""ratio"", ""whitespace_ratio"": ""ratio""}","{""bbox_aspect_ratio"": ""direct"", ""bbox_fill_ratio"": ""direct"", ""centroid_x_norm"": ""direct"", ""centroid_y_norm"": ""direct"", ""closure_count"": ""direct"", ""connected_component_count"": ""direct"", ""ink_coverage_ratio"": ""direct"", ""inter_glyph_spacing_mean_norm"": ""not_applicable"", ""inter_glyph_spacing_sd_norm"": ""not_applicable"", ""rhythm_periodicity"": ""not_applicable"", ""straight_curve_ratio"": ""protocol_dependent"", ""symmetry_horizontal"": ""direct"", ""symmetry_vertical"": ""direct"", ""unit_area_cv"": ""not_applicable"", ""unit_height_cv"": ""not_applicable"", ""unit_width_cv"": ""not_applicable"", ""whitespace_ratio"": ""direct""}","{""inter_glyph_spacing_mean_norm"": ""MEASURE_NOT_APPLICABLE"", ""inter_glyph_spacing_sd_norm"": ""MEASURE_NOT_APPLICABLE"", ""rhythm_periodicity"": ""MEASURE_NOT_APPLICABLE"", ""unit_area_cv"": ""MEASURE_NOT_APPLICABLE"", ""unit_height_cv"": ""MEASURE_NOT_APPLICABLE"", ""unit_width_cv"": ""MEASURE_NOT_APPLICABLE""}",0.05193281173706055,0.9480671882629395,0.3374260309198501,0.8702791461412152,4,7,0.9956140518188477,0.9852209091186523,0.9631377460095283,0.49871498162060074,0.4959514678269413,,,,,,
feat_bcfcf183c685c46b3fa4,stim_a3919afafcd0f098,render_551362ca0ff22f33,1.1.0,raster_binary,bbox_height_matched,density|geometry|layout|proportion|reading_rhythm|stroke_gesture|uniformity|visual_center,protocol_dependent,valid,,4d800e346b040f885277c164e937c2514144ed6292066deb66bb1fc465b2de05,"{""bbox_aspect_ratio"": 1260, ""bbox_fill_ratio"": 101087, ""ink_coverage_ratio"": 101087, ""whitespace_ratio"": 1996065}","{""bbox_aspect_ratio"": 320, ""bbox_fill_ratio"": 403200, ""ink_coverage_ratio"": 2097152, ""whitespace_ratio"": 2097152}","{""bbox_aspect_ratio"": ""ratio"", ""bbox_fill_ratio"": ""ratio"", ""centroid_x_norm"": ""ratio"", ""centroid_y_norm"": ""ratio"", ""closure_count"": ""count"", ""connected_component_count"": ""count"", ""ink_coverage_ratio"": ""ratio"", ""inter_glyph_spacing_mean_norm"": ""ratio"", ""inter_glyph_spacing_sd_norm"": ""ratio"", ""rhythm_periodicity"": ""ratio"", ""straight_curve_ratio"": ""ratio"", ""symmetry_horizontal"": ""ratio"", ""symmetry_vertical"": ""ratio"", ""unit_area_cv"": ""ratio"", ""unit_height_cv"": ""ratio"", ""unit_width_cv"": ""ratio"", ""whitespace_ratio"": ""ratio""}","{""bbox_aspect_ratio"": ""direct"", ""bbox_fill_ratio"": ""direct"", ""centroid_x_norm"": ""direct"", ""centroid_y_norm"": ""direct"", ""closure_count"": ""direct"", ""connected_component_count"": ""direct"", ""ink_coverage_ratio"": ""direct"", ""inter_glyph_spacing_mean_norm"": ""protocol_dependent"", ""inter_glyph_spacing_sd_norm"": ""protocol_dependent"", ""rhythm_periodicity"": ""protocol_dependent"", ""straight_curve_ratio"": ""protocol_dependent"", ""symmetry_horizontal"": ""direct"", ""symmetry_vertical"": ""direct"", ""unit_area_cv"": ""protocol_dependent"", ""unit_height_cv"": ""protocol_dependent"", ""unit_width_cv"": ""protocol_dependent"", ""whitespace_ratio"": ""direct""}","{""rhythm_periodicity"": ""MEASURE_SEQUENCE_TOO_SHORT""}",0.0482020378112793,0.9517979621887207,0.25071180555555556,3.9375,8,3,0.926426887512207,0.9614419937133789,0.8509438506614672,0.4890480419249013,0.4849996359880598,0.09895833333333333,0.02170069443333298,,0.09124119311155873,0.024080274916919376,0.0
feat_380199e4abd8aabcd4a5,stim_a3919afafcd0f098,render_551362ca0ff22f33,1.1.0,raster_grayscale,bbox_height_matched,density|geometry|layout|proportion|reading_rhythm|stroke_gesture|uniformity|visual_center,protocol_dependent,valid,,4d800e346b040f885277c164e937c2514144ed6292066deb66bb1fc465b2de05,"{""bbox_aspect_ratio"": 1260, ""bbox_fill_ratio"": 109812, ""ink_coverage_ratio"": 109812, ""whitespace_ratio"": 1987340}","{""bbox_aspect_ratio"": 320, ""bbox_fill_ratio"": 403200, ""ink_coverage_ratio"": 2097152, ""whitespace_ratio"": 2097152}","{""bbox_aspect_ratio"": ""ratio"", ""bbox_fill_ratio"": ""ratio"", ""centroid_x_norm"": ""ratio"", ""centroid_y_norm"": ""ratio"", ""closure_count"": ""count"", ""connected_component_count"": ""count"", ""ink_coverage_ratio"": ""ratio"", ""inter_glyph_spacing_mean_norm"": ""ratio"", ""inter_glyph_spacing_sd_norm"": ""ratio"", ""rhythm_periodicity"": ""ratio"", ""straight_curve_ratio"": ""ratio"", ""symmetry_horizontal"": ""ratio"", ""symmetry_vertical"": ""ratio"", ""unit_area_cv"": ""ratio"", ""unit_height_cv"": ""ratio"", ""unit_width_cv"": ""ratio"", ""whitespace_ratio"": ""ratio""}","{""bbox_aspect_ratio"": ""direct"", ""bbox_fill_ratio"": ""direct"", ""centroid_x_norm"": ""direct"", ""centroid_y_norm"": ""direct"", ""closure_count"": ""direct"", ""connected_component_count"": ""direct"", ""ink_coverage_ratio"": ""direct"", ""inter_glyph_spacing_mean_norm"": ""protocol_dependent"", ""inter_glyph_spacing_sd_norm"": ""protocol_dependent"", ""rhythm_periodicity"": ""protocol_dependent"", ""straight_curve_ratio"": ""protocol_dependent"", ""symmetry_horizontal"": ""direct"", ""symmetry_vertical"": ""direct"", ""unit_area_cv"": ""protocol_dependent"", ""unit_height_cv"": ""protocol_dependent"", ""unit_width_cv"": ""protocol_dependent"", ""whitespace_ratio"": ""direct""}","{""rhythm_periodicity"": ""MEASURE_SEQUENCE_TOO_SHORT""}",0.05236244201660156,0.9476375579833984,0.2723511904761905,3.9375,75,441,0.9226169586181641,0.9587116241455078,0.6269789982267342,0.48792568847780754,0.4851975706206972,0.09895833333333333,0.02170069443333298,,0.09763742615597916,0.024080274916919376,0.0
feat_8479bffd3bc23a25ad85,stim_a4d97de166f1eda9,render_551362ca0ff22f33,1.1.0,raster_binary,ink_area_matched,density|geometry|layout|proportion|reading_rhythm|stroke_gesture|uniformity|visual_center,direct,valid,,4d800e346b040f885277c164e937c2514144ed6292066deb66bb1fc465b2de05,"{""bbox_aspect_ratio"": 1005, ""bbox_fill_ratio"": 104698, ""ink_coverage_ratio"": 104698, ""whitespace_ratio"": 1992454}","{""bbox_aspect_ratio"": 649, ""bbox_fill_ratio"": 652245, ""ink_coverage_ratio"": 2097152, ""whitespace_ratio"": 2097152}","{""bbox_aspect_ratio"": ""ratio"", ""bbox_fill_ratio"": ""ratio"", ""centroid_x_norm"": ""ratio"", ""centroid_y_norm"": ""ratio"", ""closure_count"": ""count"", ""connected_component_count"": ""count"", ""ink_coverage_ratio"": ""ratio"", ""inter_glyph_spacing_mean_norm"": ""ratio"", ""inter_glyph_spacing_sd_norm"": ""ratio"", ""rhythm_periodicity"": ""ratio"", ""straight_curve_ratio"": ""ratio"", ""symmetry_horizontal"": ""ratio"", ""symmetry_vertical"": ""ratio"", ""unit_area_cv"": ""ratio"", ""unit_height_cv"": ""ratio"", ""unit_width_cv"": ""ratio"", ""whitespace_ratio"": ""ratio""}","{""bbox_aspect_ratio"": ""direct"", ""bbox_fill_ratio"": ""direct"", ""centroid_x_norm"": ""direct"", ""centroid_y_norm"": ""direct"", ""closure_count"": ""direct"", ""connected_component_count"": ""direct"", ""ink_coverage_ratio"": ""direct"", ""inter_glyph_spacing_mean_norm"": ""not_applicable"", ""inter_glyph_spacing_sd_norm"": ""not_applicable"", ""rhythm_periodicity"": ""not_applicable"", ""straight_curve_ratio"": ""protocol_dependent"", ""symmetry_horizontal"": ""direct"", ""symmetry_vertical"": ""direct"", ""unit_area_cv"": ""not_applicable"", ""unit_height_cv"": ""not_applicable"", ""unit_width_cv"": ""not_applicable"", ""whitespace_ratio"": ""direct""}","{""inter_glyph_spacing_mean_norm"": ""MEASURE_NOT_APPLICABLE"", ""inter_glyph_spacing_sd_norm"": ""MEASURE_NOT_APPLICABLE"", ""rhythm_periodicity"": ""MEASURE_NOT_APPLICABLE"", ""unit_area_cv"": ""MEASURE_NOT_APPLICABLE"", ""unit_height_cv"": ""MEASURE_NOT_APPLICABLE"", ""unit_width_cv"": ""MEASURE_NOT_APPLICABLE""}",0.04992389678955078,0.9500761032104492,0.16051943671473143,1.5485362095531587,4,0,0.9206771850585938,0.9439163208007812,0.7353048720290442,0.4721097469776166,0.4960619807983438,,,,,,
feat_26bc3470fcf0a69a7d45,stim_a4d97de166f1eda9,render_551362ca0ff22f33,1.1.0,raster_grayscale,ink_area_matched,density|geometry|layout|proportion|reading_rhythm|stroke_gesture|uniformity|visual_center,direct,valid,,4d800e346b040f885277c164e937c2514144ed6292066deb66bb1fc465b2de05,"{""bbox_aspect_ratio"": 1005, ""bbox_fill_ratio"": 112409, ""ink_coverage_ratio"": 112409, ""whitespace_ratio"": 1984743}","{""bbox_aspect_ratio"": 649, ""bbox_fill_ratio"": 652245, ""ink_coverage_ratio"": 2097152, ""whitespace_ratio"": 2097152}","{""bbox_aspect_ratio"": ""ratio"", ""bbox_fill_ratio"": ""ratio"", ""centroid_x_norm"": ""ratio"", ""centroid_y_norm"": ""ratio"", ""closure_count"": ""count"", ""connected_component_count"": ""count"", ""ink_coverage_ratio"": ""ratio"", ""inter_glyph_spacing_mean_norm"": ""ratio"", ""inter_glyph_spacing_sd_norm"": ""ratio"", ""rhythm_periodicity"": ""ratio"", ""straight_curve_ratio"": ""ratio"", ""symmetry_horizontal"": ""ratio"", ""symmetry_vertical"": ""ratio"", ""unit_area_cv"": ""ratio"", ""unit_height_cv"": ""ratio"", ""unit_width_cv"": ""ratio"", ""whitespace_ratio"": ""ratio""}","{""bbox_aspect_ratio"": ""direct"", ""bbox_fill_ratio"": ""direct"", ""centroid_x_norm"": ""direct"", ""centroid_y_norm"": ""direct"", ""closure_count"": ""direct"", ""connected_component_count"": ""direct"", ""ink_coverage_ratio"": ""direct"", ""inter_glyph_spacing_mean_norm"": ""not_applicable"", ""inter_glyph_spacing_sd_norm"": ""not_applicable"", ""rhythm_periodicity"": ""not_applicable"", ""straight_curve_ratio"": ""protocol_dependent"", ""symmetry_horizontal"": ""direct"", ""symmetry_vertical"": ""direct"", ""unit_area_cv"": ""not_applicable"", ""unit_height_cv"": ""not_applicable"", ""unit_width_cv"": ""not_applicable"", ""whitespace_ratio"": ""direct""}","{""inter_glyph_spacing_mean_norm"": ""MEASURE_NOT_APPLICABLE"", ""inter_glyph_spacing_sd_norm"": ""MEASURE_NOT_APPLICABLE"", ""rhythm_periodicity"": ""MEASURE_NOT_APPLICABLE"", ""unit_area_cv"": ""MEASURE_NOT_APPLICABLE"", ""unit_height_cv"": ""MEASURE_NOT_APPLICABLE"", ""unit_width_cv"": ""MEASURE_NOT_APPLICABLE""}",0.05360078811645508,0.9463992118835449,0.1723416814233915,1.5485362095531587,109,1097,0.9158811569213867,0.9410810470581055,0.4220202256755302,0.4735118031585549,0.4965616979623518,,,,,,
feat_b39ea1fd589fd6e160f9,stim_a60c9e58b22945f0,render_551362ca0ff22f33,1.1.0,raster_binary,ink_area_matched,density|geometry|layout|proportion|reading_rhythm|stroke_gesture|uniformity|visual_center,direct,valid,,4d800e346b040f885277c164e937c2514144ed6292066deb66bb1fc465b2de05,"{""bbox_aspect_ratio"": 857, ""bbox_fill_ratio"": 104777, ""ink_coverage_ratio"": 104777, ""whitespace_ratio"": 1992375}","{""bbox_aspect_ratio"": 539, ""bbox_fill_ratio"": 461923, ""ink_coverage_ratio"": 2097152, ""whitespace_ratio"": 2097152}","{""bbox_aspect_ratio"": ""ratio"", ""bbox_fill_ratio"": ""ratio"", ""centroid_x_norm"": ""ratio"", ""centroid_y_norm"": ""ratio"", ""closure_count"": ""count"", ""connected_component_count"": ""count"", ""ink_coverage_ratio"": ""ratio"", ""inter_glyph_spacing_mean_norm"": ""ratio"", ""inter_glyph_spacing_sd_norm"": ""ratio"", ""rhythm_periodicity"": ""ratio"", ""straight_curve_ratio"": ""ratio"", ""symmetry_horizontal"": ""ratio"", ""symmetry_vertical"": ""ratio"", ""unit_area_cv"": ""ratio"", ""unit_height_cv"": ""ratio"", ""unit_width_cv"": ""ratio"", ""whitespace_ratio"": ""ratio""}","{""bbox_aspect_ratio"": ""direct"", ""bbox_fill_ratio"": ""direct"", ""centroid_x_norm"": ""direct"", ""centroid_y_norm"": ""direct"", ""closure_count"": ""direct"", ""connected_component_count"": ""direct"", ""ink_coverage_ratio"": ""direct"", ""inter_glyph_spacing_mean_norm"": ""not_applicable"", ""inter_glyph_spacing_sd_norm"": ""not_applicable"", ""rhythm_periodicity"": ""not_applicable"", ""straight_curve_ratio"": ""protocol_dependent"", ""symmetry_horizontal"": ""direct"", ""symmetry_vertical"": ""direct"", ""unit_area_cv"": ""not_applicable"", ""unit_height_cv"": ""not_applicable"", ""unit_width_cv"": ""not_applicable"", ""whitespace_ratio"": ""direct""}","{""inter_glyph_spacing_mean_norm"": ""MEASURE_NOT_APPLICABLE"", ""inter_glyph_spacing_sd_norm"": ""MEASURE_NOT_APPLICABLE"", ""rhythm_periodicity"": ""MEASURE_NOT_APPLICABLE"", ""unit_area_cv"": ""MEASURE_NOT_APPLICABLE"", ""unit_height_cv"": ""MEASURE_NOT_APPLICABLE"", ""unit_width_cv"": ""MEASURE_NOT_APPLICABLE""}",0.04996156692504883,0.9500384330749512,0.22682784793136518,1.5899814471243043,5,4,0.920161247253418,0.944270133972168,0.8037151096947145,0.45240114123328595,0.4439583498614916,,,,,,
feat_3033bc0a875da37b92e0,stim_a60c9e58b22945f0,render_551362ca0ff22f33,1.1.0,raster_grayscale,ink_area_matched,density|geometry|layout|proportion|reading_rhythm|stroke_gesture|uniformity|visual_center,direct,valid,,4d800e346b040f885277c164e937c2514144ed6292066deb66bb1fc465b2de05,"{""bbox_aspect_ratio"": 857, ""bbox_fill_ratio"": 113373, ""ink_coverage_ratio"": 113373, ""whitespace_ratio"": 1983779}","{""bbox_aspect_ratio"": 539, ""bbox_fill_ratio"": 461923, ""ink_coverage_ratio"": 2097152, ""whitespace_ratio"": 2097152}","{""bbox_aspect_ratio"": ""ratio"", ""bbox_fill_ratio"": ""ratio"", ""centroid_x_norm"": ""ratio"", ""centroid_y_norm"": ""ratio"", ""closure_count"": ""count"", ""connected_component_count"": ""count"", ""ink_coverage_ratio"": ""ratio"", ""inter_glyph_spacing_mean_norm"": ""ratio"", ""inter_glyph_spacing_sd_norm"": ""ratio"", ""rhythm_periodicity"": ""ratio"", ""straight_curve_ratio"": ""ratio"", ""symmetry_horizontal"": ""ratio"", ""symmetry_vertical"": ""ratio"", ""unit_area_cv"": ""ratio"", ""unit_height_cv"": ""ratio"", ""unit_width_cv"": ""ratio"", ""whitespace_ratio"": ""ratio""}","{""bbox_aspect_ratio"": ""direct"", ""bbox_fill_ratio"": ""direct"", ""centroid_x_norm"": ""direct"", ""centroid_y_norm"": ""direct"", ""closure_count"": ""direct"", ""connected_component_count"": ""direct"", ""ink_coverage_ratio"": ""direct"", ""inter_glyph_spacing_mean_norm"": ""not_applicable"", ""inter_glyph_spacing_sd_norm"": ""not_applicable"", ""rhythm_periodicity"": ""not_applicable"", ""straight_curve_ratio"": ""protocol_dependent"", ""symmetry_horizontal"": ""direct"", ""symmetry_vertical"": ""direct"", ""unit_area_cv"": ""not_applicable"", ""unit_height_cv"": ""not_applicable"", ""unit_width_cv"": ""not_applicable"", ""whitespace_ratio"": ""direct""}","{""inter_glyph_spacing_mean_norm"": ""MEASURE_NOT_APPLICABLE"", ""inter_glyph_spacing_sd_norm"": ""MEASURE_NOT_APPLICABLE"", ""rhythm_periodicity"": ""MEASURE_NOT_APPLICABLE"", ""unit_area_cv"": ""MEASURE_NOT_APPLICABLE"", ""unit_height_cv"": ""MEASURE_NOT_APPLICABLE"", ""unit_width_cv"": ""MEASURE_NOT_APPLICABLE""}",0.05406045913696289,0.9459395408630371,0.24543701006444796,1.5899814471243043,222,438,0.9153604507446289,0.9400854110717773,0.564140305561655,0.4539383800113894,0.4445290397212079,,,,,,
feat_adbfb0237ab0e1033b96,stim_a796baa4c9fbbecc,render_551362ca0ff22f33,1.1.0,raster_binary,ink_area_matched,density|geometry|layout|proportion|reading_rhythm|stroke_gesture|uniformity|visual_center,protocol_dependent,valid,,4d800e346b040f885277c164e937c2514144ed6292066deb66bb1fc465b2de05,"{""bbox_aspect_ratio"": 1090, ""bbox_fill_ratio"": 104919, ""ink_coverage_ratio"": 104919, ""whitespace_ratio"": 1992233}","{""bbox_aspect_ratio"": 285, ""bbox_fill_ratio"": 310650, ""ink_coverage_ratio"": 2097152, ""whitespace_ratio"": 2097152}","{""bbox_aspect_ratio"": ""ratio"", ""bbox_fill_ratio"": ""ratio"", ""centroid_x_norm"": ""ratio"", ""centroid_y_norm"": ""ratio"", ""closure_count"": ""count"", ""connected_component_count"": ""count"", ""ink_coverage_ratio"": ""ratio"", ""inter_glyph_spacing_mean_norm"": ""ratio"", ""inter_glyph_spacing_sd_norm"": ""ratio"", ""rhythm_periodicity"": ""ratio"", ""straight_curve_ratio"": ""ratio"", ""symmetry_horizontal"": ""ratio"", ""symmetry_vertical"": ""ratio"", ""unit_area_cv"": ""ratio"", ""unit_height_cv"": ""ratio"", ""unit_width_cv"": ""ratio"", ""whitespace_ratio"": ""ratio""}","{""bbox_aspect_ratio"": ""direct"", ""bbox_fill_ratio"": ""direct"", ""centroid_x_norm"": ""direct"", ""centroid_y_norm"": ""direct"", ""closure_count"": ""direct"", ""connected_component_count"": ""direct"", ""ink_coverage_ratio"": ""direct"", ""inter_glyph_spacing_mean_norm"": ""protocol_dependent"", ""inter_glyph_spacing_sd_norm"": ""protocol_dependent"", ""rhythm_periodicity"": ""protocol_dependent"", ""straight_curve_ratio"": ""protocol_dependent"", ""symmetry_horizontal"": ""direct"", ""symmetry_vertical"": ""direct"", ""unit_area_cv"": ""protocol_dependent"", ""unit_height_cv"": ""protocol_dependent"", ""unit_width_cv"": ""protocol_dependent"", ""whitespace_ratio"": ""direct""}","{""rhythm_periodicity"": ""MEASURE_SEQUENCE_TOO_SHORT""}",0.05002927780151367,0.9499707221984863,0.33774022211492033,3.824561403508772,4,1,0.9241228103637695,0.9512052536010742,0.6846963993140502,0.5142398913090098,0.4875439066386927,0.21052631578947367,0.05635922247090881,,0.23093019888811078,0.20491485503563095,0.0015233516337457144
feat_074e372e379338840dfe,stim_a796baa4c9fbbecc,render_551362ca0ff22f33,1.1.0,raster_grayscale,ink_area_matched,density|geometry|layout|proportion|reading_rhythm|stroke_gesture|uniformity|visual_center,protocol_dependent,valid,,4d800e346b040f885277c164e937c2514144ed6292066deb66bb1fc465b2de05,"{""bbox_aspect_ratio"": 1090, ""bbox_fill_ratio"": 112372, ""ink_coverage_ratio"": 112372, ""whitespace_ratio"": 1984780}","{""bbox_aspect_ratio"": 285, ""bbox_fill_ratio"": 310650, ""ink_coverage_ratio"": 2097152, ""whitespace_ratio"": 2097152}","{""bbox_aspect_ratio"": ""ratio"", ""bbox_fill_ratio"": ""ratio"", ""centroid_x_norm"": ""ratio"", ""centroid_y_norm"": ""ratio"", ""closure_count"": ""count"", ""connected_component_count"": ""count"", ""ink_coverage_ratio"": ""ratio"", ""inter_glyph_spacing_mean_norm"": ""ratio"", ""inter_glyph_spacing_sd_norm"": ""ratio"", ""rhythm_periodicity"": ""ratio"", ""straight_curve_ratio"": ""ratio"", ""symmetry_horizontal"": ""ratio"", ""symmetry_vertical"": ""ratio"", ""unit_area_cv"": ""ratio"", ""unit_height_cv"": ""ratio"", ""unit_width_cv"": ""ratio"", ""whitespace_ratio"": ""ratio""}","{""bbox_aspect_ratio"": ""direct"", ""bbox_fill_ratio"": ""direct"", ""centroid_x_norm"": ""direct"", ""centroid_y_norm"": ""direct"", ""closure_count"": ""direct"", ""connected_component_count"": ""direct"", ""ink_coverage_ratio"": ""direct"", ""inter_glyph_spacing_mean_norm"": ""protocol_dependent"", ""inter_glyph_spacing_sd_norm"": ""protocol_dependent"", ""rhythm_periodicity"": ""protocol_dependent"", ""straight_curve_ratio"": ""protocol_dependent"", ""symmetry_horizontal"": ""direct"", ""symmetry_vertical"": ""direct"", ""unit_area_cv"": ""protocol_dependent"", ""unit_height_cv"": ""protocol_dependent"", ""unit_width_cv"": ""protocol_dependent"", ""whitespace_ratio"": ""direct""}","{""rhythm_periodicity"": ""MEASURE_SEQUENCE_TOO_SHORT""}",0.05358314514160156,0.9464168548583984,0.3617318525671978,3.824561403508772,91,175,0.9215564727783203,0.9487953186035156,0.5962535979337257,0.5137294709132947,0.4878152510467465,0.21052631578947367,0.05635922247090881,,0.22992726062242533,0.20491485503563095,0.0015233516337457144
feat_dffc54c1e2c2ef5fc342,stim_a7a5212ede6fae57,render_551362ca0ff22f33,1.1.0,raster_binary,ink_area_matched,density|geometry|layout|proportion|reading_rhythm|stroke_gesture|uniformity|visual_center,direct,valid,,4d800e346b040f885277c164e937c2514144ed6292066deb66bb1fc465b2de05,"{""bbox_aspect_ratio"": 565, ""bbox_fill_ratio"": 104863, ""ink_coverage_ratio"": 104863, ""whitespace_ratio"": 1992289}","{""bbox_aspect_ratio"": 632, ""bbox_fill_ratio"": 357080, ""ink_coverage_ratio"": 2097152, ""whitespace_ratio"": 2097152}","{""bbox_aspect_ratio"": ""ratio"", ""bbox_fill_ratio"": ""ratio"", ""centroid_x_norm"": ""ratio"", ""centroid_y_norm"": ""ratio"", ""closure_count"": ""count"", ""connected_component_count"": ""count"", ""ink_coverage_ratio"": ""ratio"", ""inter_glyph_spacing_mean_norm"": ""ratio"", ""inter_glyph_spacing_sd_norm"": ""ratio"", ""rhythm_periodicity"": ""ratio"", ""straight_curve_ratio"": ""ratio"", ""symmetry_horizontal"": ""ratio"", ""symmetry_vertical"": ""ratio"", ""unit_area_cv"": ""ratio"", ""unit_height_cv"": ""ratio"", ""unit_width_cv"": ""ratio"", ""whitespace_ratio"": ""ratio""}","{""bbox_aspect_ratio"": ""direct"", ""bbox_fill_ratio"": ""direct"", ""centroid_x_norm"": ""direct"", ""centroid_y_norm"": ""direct"", ""closure_count"": ""direct"", ""connected_component_count"": ""direct"", ""ink_coverage_ratio"": ""direct"", ""inter_glyph_spacing_mean_norm"": ""not_applicable"", ""inter_glyph_spacing_sd_norm"": ""not_applicable"", ""rhythm_periodicity"": ""not_applicable"", ""straight_curve_ratio"": ""protocol_dependent"", ""symmetry_horizontal"": ""direct"", ""symmetry_vertical"": ""direct"", ""unit_area_cv"": ""not_applicable"", ""unit_height_cv"": ""not_applicable"", ""unit_width_cv"": ""not_applicable"", ""whitespace_ratio"": ""direct""}","{""inter_glyph_spacing_mean_norm"": ""MEASURE_NOT_APPLICABLE"", ""inter_glyph_spacing_sd_norm"": ""MEASURE_NOT_APPLICABLE"", ""rhythm_periodicity"": ""MEASURE_NOT_APPLICABLE"", ""unit_area_cv"": ""MEASURE_NOT_APPLICABLE"", ""unit_height_cv"": ""MEASURE_NOT_APPLICABLE"", ""unit_width_cv"": ""MEASURE_NOT_APPLICABLE""}",0.0500025749206543,0.9499974250793457,0.2936680855830626,0.8939873417721519,2,1,0.9225015640258789,0.9689512252807617,0.9859872620427668,0.49085587508374023,0.46884036157593717,,,,,,
feat_6023214a79791ad97573,stim_a7a5212ede6fae57,render_551362ca0ff22f33,1.1.0,raster_grayscale,ink_area_matched,density|geometry|layout|proportion|reading_rhythm|stroke_gesture|uniformity|visual_center,direct,valid,,4d800e346b040f885277c164e937c2514144ed6292066deb66bb1fc465b2de05,"{""bbox_aspect_ratio"": 565, ""bbox_fill_ratio"": 109693, ""ink_coverage_ratio"": 109693, ""whitespace_ratio"": 1987459}","{""bbox_aspect_ratio"": 632, ""bbox_fill_ratio"": 357080, ""ink_coverage_ratio"": 2097152, ""whitespace_ratio"": 2097152}","{""bbox_aspect_ratio"": ""ratio"", ""bbox_fill_ratio"": ""ratio"", ""centroid_x_norm"": ""ratio"", ""centroid_y_norm"": ""ratio"", ""closure_count"": ""count"", ""connected_component_count"": ""count"", ""ink_coverage_ratio"": ""ratio"", ""inter_glyph_spacing_mean_norm"": ""ratio"", ""inter_glyph_spacing_sd_norm"": ""ratio"", ""rhythm_periodicity"": ""ratio"", ""straight_curve_ratio"": ""ratio"", ""symmetry_horizontal"": ""ratio"", ""symmetry_vertical"": ""ratio"", ""unit_area_cv"": ""ratio"", ""unit_height_cv"": ""ratio"", ""unit_width_cv"": ""ratio"", ""whitespace_ratio"": ""ratio""}","{""bbox_aspect_ratio"": ""direct"", ""bbox_fill_ratio"": ""direct"", ""centroid_x_norm"": ""direct"", ""centroid_y_norm"": ""direct"", ""closure_count"": ""direct"", ""connected_component_count"": ""direct"", ""ink_coverage_ratio"": ""direct"", ""inter_glyph_spacing_mean_norm"": ""not_applicable"", ""inter_glyph_spacing_sd_norm"": ""not_applicable"", ""rhythm_periodicity"": ""not_applicable"", ""straight_curve_ratio"": ""protocol_dependent"", ""symmetry_horizontal"": ""direct"", ""symmetry_vertical"": ""direct"", ""unit_area_cv"": ""not_applicable"", ""unit_height_cv"": ""not_applicable"", ""unit_width_cv"": ""not_applicable"", ""whitespace_ratio"": ""direct""}","{""inter_glyph_spacing_mean_norm"": ""MEASURE_NOT_APPLICABLE"", ""inter_glyph_spacing_sd_norm"": ""MEASURE_NOT_APPLICABLE"", ""rhythm_periodicity"": ""MEASURE_NOT_APPLICABLE"", ""unit_area_cv"": ""MEASURE_NOT_APPLICABLE"", ""unit_height_cv"": ""MEASURE_NOT_APPLICABLE"", ""unit_width_cv"": ""MEASURE_NOT_APPLICABLE""}",0.05230569839477539,0.9476943016052246,0.3071944662260558,0.8939873417721519,4,5,0.9205713272094727,0.9677762985229492,0.973766061697005,0.49149074451679914,0.4699955750082047,,,,,,
feat_d2812ebb797d2b31208a,stim_af0a2cd0a1e3da7a,render_551362ca0ff22f33,1.1.0,raster_binary,ink_area_matched,density|geometry|layout|proportion|reading_rhythm|stroke_gesture|uniformity|visual_center,protocol_dependent,valid,,4d800e346b040f885277c164e937c2514144ed6292066deb66bb1fc465b2de05,"{""bbox_aspect_ratio"": 1368, ""bbox_fill_ratio"": 104853, ""ink_coverage_ratio"": 104853, ""whitespace_ratio"": 1992299}","{""bbox_aspect_ratio"": 323, ""bbox_fill_ratio"": 441864, ""ink_coverage_ratio"": 2097152, ""whitespace_ratio"": 2097152}","{""bbox_aspect_ratio"": ""ratio"", ""bbox_fill_ratio"": ""ratio"", ""centroid_x_norm"": ""ratio"", ""centroid_y_norm"": ""ratio"", ""closure_count"": ""count"", ""connected_component_count"": ""count"", ""ink_coverage_ratio"": ""ratio"", ""inter_glyph_spacing_mean_norm"": ""ratio"", ""inter_glyph_spacing_sd_norm"": ""ratio"", ""rhythm_periodicity"": ""ratio"", ""straight_curve_ratio"": ""ratio"", ""symmetry_horizontal"": ""ratio"", ""symmetry_vertical"": ""ratio"", ""unit_area_cv"": ""ratio"", ""unit_height_cv"": ""ratio"", ""unit_width_cv"": ""ratio"", ""whitespace_ratio"": ""ratio""}","{""bbox_aspect_ratio"": ""direct"", ""bbox_fill_ratio"": ""direct"", ""centroid_x_norm"": ""direct"", ""centroid_y_norm"": ""direct"", ""closure_count"": ""direct"", ""connected_component_count"": ""direct"", ""ink_coverage_ratio"": ""direct"", ""inter_glyph_spacing_mean_norm"": ""protocol_dependent"", ""inter_glyph_spacing_sd_norm"": ""protocol_dependent"", ""rhythm_periodicity"": ""protocol_dependent"", ""straight_curve_ratio"": ""protocol_dependent"", ""symmetry_horizontal"": ""direct"", ""symmetry_vertical"": ""direct"", ""unit_area_cv"": ""protocol_dependent"", ""unit_height_cv"": ""protocol_dependent"", ""unit_width_cv"": ""protocol_dependent"", ""whitespace_ratio"": ""direct""}","{""rhythm_periodicity"": ""MEASURE_SEQUENCE_TOO_SHORT""}",0.049997806549072266,0.9500021934509277,0.23729699636087123,4.235294117647059,6,5,0.9260129928588867,0.938511848449707,0.7098566875404819,0.4707531438731486,0.4920955371746636,0.11248710010319916,0.023487733078928878,,0.2183466490274094,0.05154266745959531,0.022842977512727097
feat_9753cdf51cb446318d43,stim_af0a2cd0a1e3da7a,render_551362ca0ff22f33,1.1.0,raster_grayscale,ink_area_matched,density|geometry|layout|proportion|reading_rhythm|stroke_gesture|uniformity|visual_center,protocol_dependent,valid,,4d800e346b040f885277c164e937c2514144ed6292066deb66bb1fc465b2de05,"{""bbox_aspect_ratio"": 1368, ""bbox_fill_ratio"": 115828, ""ink_coverage_ratio"": 115828, ""whitespace_ratio"": 1981324}","{""bbox_aspect_ratio"": 323, ""bbox_fill_ratio"": 441864, ""ink_coverage_ratio"": 2097152, ""whitespace_ratio"": 2097152}","{""bbox_aspect_ratio"": ""ratio"", ""bbox_fill_ratio"": ""ratio"", ""centroid_x_norm"": ""ratio"", ""centroid_y_norm"": ""ratio"", ""closure_count"": ""count"", ""connected_component_count"": ""count"", ""ink_coverage_ratio"": ""ratio"", ""inter_glyph_spacing_mean_norm"": ""ratio"", ""inter_glyph_spacing_sd_norm"": ""ratio"", ""rhythm_periodicity"": ""ratio"", ""straight_curve_ratio"": ""ratio"", ""symmetry_horizontal"": ""ratio"", ""symmetry_vertical"": ""ratio"", ""unit_area_cv"": ""ratio"", ""unit_height_cv"": ""ratio"", ""unit_width_cv"": ""ratio"", ""whitespace_ratio"": ""ratio""}","{""bbox_aspect_ratio"": ""direct"", ""bbox_fill_ratio"": ""direct"", ""centroid_x_norm"": ""direct"", ""centroid_y_norm"": ""direct"", ""closure_count"": ""direct"", ""connected_component_count"": ""direct"", ""ink_coverage_ratio"": ""direct"", ""inter_glyph_spacing_mean_norm"": ""protocol_dependent"", ""inter_glyph_spacing_sd_norm"": ""protocol_dependent"", ""rhythm_periodicity"": ""protocol_dependent"", ""straight_curve_ratio"": ""protocol_dependent"", ""symmetry_horizontal"": ""direct"", ""symmetry_vertical"": ""direct"", ""unit_area_cv"": ""protocol_dependent"", ""unit_height_cv"": ""protocol_dependent"", ""unit_width_cv"": ""protocol_dependent"", ""whitespace_ratio"": ""direct""}","{""rhythm_periodicity"": ""MEASURE_SEQUENCE_TOO_SHORT""}",0.05523109436035156,0.9447689056396484,0.26213495555193456,4.235294117647059,76,1250,0.9213275909423828,0.9338359832763672,0.43387317185632146,0.469817454443496,0.4915224008065839,0.11248710010319916,0.023487733078928878,,0.21180853717320355,0.05154266745959531,0.022842977512727097
feat_80f97cb2cb80b07c41bf,stim_b00f9a8901e2d27f,render_551362ca0ff22f33,1.1.0,raster_binary,bbox_height_matched,density|geometry|layout|proportion|reading_rhythm|stroke_gesture|uniformity|visual_center,direct,valid,,4d800e346b040f885277c164e937c2514144ed6292066deb66bb1fc465b2de05,"{""bbox_aspect_ratio"": 285, ""bbox_fill_ratio"": 28160, ""ink_coverage_ratio"": 28160, ""whitespace_ratio"": 2068992}","{""bbox_aspect_ratio"": 320, ""bbox_fill_ratio"": 91200, ""ink_coverage_ratio"": 2097152, ""whitespace_ratio"": 2097152}","{""bbox_aspect_ratio"": ""ratio"", ""bbox_fill_ratio"": ""ratio"", ""centroid_x_norm"": ""ratio"", ""centroid_y_norm"": ""ratio"", ""closure_count"": ""count"", ""connected_component_count"": ""count"", ""ink_coverage_ratio"": ""ratio"", ""inter_glyph_spacing_mean_norm"": ""ratio"", ""inter_glyph_spacing_sd_norm"": ""ratio"", ""rhythm_periodicity"": ""ratio"", ""straight_curve_ratio"": ""ratio"", ""symmetry_horizontal"": ""ratio"", ""symmetry_vertical"": ""ratio"", ""unit_area_cv"": ""ratio"", ""unit_height_cv"": ""ratio"", ""unit_width_cv"": ""ratio"", ""whitespace_ratio"": ""ratio""}","{""bbox_aspect_ratio"": ""direct"", ""bbox_fill_ratio"": ""direct"", ""centroid_x_norm"": ""direct"", ""centroid_y_norm"": ""direct"", ""closure_count"": ""direct"", ""connected_component_count"": ""direct"", ""ink_coverage_ratio"": ""direct"", ""inter_glyph_spacing_mean_norm"": ""not_applicable"", ""inter_glyph_spacing_sd_norm"": ""not_applicable"", ""rhythm_periodicity"": ""not_applicable"", ""straight_curve_ratio"": ""protocol_dependent"", ""symmetry_horizontal"": ""direct"", ""symmetry_vertical"": ""direct"", ""unit_area_cv"": ""not_applicable"", ""unit_height_cv"": ""not_applicable"", ""unit_width_cv"": ""not_applicable"", ""whitespace_ratio"": ""direct""}","{""inter_glyph_spacing_mean_norm"": ""MEASURE_NOT_APPLICABLE"", ""inter_glyph_spacing_sd_norm"": ""MEASURE_NOT_APPLICABLE"", ""rhythm_periodicity"": ""MEASURE_NOT_APPLICABLE"", ""unit_area_cv"": ""MEASURE_NOT_APPLICABLE"", ""unit_height_cv"": ""MEASURE_NOT_APPLICABLE"", ""unit_width_cv"": ""MEASURE_NOT_APPLICABLE""}",0.013427734375,0.986572265625,0.3087719298245614,0.890625,1,1,0.9994163513183594,0.9812355041503906,0.3646947625904964,0.5002457011829723,0.5134754180908203,,,,,,
feat_714659f9a5663265e9f7,stim_b00f9a8901e2d27f,render_551362ca0ff22f33,1.1.0,raster_grayscale,bbox_height_matched,density|geometry|layout|proportion|reading_rhythm|stroke_gesture|uniformity|visual_center,direct,valid,,4d800e346b040f885277c164e937c2514144ed6292066deb66bb1fc465b2de05,"{""bbox_aspect_ratio"": 285, ""bbox_fill_ratio"": 30228, ""ink_coverage_ratio"": 30228, ""whitespace_ratio"": 2066924}","{""bbox_aspect_ratio"": 320, ""bbox_fill_ratio"": 91200, ""ink_coverage_ratio"": 2097152, ""whitespace_ratio"": 2097152}","{""bbox_aspect_ratio"": ""ratio"", ""bbox_fill_ratio"": ""ratio"", ""centroid_x_norm"": ""ratio"", ""centroid_y_norm"": ""ratio"", ""closure_count"": ""count"", ""connected_component_count"": ""count"", ""ink_coverage_ratio"": ""ratio"", ""inter_glyph_spacing_mean_norm"": ""ratio"", ""inter_glyph_spacing_sd_norm"": ""ratio"", ""rhythm_periodicity"": ""ratio"", ""straight_curve_ratio"": ""ratio"", ""symmetry_horizontal"": ""ratio"", ""symmetry_vertical"": ""ratio"", ""unit_area_cv"": ""ratio"", ""unit_height_cv"": ""ratio"", ""unit_width_cv"": ""ratio"", ""whitespace_ratio"": ""ratio""}","{""bbox_aspect_ratio"": ""direct"", ""bbox_fill_ratio"": ""direct"", ""centroid_x_norm"": ""direct"", ""centroid_y_norm"": ""direct"", ""closure_count"": ""direct"", ""connected_component_count"": ""direct"", ""ink_coverage_ratio"": ""direct"", ""inter_glyph_spacing_mean_norm"": ""not_applicable"", ""inter_glyph_spacing_sd_norm"": ""not_applicable"", ""rhythm_periodicity"": ""not_applicable"", ""straight_curve_ratio"": ""protocol_dependent"", ""symmetry_horizontal"": ""direct"", ""symmetry_vertical"": ""direct"", ""unit_area_cv"": ""not_applicable"", ""unit_height_cv"": ""not_applicable"", ""unit_width_cv"": ""not_applicable"", ""whitespace_ratio"": ""direct""}","{""inter_glyph_spacing_mean_norm"": ""MEASURE_NOT_APPLICABLE"", ""inter_glyph_spacing_sd_norm"": ""MEASURE_NOT_APPLICABLE"", ""rhythm_periodicity"": ""MEASURE_NOT_APPLICABLE"", ""unit_area_cv"": ""MEASURE_NOT_APPLICABLE"", ""unit_height_cv"": ""MEASURE_NOT_APPLICABLE"", ""unit_width_cv"": ""MEASURE_NOT_APPLICABLE""}",0.014413833618164062,0.9855861663818359,0.33144736842105266,0.890625,26,132,0.9990272521972656,0.9803905487060547,0.49230920899538244,0.5002272119909521,0.5135988298824765,,,,,,
feat_0fc503a3793b120cf876,stim_b06dd53d8d6fce5d,render_551362ca0ff22f33,1.1.0,raster_binary,bbox_height_matched,density|geometry|layout|proportion|reading_rhythm|stroke_gesture|uniformity|visual_center,direct,valid,,4d800e346b040f885277c164e937c2514144ed6292066deb66bb1fc465b2de05,"{""bbox_aspect_ratio"": 322, ""bbox_fill_ratio"": 30827, ""ink_coverage_ratio"": 30827, ""whitespace_ratio"": 2066325}","{""bbox_aspect_ratio"": 320, ""bbox_fill_ratio"": 103040, ""ink_coverage_ratio"": 2097152, ""whitespace_ratio"": 2097152}","{""bbox_aspect_ratio"": ""ratio"", ""bbox_fill_ratio"": ""ratio"", ""centroid_x_norm"": ""ratio"", ""centroid_y_norm"": ""ratio"", ""closure_count"": ""count"", ""connected_component_count"": ""count"", ""ink_coverage_ratio"": ""ratio"", ""inter_glyph_spacing_mean_norm"": ""ratio"", ""inter_glyph_spacing_sd_norm"": ""ratio"", ""rhythm_periodicity"": ""ratio"", ""straight_curve_ratio"": ""ratio"", ""symmetry_horizontal"": ""ratio"", ""symmetry_vertical"": ""ratio"", ""unit_area_cv"": ""ratio"", ""unit_height_cv"": ""ratio"", ""unit_width_cv"": ""ratio"", ""whitespace_ratio"": ""ratio""}","{""bbox_aspect_ratio"": ""direct"", ""bbox_fill_ratio"": ""direct"", ""centroid_x_norm"": ""direct"", ""centroid_y_norm"": ""direct"", ""closure_count"": ""direct"", ""connected_component_count"": ""direct"", ""ink_coverage_ratio"": ""direct"", ""inter_glyph_spacing_mean_norm"": ""not_applicable"", ""inter_glyph_spacing_sd_norm"": ""not_applicable"", ""rhythm_periodicity"": ""not_applicable"", ""straight_curve_ratio"": ""protocol_dependent"", ""symmetry_horizontal"": ""direct"", ""symmetry_vertical"": ""direct"", ""unit_area_cv"": ""not_applicable"", ""unit_height_cv"": ""not_applicable"", ""unit_width_cv"": ""not_applicable"", ""whitespace_ratio"": ""direct""}","{""inter_glyph_spacing_mean_norm"": ""MEASURE_NOT_APPLICABLE"", ""inter_glyph_spacing_sd_norm"": ""MEASURE_NOT_APPLICABLE"", ""rhythm_periodicity"": ""MEASURE_NOT_APPLICABLE"", ""unit_area_cv"": ""MEASURE_NOT_APPLICABLE"", ""unit_height_cv"": ""MEASURE_NOT_APPLICABLE"", ""unit_width_cv"": ""MEASURE_NOT_APPLICABLE""}",0.014699459075927734,0.9853005409240723,0.29917507763975154,1.00625,1,0,0.9975252151489258,0.9848489761352539,0.9753698944118001,0.5010183785216693,0.5492694424226328,,,,,,
feat_69cc4a5272c320f97081,stim_b06dd53d8d6fce5d,render_551362ca0ff22f33,1.1.0,raster_grayscale,bbox_height_matched,density|geometry|layout|proportion|reading_rhythm|stroke_gesture|uniformity|visual_center,direct,valid,,4d800e346b040f885277c164e937c2514144ed6292066deb66bb1fc465b2de05,"{""bbox_aspect_ratio"": 322, ""bbox_fill_ratio"": 33341, ""ink_coverage_ratio"": 33341, ""whitespace_ratio"": 2063811}","{""bbox_aspect_ratio"": 320, ""bbox_fill_ratio"": 103040, ""ink_coverage_ratio"": 2097152, ""whitespace_ratio"": 2097152}","{""bbox_aspect_ratio"": ""ratio"", ""bbox_fill_ratio"": ""ratio"", ""centroid_x_norm"": ""ratio"", ""centroid_y_norm"": ""ratio"", ""closure_count"": ""count"", ""connected_component_count"": ""count"", ""ink_coverage_ratio"": ""ratio"", ""inter_glyph_spacing_mean_norm"": ""ratio"", ""inter_glyph_spacing_sd_norm"": ""ratio"", ""rhythm_periodicity"": ""ratio"", ""straight_curve_ratio"": ""ratio"", ""symmetry_horizontal"": ""ratio"", ""symmetry_vertical"": ""ratio"", ""unit_area_cv"": ""ratio"", ""unit_height_cv"": ""ratio"", ""unit_width_cv"": ""ratio"", ""whitespace_ratio"": ""ratio""}","{""bbox_aspect_ratio"": ""direct"", ""bbox_fill_ratio"": ""direct"", ""centroid_x_norm"": ""direct"", ""centroid_y_norm"": ""direct"", ""closure_count"": ""direct"", ""connected_component_count"": ""direct"", ""ink_coverage_ratio"": ""direct"", ""inter_glyph_spacing_mean_norm"": ""not_applicable"", ""inter_glyph_spacing_sd_norm"": ""not_applicable"", ""rhythm_periodicity"": ""not_applicable"", ""straight_curve_ratio"": ""protocol_dependent"", ""symmetry_horizontal"": ""direct"", ""symmetry_vertical"": ""direct"", ""unit_area_cv"": ""not_applicable"", ""unit_height_cv"": ""not_applicable"", ""unit_width_cv"": ""not_applicable"", ""whitespace_ratio"": ""direct""}","{""inter_glyph_spacing_mean_norm"": ""MEASURE_NOT_APPLICABLE"", ""inter_glyph_spacing_sd_norm"": ""MEASURE_NOT_APPLICABLE"", ""rhythm_periodicity"": ""MEASURE_NOT_APPLICABLE"", ""unit_area_cv"": ""MEASURE_NOT_APPLICABLE"", ""unit_height_cv"": ""MEASURE_NOT_APPLICABLE"", ""unit_width_cv"": ""MEASURE_NOT_APPLICABLE""}",0.01589822769165039,0.9841017723083496,0.3235733695652174,1.00625,1,2,0.9975976943969727,0.9840192794799805,0.9646583631413169,0.5007356364676749,0.5497035779426982,,,,,,
feat_d26b11d5ea2f179dd835,stim_ba044c32488661a5,render_551362ca0ff22f33,1.1.0,raster_binary,bbox_height_matched,density|geometry|layout|proportion|reading_rhythm|stroke_gesture|uniformity|visual_center,direct,valid,,4d800e346b040f885277c164e937c2514144ed6292066deb66bb1fc465b2de05,"{""bbox_aspect_ratio"": 352, ""bbox_fill_ratio"": 34439, ""ink_coverage_ratio"": 34439, ""whitespace_ratio"": 2062713}","{""bbox_aspect_ratio"": 320, ""bbox_fill_ratio"": 112640, ""ink_coverage_ratio"": 2097152, ""whitespace_ratio"": 2097152}","{""bbox_aspect_ratio"": ""ratio"", ""bbox_fill_ratio"": ""ratio"", ""centroid_x_norm"": ""ratio"", ""centroid_y_norm"": ""ratio"", ""closure_count"": ""count"", ""connected_component_count"": ""count"", ""ink_coverage_ratio"": ""ratio"", ""inter_glyph_spacing_mean_norm"": ""ratio"", ""inter_glyph_spacing_sd_norm"": ""ratio"", ""rhythm_periodicity"": ""ratio"", ""straight_curve_ratio"": ""ratio"", ""symmetry_horizontal"": ""ratio"", ""symmetry_vertical"": ""ratio"", ""unit_area_cv"": ""ratio"", ""unit_height_cv"": ""ratio"", ""unit_width_cv"": ""ratio"", ""whitespace_ratio"": ""ratio""}","{""bbox_aspect_ratio"": ""direct"", ""bbox_fill_ratio"": ""direct"", ""centroid_x_norm"": ""direct"", ""centroid_y_norm"": ""direct"", ""closure_count"": ""direct"", ""connected_component_count"": ""direct"", ""ink_coverage_ratio"": ""direct"", ""inter_glyph_spacing_mean_norm"": ""not_applicable"", ""inter_glyph_spacing_sd_norm"": ""not_applicable"", ""rhythm_periodicity"": ""not_applicable"", ""straight_curve_ratio"": ""protocol_dependent"", ""symmetry_horizontal"": ""direct"", ""symmetry_vertical"": ""direct"", ""unit_area_cv"": ""not_applicable"", ""unit_height_cv"": ""not_applicable"", ""unit_width_cv"": ""not_applicable"", ""whitespace_ratio"": ""direct""}","{""inter_glyph_spacing_mean_norm"": ""MEASURE_NOT_APPLICABLE"", ""inter_glyph_spacing_sd_norm"": ""MEASURE_NOT_APPLICABLE"", ""rhythm_periodicity"": ""MEASURE_NOT_APPLICABLE"", ""unit_area_cv"": ""MEASURE_NOT_APPLICABLE"", ""unit_height_cv"": ""MEASURE_NOT_APPLICABLE"", ""unit_width_cv"": ""MEASURE_NOT_APPLICABLE""}",0.016421794891357422,0.9835782051086426,0.3057439630681818,1.1,1,1,0.9798116683959961,0.9824113845825195,0.6197904999394284,0.4969157139707163,0.5156785366880572,,,,,,
feat_ff5a3456a4e1cda76623,stim_ba044c32488661a5,render_551362ca0ff22f33,1.1.0,raster_grayscale,bbox_height_matched,density|geometry|layout|proportion|reading_rhythm|stroke_gesture|uniformity|visual_center,direct,valid,,4d800e346b040f885277c164e937c2514144ed6292066deb66bb1fc465b2de05,"{""bbox_aspect_ratio"": 352, ""bbox_fill_ratio"": 37576, ""ink_coverage_ratio"": 37576, ""whitespace_ratio"": 2059576}","{""bbox_aspect_ratio"": 320, ""bbox_fill_ratio"": 112640, ""ink_coverage_ratio"": 2097152, ""whitespace_ratio"": 2097152}","{""bbox_aspect_ratio"": ""ratio"", ""bbox_fill_ratio"": ""ratio"", ""centroid_x_norm"": ""ratio"", ""centroid_y_norm"": ""ratio"", ""closure_count"": ""count"", ""connected_component_count"": ""count"", ""ink_coverage_ratio"": ""ratio"", ""inter_glyph_spacing_mean_norm"": ""ratio"", ""inter_glyph_spacing_sd_norm"": ""ratio"", ""rhythm_periodicity"": ""ratio"", ""straight_curve_ratio"": ""ratio"", ""symmetry_horizontal"": ""ratio"", ""symmetry_vertical"": ""ratio"", ""unit_area_cv"": ""ratio"", ""unit_height_cv"": ""ratio"", ""unit_width_cv"": ""ratio"", ""whitespace_ratio"": ""ratio""}","{""bbox_aspect_ratio"": ""direct"", ""bbox_fill_ratio"": ""direct"", ""centroid_x_norm"": ""direct"", ""centroid_y_norm"": ""direct"", ""closure_count"": ""direct"", ""connected_component_count"": ""direct"", ""ink_coverage_ratio"": ""direct"", ""inter_glyph_spacing_mean_norm"": ""not_applicable"", ""inter_glyph_spacing_sd_norm"": ""not_applicable"", ""rhythm_periodicity"": ""not_applicable"", ""straight_curve_ratio"": ""protocol_dependent"", ""symmetry_horizontal"": ""direct"", ""symmetry_vertical"": ""direct"", ""unit_area_cv"": ""not_applicable"", ""unit_height_cv"": ""not_applicable"", ""unit_width_cv"": ""not_applicable"", ""whitespace_ratio"": ""direct""}","{""inter_glyph_spacing_mean_norm"": ""MEASURE_NOT_APPLICABLE"", ""inter_glyph_spacing_sd_norm"": ""MEASURE_NOT_APPLICABLE"", ""rhythm_periodicity"": ""MEASURE_NOT_APPLICABLE"", ""unit_area_cv"": ""MEASURE_NOT_APPLICABLE"", ""unit_height_cv"": ""MEASURE_NOT_APPLICABLE"", ""unit_width_cv"": ""MEASURE_NOT_APPLICABLE""}",0.017917633056640625,0.9820823669433594,0.33359375,1.1,93,488,0.979095458984375,0.9814548492431641,0.37555289242061074,0.4969271521175418,0.5157539314073478,,,,,,
feat_7e7893d127340eca5eb8,stim_bb35abe338a0a0d9,render_551362ca0ff22f33,1.1.0,raster_binary,ink_area_matched,density|geometry|layout|proportion|reading_rhythm|stroke_gesture|uniformity|visual_center,protocol_dependent,valid,,4d800e346b040f885277c164e937c2514144ed6292066deb66bb1fc465b2de05,"{""bbox_aspect_ratio"": 1923, ""bbox_fill_ratio"": 104988, ""ink_coverage_ratio"": 104988, ""whitespace_ratio"": 1992164}","{""bbox_aspect_ratio"": 321, ""bbox_fill_ratio"": 617283, ""ink_coverage_ratio"": 2097152, ""whitespace_ratio"": 2097152}","{""bbox_aspect_ratio"": ""ratio"", ""bbox_fill_ratio"": ""ratio"", ""centroid_x_norm"": ""ratio"", ""centroid_y_norm"": ""ratio"", ""closure_count"": ""count"", ""connected_component_count"": ""count"", ""ink_coverage_ratio"": ""ratio"", ""inter_glyph_spacing_mean_norm"": ""ratio"", ""inter_glyph_spacing_sd_norm"": ""ratio"", ""rhythm_periodicity"": ""ratio"", ""straight_curve_ratio"": ""ratio"", ""symmetry_horizontal"": ""ratio"", ""symmetry_vertical"": ""ratio"", ""unit_area_cv"": ""ratio"", ""unit_height_cv"": ""ratio"", ""unit_width_cv"": ""ratio"", ""whitespace_ratio"": ""ratio""}","{""bbox_aspect_ratio"": ""direct"", ""bbox_fill_ratio"": ""direct"", ""centroid_x_norm"": ""direct"", ""centroid_y_norm"": ""direct"", ""closure_count"": ""direct"", ""connected_component_count"": ""direct"", ""ink_coverage_ratio"": ""direct"", ""inter_glyph_spacing_mean_norm"": ""protocol_dependent"", ""inter_glyph_spacing_sd_norm"": ""protocol_dependent"", ""rhythm_periodicity"": ""protocol_dependent"", ""straight_curve_ratio"": ""protocol_dependent"", ""symmetry_horizontal"": ""direct"", ""symmetry_vertical"": ""direct"", ""unit_area_cv"": ""protocol_dependent"", ""unit_height_cv"": ""protocol_dependent"", ""unit_width_cv"": ""protocol_dependent"", ""whitespace_ratio"": ""direct""}","{""rhythm_periodicity"": ""MEASURE_SEQUENCE_TOO_SHORT""}",0.05006217956542969,0.9499378204345703,0.17008082192446577,5.990654205607477,20,2,0.9159049987792969,0.9457817077636719,0.6607986977268379,0.5030442420726059,0.5131903188489398,0.2004153686396677,0.04993069690621518,,0.08161368067342677,0.14187660800908555,0.04118616144975288
feat_73320e7c28a8f093d26b,stim_bb35abe338a0a0d9,render_551362ca0ff22f33,1.1.0,raster_grayscale,ink_area_matched,density|geometry|layout|proportion|reading_rhythm|stroke_gesture|uniformity|visual_center,protocol_dependent,valid,,4d800e346b040f885277c164e937c2514144ed6292066deb66bb1fc465b2de05,"{""bbox_aspect_ratio"": 1923, ""bbox_fill_ratio"": 120854, ""ink_coverage_ratio"": 120854, ""whitespace_ratio"": 1976298}","{""bbox_aspect_ratio"": 321, ""bbox_fill_ratio"": 617283, ""ink_coverage_ratio"": 2097152, ""whitespace_ratio"": 2097152}","{""bbox_aspect_ratio"": ""ratio"", ""bbox_fill_ratio"": ""ratio"", ""centroid_x_norm"": ""ratio"", ""centroid_y_norm"": ""ratio"", ""closure_count"": ""count"", ""connected_component_count"": ""count"", ""ink_coverage_ratio"": ""ratio"", ""inter_glyph_spacing_mean_norm"": ""ratio"", ""inter_glyph_spacing_sd_norm"": ""ratio"", ""rhythm_periodicity"": ""ratio"", ""straight_curve_ratio"": ""ratio"", ""symmetry_horizontal"": ""ratio"", ""symmetry_vertical"": ""ratio"", ""unit_area_cv"": ""ratio"", ""unit_height_cv"": ""ratio"", ""unit_width_cv"": ""ratio"", ""whitespace_ratio"": ""ratio""}","{""bbox_aspect_ratio"": ""direct"", ""bbox_fill_ratio"": ""direct"", ""centroid_x_norm"": ""direct"", ""centroid_y_norm"": ""direct"", ""closure_count"": ""direct"", ""connected_component_count"": ""direct"", ""ink_coverage_ratio"": ""direct"", ""inter_glyph_spacing_mean_norm"": ""protocol_dependent"", ""inter_glyph_spacing_sd_norm"": ""protocol_dependent"", ""rhythm_periodicity"": ""protocol_dependent"", ""straight_curve_ratio"": ""protocol_dependent"", ""symmetry_horizontal"": ""direct"", ""symmetry_vertical"": ""direct"", ""unit_area_cv"": ""protocol_dependent"", ""unit_height_cv"": ""protocol_dependent"", ""unit_width_cv"": ""protocol_dependent"", ""whitespace_ratio"": ""direct""}","{""rhythm_periodicity"": ""MEASURE_SEQUENCE_TOO_SHORT""}",0.05762767791748047,0.9423723220825195,0.19578378150702352,5.990654205607477,404,2065,0.90557861328125,0.9394969940185547,0.3271227029868211,0.5045730823387621,0.5130422978733638,0.2004153686396677,0.04993069690621518,,0.08910980405112712,0.14187660800908555,0.04118616144975288
feat_b85d79e42239547a64e1,stim_c36628fc59fc54ee,render_551362ca0ff22f33,1.1.0,raster_binary,bbox_height_matched,density|geometry|layout|proportion|reading_rhythm|stroke_gesture|uniformity|visual_center,direct,valid,,4d800e346b040f885277c164e937c2514144ed6292066deb66bb1fc465b2de05,"{""bbox_aspect_ratio"": 440, ""bbox_fill_ratio"": 29199, ""ink_coverage_ratio"": 29199, ""whitespace_ratio"": 2067953}","{""bbox_aspect_ratio"": 320, ""bbox_fill_ratio"": 140800, ""ink_coverage_ratio"": 2097152, ""whitespace_ratio"": 2097152}","{""bbox_aspect_ratio"": ""ratio"", ""bbox_fill_ratio"": ""ratio"", ""centroid_x_norm"": ""ratio"", ""centroid_y_norm"": ""ratio"", ""closure_count"": ""count"", ""connected_component_count"": ""count"", ""ink_coverage_ratio"": ""ratio"", ""inter_glyph_spacing_mean_norm"": ""ratio"", ""inter_glyph_spacing_sd_norm"": ""ratio"", ""rhythm_periodicity"": ""ratio"", ""straight_curve_ratio"": ""ratio"", ""symmetry_horizontal"": ""ratio"", ""symmetry_vertical"": ""ratio"", ""unit_area_cv"": ""ratio"", ""unit_height_cv"": ""ratio"", ""unit_width_cv"": ""ratio"", ""whitespace_ratio"": ""ratio""}","{""bbox_aspect_ratio"": ""direct"", ""bbox_fill_ratio"": ""direct"", ""centroid_x_norm"": ""direct"", ""centroid_y_norm"": ""direct"", ""closure_count"": ""direct"", ""connected_component_count"": ""direct"", ""ink_coverage_ratio"": ""direct"", ""inter_glyph_spacing_mean_norm"": ""not_applicable"", ""inter_glyph_spacing_sd_norm"": ""not_applicable"", ""rhythm_periodicity"": ""not_applicable"", ""straight_curve_ratio"": ""protocol_dependent"", ""symmetry_horizontal"": ""direct"", ""symmetry_vertical"": ""direct"", ""unit_area_cv"": ""not_applicable"", ""unit_height_cv"": ""not_applicable"", ""unit_width_cv"": ""not_applicable"", ""whitespace_ratio"": ""direct""}","{""inter_glyph_spacing_mean_norm"": ""MEASURE_NOT_APPLICABLE"", ""inter_glyph_spacing_sd_norm"": ""MEASURE_NOT_APPLICABLE"", ""rhythm_periodicity"": ""MEASURE_NOT_APPLICABLE"", ""unit_area_cv"": ""MEASURE_NOT_APPLICABLE"", ""unit_height_cv"": ""MEASURE_NOT_APPLICABLE"", ""unit_width_cv"": ""MEASURE_NOT_APPLICABLE""}",0.013923168182373047,0.986076831817627,0.20737926136363635,1.375,4,0,0.9770059585571289,0.985713005065918,0.7445859544310836,0.4894186832704031,0.5260409977653344,,,,,,
feat_99397475c3354d71f89d,stim_c36628fc59fc54ee,render_551362ca0ff22f33,1.1.0,raster_grayscale,bbox_height_matched,density|geometry|layout|proportion|reading_rhythm|stroke_gesture|uniformity|visual_center,direct,valid,,4d800e346b040f885277c164e937c2514144ed6292066deb66bb1fc465b2de05,"{""bbox_aspect_ratio"": 440, ""bbox_fill_ratio"": 33343, ""ink_coverage_ratio"": 33343, ""whitespace_ratio"": 2063809}","{""bbox_aspect_ratio"": 320, ""bbox_fill_ratio"": 140800, ""ink_coverage_ratio"": 2097152, ""whitespace_ratio"": 2097152}","{""bbox_aspect_ratio"": ""ratio"", ""bbox_fill_ratio"": ""ratio"", ""centroid_x_norm"": ""ratio"", ""centroid_y_norm"": ""ratio"", ""closure_count"": ""count"", ""connected_component_count"": ""count"", ""ink_coverage_ratio"": ""ratio"", ""inter_glyph_spacing_mean_norm"": ""ratio"", ""inter_glyph_spacing_sd_norm"": ""ratio"", ""rhythm_periodicity"": ""ratio"", ""straight_curve_ratio"": ""ratio"", ""symmetry_horizontal"": ""ratio"", ""symmetry_vertical"": ""ratio"", ""unit_area_cv"": ""ratio"", ""unit_height_cv"": ""ratio"", ""unit_width_cv"": ""ratio"", ""whitespace_ratio"": ""ratio""}","{""bbox_aspect_ratio"": ""direct"", ""bbox_fill_ratio"": ""direct"", ""centroid_x_norm"": ""direct"", ""centroid_y_norm"": ""direct"", ""closure_count"": ""direct"", ""connected_component_count"": ""direct"", ""ink_coverage_ratio"": ""direct"", ""inter_glyph_spacing_mean_norm"": ""not_applicable"", ""inter_glyph_spacing_sd_norm"": ""not_applicable"", ""rhythm_periodicity"": ""not_applicable"", ""straight_curve_ratio"": ""protocol_dependent"", ""symmetry_horizontal"": ""direct"", ""symmetry_vertical"": ""direct"", ""unit_area_cv"": ""not_applicable"", ""unit_height_cv"": ""not_applicable"", ""unit_width_cv"": ""not_applicable"", ""whitespace_ratio"": ""direct""}","{""inter_glyph_spacing_mean_norm"": ""MEASURE_NOT_APPLICABLE"", ""inter_glyph_spacing_sd_norm"": ""MEASURE_NOT_APPLICABLE"", ""rhythm_periodicity"": ""MEASURE_NOT_APPLICABLE"", ""unit_area_cv"": ""MEASURE_NOT_APPLICABLE"", ""unit_height_cv"": ""MEASURE_NOT_APPLICABLE"", ""unit_width_cv"": ""MEASURE_NOT_APPLICABLE""}",0.015899181365966797,0.9841008186340332,0.23681107954545455,1.375,116,207,0.9741334915161133,0.9839048385620117,0.5010844473240951,0.4916077072024113,0.5246172067131781,,,,,,
feat_00d4b011f21ae90b266b,stim_c6922fb2c0493225,render_551362ca0ff22f33,1.1.0,raster_binary,ink_area_matched,density|geometry|layout|proportion|reading_rhythm|stroke_gesture|uniformity|visual_center,direct,valid,,4d800e346b040f885277c164e937c2514144ed6292066deb66bb1fc465b2de05,"{""bbox_aspect_ratio"": 554, ""bbox_fill_ratio"": 105035, ""ink_coverage_ratio"": 105035, ""whitespace_ratio"": 1992117}","{""bbox_aspect_ratio"": 639, ""bbox_fill_ratio"": 354006, ""ink_coverage_ratio"": 2097152, ""whitespace_ratio"": 2097152}","{""bbox_aspect_ratio"": ""ratio"", ""bbox_fill_ratio"": ""ratio"", ""centroid_x_norm"": ""ratio"", ""centroid_y_norm"": ""ratio"", ""closure_count"": ""count"", ""connected_component_count"": ""count"", ""ink_coverage_ratio"": ""ratio"", ""inter_glyph_spacing_mean_norm"": ""ratio"", ""inter_glyph_spacing_sd_norm"": ""ratio"", ""rhythm_periodicity"": ""ratio"", ""straight_curve_ratio"": ""ratio"", ""symmetry_horizontal"": ""ratio"", ""symmetry_vertical"": ""ratio"", ""unit_area_cv"": ""ratio"", ""unit_height_cv"": ""ratio"", ""unit_width_cv"": ""ratio"", ""whitespace_ratio"": ""ratio""}","{""bbox_aspect_ratio"": ""direct"", ""bbox_fill_ratio"": ""direct"", ""centroid_x_norm"": ""direct"", ""centroid_y_norm"": ""direct"", ""closure_count"": ""direct"", ""connected_component_count"": ""direct"", ""ink_coverage_ratio"": ""direct"", ""inter_glyph_spacing_mean_norm"": ""not_applicable"", ""inter_glyph_spacing_sd_norm"": ""not_applicable"", ""rhythm_periodicity"": ""not_applicable"", ""straight_curve_ratio"": ""protocol_dependent"", ""symmetry_horizontal"": ""direct"", ""symmetry_vertical"": ""direct"", ""unit_area_cv"": ""not_applicable"", ""unit_height_cv"": ""not_applicable"", ""unit_width_cv"": ""not_applicable"", ""whitespace_ratio"": ""direct""}","{""inter_glyph_spacing_mean_norm"": ""MEASURE_NOT_APPLICABLE"", ""inter_glyph_spacing_sd_norm"": ""MEASURE_NOT_APPLICABLE"", ""rhythm_periodicity"": ""MEASURE_NOT_APPLICABLE"", ""unit_area_cv"": ""MEASURE_NOT_APPLICABLE"", ""unit_height_cv"": ""MEASURE_NOT_APPLICABLE"", ""unit_width_cv"": ""MEASURE_NOT_APPLICABLE""}",0.050084590911865234,0.9499154090881348,0.2967040106664859,0.86697965571205,1,0,0.9953737258911133,0.9654703140258789,0.9875906946262848,0.5032755311101657,0.5658637689966439,,,,,,
feat_e68d5100a1f326cd8313,stim_c6922fb2c0493225,render_551362ca0ff22f33,1.1.0,raster_grayscale,ink_area_matched,density|geometry|layout|proportion|reading_rhythm|stroke_gesture|uniformity|visual_center,direct,valid,,4d800e346b040f885277c164e937c2514144ed6292066deb66bb1fc465b2de05,"{""bbox_aspect_ratio"": 554, ""bbox_fill_ratio"": 108903, ""ink_coverage_ratio"": 108903, ""whitespace_ratio"": 1988249}","{""bbox_aspect_ratio"": 639, ""bbox_fill_ratio"": 354006, ""ink_coverage_ratio"": 2097152, ""whitespace_ratio"": 2097152}","{""bbox_aspect_ratio"": ""ratio"", ""bbox_fill_ratio"": ""ratio"", ""centroid_x_norm"": ""ratio"", ""centroid_y_norm"": ""ratio"", ""closure_count"": ""count"", ""connected_component_count"": ""count"", ""ink_coverage_ratio"": ""ratio"", ""inter_glyph_spacing_mean_norm"": ""ratio"", ""inter_glyph_spacing_sd_norm"": ""ratio"", ""rhythm_periodicity"": ""ratio"", ""straight_curve_ratio"": ""ratio"", ""symmetry_horizontal"": ""ratio"", ""symmetry_vertical"": ""ratio"", ""unit_area_cv"": ""ratio"", ""unit_height_cv"": ""ratio"", ""unit_width_cv"": ""ratio"", ""whitespace_ratio"": ""ratio""}","{""bbox_aspect_ratio"": ""direct"", ""bbox_fill_ratio"": ""direct"", ""centroid_x_norm"": ""direct"", ""centroid_y_norm"": ""direct"", ""closure_count"": ""direct"", ""connected_component_count"": ""direct"", ""ink_coverage_ratio"": ""direct"", ""inter_glyph_spacing_mean_norm"": ""not_applicable"", ""inter_glyph_spacing_sd_norm"": ""not_applicable"", ""rhythm_periodicity"": ""not_applicable"", ""straight_curve_ratio"": ""protocol_dependent"", ""symmetry_horizontal"": ""direct"", ""symmetry_vertical"": ""direct"", ""unit_area_cv"": ""not_applicable"", ""unit_height_cv"": ""not_applicable"", ""unit_width_cv"": ""not_applicable"", ""whitespace_ratio"": ""direct""}","{""inter_glyph_spacing_mean_norm"": ""MEASURE_NOT_APPLICABLE"", ""inter_glyph_spacing_sd_norm"": ""MEASURE_NOT_APPLICABLE"", ""rhythm_periodicity"": ""MEASURE_NOT_APPLICABLE"", ""unit_area_cv"": ""MEASURE_NOT_APPLICABLE"", ""unit_height_cv"": ""MEASURE_NOT_APPLICABLE"", ""unit_width_cv"": ""MEASURE_NOT_APPLICABLE""}",0.05192899703979492,0.9480710029602051,0.3076303791461162,0.86697965571205,3,2,0.9957342147827148,0.964421272277832,0.9799134962728145,0.503252042887363,0.5653714271530628,,,,,,
feat_e2b8f73b2790cefc883f,stim_c720547f3494c022,render_551362ca0ff22f33,1.1.0,raster_binary,ink_area_matched,density|geometry|layout|proportion|reading_rhythm|stroke_gesture|uniformity|visual_center,direct,valid,,4d800e346b040f885277c164e937c2514144ed6292066deb66bb1fc465b2de05,"{""bbox_aspect_ratio"": 603, ""bbox_fill_ratio"": 104698, ""ink_coverage_ratio"": 104698, ""whitespace_ratio"": 1992454}","{""bbox_aspect_ratio"": 679, ""bbox_fill_ratio"": 409437, ""ink_coverage_ratio"": 2097152, ""whitespace_ratio"": 2097152}","{""bbox_aspect_ratio"": ""ratio"", ""bbox_fill_ratio"": ""ratio"", ""centroid_x_norm"": ""ratio"", ""centroid_y_norm"": ""ratio"", ""closure_count"": ""count"", ""connected_component_count"": ""count"", ""ink_coverage_ratio"": ""ratio"", ""inter_glyph_spacing_mean_norm"": ""ratio"", ""inter_glyph_spacing_sd_norm"": ""ratio"", ""rhythm_periodicity"": ""ratio"", ""straight_curve_ratio"": ""ratio"", ""symmetry_horizontal"": ""ratio"", ""symmetry_vertical"": ""ratio"", ""unit_area_cv"": ""ratio"", ""unit_height_cv"": ""ratio"", ""unit_width_cv"": ""ratio"", ""whitespace_ratio"": ""ratio""}","{""bbox_aspect_ratio"": ""direct"", ""bbox_fill_ratio"": ""direct"", ""centroid_x_norm"": ""direct"", ""centroid_y_norm"": ""direct"", ""closure_count"": ""direct"", ""connected_component_count"": ""direct"", ""ink_coverage_ratio"": ""direct"", ""inter_glyph_spacing_mean_norm"": ""not_applicable"", ""inter_glyph_spacing_sd_norm"": ""not_applicable"", ""rhythm_periodicity"": ""not_applicable"", ""straight_curve_ratio"": ""protocol_dependent"", ""symmetry_horizontal"": ""direct"", ""symmetry_vertical"": ""direct"", ""unit_area_cv"": ""not_applicable"", ""unit_height_cv"": ""not_applicable"", ""unit_width_cv"": ""not_applicable"", ""whitespace_ratio"": ""direct""}","{""inter_glyph_spacing_mean_norm"": ""MEASURE_NOT_APPLICABLE"", ""inter_glyph_spacing_sd_norm"": ""MEASURE_NOT_APPLICABLE"", ""rhythm_periodicity"": ""MEASURE_NOT_APPLICABLE"", ""unit_area_cv"": ""MEASURE_NOT_APPLICABLE"", ""unit_height_cv"": ""MEASURE_NOT_APPLICABLE"", ""unit_width_cv"": ""MEASURE_NOT_APPLICABLE""}",0.04992389678955078,0.9500761032104492,0.2557121119976944,0.8880706921944035,2,0,0.9255962371826172,0.9603443145751953,0.9425470629991387,0.48945157571509246,0.4746344284573249,,,,,,
feat_4fe33e2552444ee138bc,stim_c720547f3494c022,render_551362ca0ff22f33,1.1.0,raster_grayscale,ink_area_matched,density|geometry|layout|proportion|reading_rhythm|stroke_gesture|uniformity|visual_center,direct,valid,,4d800e346b040f885277c164e937c2514144ed6292066deb66bb1fc465b2de05,"{""bbox_aspect_ratio"": 603, ""bbox_fill_ratio"": 108091, ""ink_coverage_ratio"": 108091, ""whitespace_ratio"": 1989061}","{""bbox_aspect_ratio"": 679, ""bbox_fill_ratio"": 409437, ""ink_coverage_ratio"": 2097152, ""whitespace_ratio"": 2097152}","{""bbox_aspect_ratio"": ""ratio"", ""bbox_fill_ratio"": ""ratio"", ""centroid_x_norm"": ""ratio"", ""centroid_y_norm"": ""ratio"", ""closure_count"": ""count"", ""connected_component_count"": ""count"", ""ink_coverage_ratio"": ""ratio"", ""inter_glyph_spacing_mean_norm"": ""ratio"", ""inter_glyph_spacing_sd_norm"": ""ratio"", ""rhythm_periodicity"": ""ratio"", ""straight_curve_ratio"": ""ratio"", ""symmetry_horizontal"": ""ratio"", ""symmetry_vertical"": ""ratio"", ""unit_area_cv"": ""ratio"", ""unit_height_cv"": ""ratio"", ""unit_width_cv"": ""ratio"", ""whitespace_ratio"": ""ratio""}","{""bbox_aspect_ratio"": ""direct"", ""bbox_fill_ratio"": ""direct"", ""centroid_x_norm"": ""direct"", ""centroid_y_norm"": ""direct"", ""closure_count"": ""direct"", ""connected_component_count"": ""direct"", ""ink_coverage_ratio"": ""direct"", ""inter_glyph_spacing_mean_norm"": ""not_applicable"", ""inter_glyph_spacing_sd_norm"": ""not_applicable"", ""rhythm_periodicity"": ""not_applicable"", ""straight_curve_ratio"": ""protocol_dependent"", ""symmetry_horizontal"": ""direct"", ""symmetry_vertical"": ""direct"", ""unit_area_cv"": ""not_applicable"", ""unit_height_cv"": ""not_applicable"", ""unit_width_cv"": ""not_applicable"", ""whitespace_ratio"": ""direct""}","{""inter_glyph_spacing_mean_norm"": ""MEASURE_NOT_APPLICABLE"", ""inter_glyph_spacing_sd_norm"": ""MEASURE_NOT_APPLICABLE"", ""rhythm_periodicity"": ""MEASURE_NOT_APPLICABLE"", ""unit_area_cv"": ""MEASURE_NOT_APPLICABLE"", ""unit_height_cv"": ""MEASURE_NOT_APPLICABLE"", ""unit_width_cv"": ""MEASURE_NOT_APPLICABLE""}",0.051541805267333984,0.948458194732666,0.26399910120482517,0.8880706921944035,30,5,0.9241971969604492,0.9588422775268555,0.9167289489705781,0.48989523746918107,0.47489673956723966,,,,,,
feat_7d51f2a171f5a3738c1b,stim_c7451134df4dc81a,render_551362ca0ff22f33,1.1.0,raster_binary,ink_area_matched,density|geometry|layout|proportion|reading_rhythm|stroke_gesture|uniformity|visual_center,direct,valid,,4d800e346b040f885277c164e937c2514144ed6292066deb66bb1fc465b2de05,"{""bbox_aspect_ratio"": 546, ""bbox_fill_ratio"": 105006, ""ink_coverage_ratio"": 105006, ""whitespace_ratio"": 1992146}","{""bbox_aspect_ratio"": 622, ""bbox_fill_ratio"": 339612, ""ink_coverage_ratio"": 2097152, ""whitespace_ratio"": 2097152}","{""bbox_aspect_ratio"": ""ratio"", ""bbox_fill_ratio"": ""ratio"", ""centroid_x_norm"": ""ratio"", ""centroid_y_norm"": ""ratio"", ""closure_count"": ""count"", ""connected_component_count"": ""count"", ""ink_coverage_ratio"": ""ratio"", ""inter_glyph_spacing_mean_norm"": ""ratio"", ""inter_glyph_spacing_sd_norm"": ""ratio"", ""rhythm_periodicity"": ""ratio"", ""straight_curve_ratio"": ""ratio"", ""symmetry_horizontal"": ""ratio"", ""symmetry_vertical"": ""ratio"", ""unit_area_cv"": ""ratio"", ""unit_height_cv"": ""ratio"", ""unit_width_cv"": ""ratio"", ""whitespace_ratio"": ""ratio""}","{""bbox_aspect_ratio"": ""direct"", ""bbox_fill_ratio"": ""direct"", ""centroid_x_norm"": ""direct"", ""centroid_y_norm"": ""direct"", ""closure_count"": ""direct"", ""connected_component_count"": ""direct"", ""ink_coverage_ratio"": ""direct"", ""inter_glyph_spacing_mean_norm"": ""not_applicable"", ""inter_glyph_spacing_sd_norm"": ""not_applicable"", ""rhythm_periodicity"": ""not_applicable"", ""straight_curve_ratio"": ""protocol_dependent"", ""symmetry_horizontal"": ""direct"", ""symmetry_vertical"": ""direct"", ""unit_area_cv"": ""not_applicable"", ""unit_height_cv"": ""not_applicable"", ""unit_width_cv"": ""not_applicable"", ""whitespace_ratio"": ""direct""}","{""inter_glyph_spacing_mean_norm"": ""MEASURE_NOT_APPLICABLE"", ""inter_glyph_spacing_sd_norm"": ""MEASURE_NOT_APPLICABLE"", ""rhythm_periodicity"": ""MEASURE_NOT_APPLICABLE"", ""unit_area_cv"": ""MEASURE_NOT_APPLICABLE"", ""unit_height_cv"": ""MEASURE_NOT_APPLICABLE"", ""unit_width_cv"": ""MEASURE_NOT_APPLICABLE""}",0.050070762634277344,0.9499292373657227,0.30919402141267094,0.8778135048231511,1,2,0.9986457824707031,0.9573249816894531,0.9761150774994448,0.4996760741276094,0.47248547292833265,,,,,,
feat_71a6f7094b393acd9b78,stim_c7451134df4dc81a,render_551362ca0ff22f33,1.1.0,raster_grayscale,ink_area_matched,density|geometry|layout|proportion|reading_rhythm|stroke_gesture|uniformity|visual_center,direct,valid,,4d800e346b040f885277c164e937c2514144ed6292066deb66bb1fc465b2de05,"{""bbox_aspect_ratio"": 546, ""bbox_fill_ratio"": 108937, ""ink_coverage_ratio"": 108937, ""whitespace_ratio"": 1988215}","{""bbox_aspect_ratio"": 622, ""bbox_fill_ratio"": 339612, ""ink_coverage_ratio"": 2097152, ""whitespace_ratio"": 2097152}","{""bbox_aspect_ratio"": ""ratio"", ""bbox_fill_ratio"": ""ratio"", ""centroid_x_norm"": ""ratio"", ""centroid_y_norm"": ""ratio"", ""closure_count"": ""count"", ""connected_component_count"": ""count"", ""ink_coverage_ratio"": ""ratio"", ""inter_glyph_spacing_mean_norm"": ""ratio"", ""inter_glyph_spacing_sd_norm"": ""ratio"", ""rhythm_periodicity"": ""ratio"", ""straight_curve_ratio"": ""ratio"", ""symmetry_horizontal"": ""ratio"", ""symmetry_vertical"": ""ratio"", ""unit_area_cv"": ""ratio"", ""unit_height_cv"": ""ratio"", ""unit_width_cv"": ""ratio"", ""whitespace_ratio"": ""ratio""}","{""bbox_aspect_ratio"": ""direct"", ""bbox_fill_ratio"": ""direct"", ""centroid_x_norm"": ""direct"", ""centroid_y_norm"": ""direct"", ""closure_count"": ""direct"", ""connected_component_count"": ""direct"", ""ink_coverage_ratio"": ""direct"", ""inter_glyph_spacing_mean_norm"": ""not_applicable"", ""inter_glyph_spacing_sd_norm"": ""not_applicable"", ""rhythm_periodicity"": ""not_applicable"", ""straight_curve_ratio"": ""protocol_dependent"", ""symmetry_horizontal"": ""direct"", ""symmetry_vertical"": ""direct"", ""unit_area_cv"": ""not_applicable"", ""unit_height_cv"": ""not_applicable"", ""unit_width_cv"": ""not_applicable"", ""whitespace_ratio"": ""direct""}","{""inter_glyph_spacing_mean_norm"": ""MEASURE_NOT_APPLICABLE"", ""inter_glyph_spacing_sd_norm"": ""MEASURE_NOT_APPLICABLE"", ""rhythm_periodicity"": ""MEASURE_NOT_APPLICABLE"", ""unit_area_cv"": ""MEASURE_NOT_APPLICABLE"", ""unit_height_cv"": ""MEASURE_NOT_APPLICABLE"", ""unit_width_cv"": ""MEASURE_NOT_APPLICABLE""}",0.05194520950317383,0.9480547904968262,0.32076899520629426,0.8778135048231511,7,6,0.9984540939331055,0.9558801651000977,0.9643390507872321,0.4998723638720086,0.4724951226110045,,,,,,
feat_db7f554eb1a3ea9bbf07,stim_c75760d00c25a558,render_551362ca0ff22f33,1.1.0,raster_binary,bbox_height_matched,density|geometry|layout|proportion|reading_rhythm|stroke_gesture|uniformity|visual_center,protocol_dependent,valid,,4d800e346b040f885277c164e937c2514144ed6292066deb66bb1fc465b2de05,"{""bbox_aspect_ratio"": 1457, ""bbox_fill_ratio"": 111411, ""ink_coverage_ratio"": 111411, ""whitespace_ratio"": 1985741}","{""bbox_aspect_ratio"": 320, ""bbox_fill_ratio"": 466240, ""ink_coverage_ratio"": 2097152, ""whitespace_ratio"": 2097152}","{""bbox_aspect_ratio"": ""ratio"", ""bbox_fill_ratio"": ""ratio"", ""centroid_x_norm"": ""ratio"", ""centroid_y_norm"": ""ratio"", ""closure_count"": ""count"", ""connected_component_count"": ""count"", ""ink_coverage_ratio"": ""ratio"", ""inter_glyph_spacing_mean_norm"": ""ratio"", ""inter_glyph_spacing_sd_norm"": ""ratio"", ""rhythm_periodicity"": ""ratio"", ""straight_curve_ratio"": ""ratio"", ""symmetry_horizontal"": ""ratio"", ""symmetry_vertical"": ""ratio"", ""unit_area_cv"": ""ratio"", ""unit_height_cv"": ""ratio"", ""unit_width_cv"": ""ratio"", ""whitespace_ratio"": ""ratio""}","{""bbox_aspect_ratio"": ""direct"", ""bbox_fill_ratio"": ""direct"", ""centroid_x_norm"": ""direct"", ""centroid_y_norm"": ""direct"", ""closure_count"": ""direct"", ""connected_component_count"": ""direct"", ""ink_coverage_ratio"": ""direct"", ""inter_glyph_spacing_mean_norm"": ""protocol_dependent"", ""inter_glyph_spacing_sd_norm"": ""protocol_dependent"", ""rhythm_periodicity"": ""protocol_dependent"", ""straight_curve_ratio"": ""protocol_dependent"", ""symmetry_horizontal"": ""direct"", ""symmetry_vertical"": ""direct"", ""unit_area_cv"": ""protocol_dependent"", ""unit_height_cv"": ""protocol_dependent"", ""unit_width_cv"": ""protocol_dependent"", ""whitespace_ratio"": ""direct""}","{""rhythm_periodicity"": ""MEASURE_SEQUENCE_TOO_SHORT""}",0.05312490463256836,0.9468750953674316,0.23895633150308854,4.553125,5,4,0.9221563339233398,0.9451417922973633,0.5933971358976894,0.491458139442582,0.4931787883798503,0.20625000000000002,0.0459279326771846,,0.24362209453025052,0.060339236013689276,0.07136720463744083
feat_5e7442d87074aba40c5b,stim_c75760d00c25a558,render_551362ca0ff22f33,1.1.0,raster_grayscale,bbox_height_matched,density|geometry|layout|proportion|reading_rhythm|stroke_gesture|uniformity|visual_center,protocol_dependent,valid,,4d800e346b040f885277c164e937c2514144ed6292066deb66bb1fc465b2de05,"{""bbox_aspect_ratio"": 1457, ""bbox_fill_ratio"": 122124, ""ink_coverage_ratio"": 122124, ""whitespace_ratio"": 1975028}","{""bbox_aspect_ratio"": 320, ""bbox_fill_ratio"": 466240, ""ink_coverage_ratio"": 2097152, ""whitespace_ratio"": 2097152}","{""bbox_aspect_ratio"": ""ratio"", ""bbox_fill_ratio"": ""ratio"", ""centroid_x_norm"": ""ratio"", ""centroid_y_norm"": ""ratio"", ""closure_count"": ""count"", ""connected_component_count"": ""count"", ""ink_coverage_ratio"": ""ratio"", ""inter_glyph_spacing_mean_norm"": ""ratio"", ""inter_glyph_spacing_sd_norm"": ""ratio"", ""rhythm_periodicity"": ""ratio"", ""straight_curve_ratio"": ""ratio"", ""symmetry_horizontal"": ""ratio"", ""symmetry_vertical"": ""ratio"", ""unit_area_cv"": ""ratio"", ""unit_height_cv"": ""ratio"", ""unit_width_cv"": ""ratio"", ""whitespace_ratio"": ""ratio""}","{""bbox_aspect_ratio"": ""direct"", ""bbox_fill_ratio"": ""direct"", ""centroid_x_norm"": ""direct"", ""centroid_y_norm"": ""direct"", ""closure_count"": ""direct"", ""connected_component_count"": ""direct"", ""ink_coverage_ratio"": ""direct"", ""inter_glyph_spacing_mean_norm"": ""protocol_dependent"", ""inter_glyph_spacing_sd_norm"": ""protocol_dependent"", ""rhythm_periodicity"": ""protocol_dependent"", ""straight_curve_ratio"": ""protocol_dependent"", ""symmetry_horizontal"": ""direct"", ""symmetry_vertical"": ""direct"", ""unit_area_cv"": ""protocol_dependent"", ""unit_height_cv"": ""protocol_dependent"", ""unit_width_cv"": ""protocol_dependent"", ""whitespace_ratio"": ""direct""}","{""rhythm_periodicity"": ""MEASURE_SEQUENCE_TOO_SHORT""}",0.05823326110839844,0.9417667388916016,0.2619337680164722,4.553125,316,1253,0.9174537658691406,0.9421958923339844,0.41330998924488704,0.49142911354443025,0.49304974477784874,0.20625000000000002,0.0459279326771846,,0.24531949755895577,0.060339236013689276,0.07136720463744083
feat_adda9f393d54156e6828,stim_c78bb95b11d48280,render_551362ca0ff22f33,1.1.0,raster_binary,ink_area_matched,density|geometry|layout|proportion|reading_rhythm|stroke_gesture|uniformity|visual_center,direct,valid,,4d800e346b040f885277c164e937c2514144ed6292066deb66bb1fc465b2de05,"{""bbox_aspect_ratio"": 582, ""bbox_fill_ratio"": 104889, ""ink_coverage_ratio"": 104889, ""whitespace_ratio"": 1992263}","{""bbox_aspect_ratio"": 532, ""bbox_fill_ratio"": 309624, ""ink_coverage_ratio"": 2097152, ""whitespace_ratio"": 2097152}","{""bbox_aspect_ratio"": ""ratio"", ""bbox_fill_ratio"": ""ratio"", ""centroid_x_norm"": ""ratio"", ""centroid_y_norm"": ""ratio"", ""closure_count"": ""count"", ""connected_component_count"": ""count"", ""ink_coverage_ratio"": ""ratio"", ""inter_glyph_spacing_mean_norm"": ""ratio"", ""inter_glyph_spacing_sd_norm"": ""ratio"", ""rhythm_periodicity"": ""ratio"", ""straight_curve_ratio"": ""ratio"", ""symmetry_horizontal"": ""ratio"", ""symmetry_vertical"": ""ratio"", ""unit_area_cv"": ""ratio"", ""unit_height_cv"": ""ratio"", ""unit_width_cv"": ""ratio"", ""whitespace_ratio"": ""ratio""}","{""bbox_aspect_ratio"": ""direct"", ""bbox_fill_ratio"": ""direct"", ""centroid_x_norm"": ""direct"", ""centroid_y_norm"": ""direct"", ""closure_count"": ""direct"", ""connected_component_count"": ""direct"", ""ink_coverage_ratio"": ""direct"", ""inter_glyph_spacing_mean_norm"": ""not_applicable"", ""inter_glyph_spacing_sd_norm"": ""not_applicable"", ""rhythm_periodicity"": ""not_applicable"", ""straight_curve_ratio"": ""protocol_dependent"", ""symmetry_horizontal"": ""direct"", ""symmetry_vertical"": ""direct"", ""unit_area_cv"": ""not_applicable"", ""unit_height_cv"": ""not_applicable"", ""unit_width_cv"": ""not_applicable"", ""whitespace_ratio"": ""direct""}","{""inter_glyph_spacing_mean_norm"": ""MEASURE_NOT_APPLICABLE"", ""inter_glyph_spacing_sd_norm"": ""MEASURE_NOT_APPLICABLE"", ""rhythm_periodicity"": ""MEASURE_NOT_APPLICABLE"", ""unit_area_cv"": ""MEASURE_NOT_APPLICABLE"", ""unit_height_cv"": ""MEASURE_NOT_APPLICABLE"", ""unit_width_cv"": ""MEASURE_NOT_APPLICABLE""}",0.05001497268676758,0.9499850273132324,0.33876249903108285,1.093984962406015,1,1,0.9653787612915039,0.9655599594116211,0.4718426523527038,0.4993191509670342,0.4861630788708778,,,,,,
feat_7624b98fe686208af97a,stim_c78bb95b11d48280,render_551362ca0ff22f33,1.1.0,raster_grayscale,ink_area_matched,density|geometry|layout|proportion|reading_rhythm|stroke_gesture|uniformity|visual_center,direct,valid,,4d800e346b040f885277c164e937c2514144ed6292066deb66bb1fc465b2de05,"{""bbox_aspect_ratio"": 582, ""bbox_fill_ratio"": 109419, ""ink_coverage_ratio"": 109419, ""whitespace_ratio"": 1987733}","{""bbox_aspect_ratio"": 532, ""bbox_fill_ratio"": 309624, ""ink_coverage_ratio"": 2097152, ""whitespace_ratio"": 2097152}","{""bbox_aspect_ratio"": ""ratio"", ""bbox_fill_ratio"": ""ratio"", ""centroid_x_norm"": ""ratio"", ""centroid_y_norm"": ""ratio"", ""closure_count"": ""count"", ""connected_component_count"": ""count"", ""ink_coverage_ratio"": ""ratio"", ""inter_glyph_spacing_mean_norm"": ""ratio"", ""inter_glyph_spacing_sd_norm"": ""ratio"", ""rhythm_periodicity"": ""ratio"", ""straight_curve_ratio"": ""ratio"", ""symmetry_horizontal"": ""ratio"", ""symmetry_vertical"": ""ratio"", ""unit_area_cv"": ""ratio"", ""unit_height_cv"": ""ratio"", ""unit_width_cv"": ""ratio"", ""whitespace_ratio"": ""ratio""}","{""bbox_aspect_ratio"": ""direct"", ""bbox_fill_ratio"": ""direct"", ""centroid_x_norm"": ""direct"", ""centroid_y_norm"": ""direct"", ""closure_count"": ""direct"", ""connected_component_count"": ""direct"", ""ink_coverage_ratio"": ""direct"", ""inter_glyph_spacing_mean_norm"": ""not_applicable"", ""inter_glyph_spacing_sd_norm"": ""not_applicable"", ""rhythm_periodicity"": ""not_applicable"", ""straight_curve_ratio"": ""protocol_dependent"", ""symmetry_horizontal"": ""direct"", ""symmetry_vertical"": ""direct"", ""unit_area_cv"": ""not_applicable"", ""unit_height_cv"": ""not_applicable"", ""unit_width_cv"": ""not_applicable"", ""whitespace_ratio"": ""direct""}","{""inter_glyph_spacing_mean_norm"": ""MEASURE_NOT_APPLICABLE"", ""inter_glyph_spacing_sd_norm"": ""MEASURE_NOT_APPLICABLE"", ""rhythm_periodicity"": ""MEASURE_NOT_APPLICABLE"", ""unit_area_cv"": ""MEASURE_NOT_APPLICABLE"", ""unit_height_cv"": ""MEASURE_NOT_APPLICABLE"", ""unit_width_cv"": ""MEASURE_NOT_APPLICABLE""}",0.052175045013427734,0.9478249549865723,0.35339314781799863,1.093984962406015,98,585,0.9648218154907227,0.9650201797485352,0.5513589834458827,0.4993061764367363,0.4862805548510771,,,,,,
feat_d55aa44725a2dace55a9,stim_c999f58a5c810688,render_551362ca0ff22f33,1.1.0,raster_binary,ink_area_matched,density|geometry|layout|proportion|reading_rhythm|stroke_gesture|uniformity|visual_center,direct,valid,,4d800e346b040f885277c164e937c2514144ed6292066deb66bb1fc465b2de05,"{""bbox_aspect_ratio"": 646, ""bbox_fill_ratio"": 104672, ""ink_coverage_ratio"": 104672, ""whitespace_ratio"": 1992480}","{""bbox_aspect_ratio"": 636, ""bbox_fill_ratio"": 410856, ""ink_coverage_ratio"": 2097152, ""whitespace_ratio"": 2097152}","{""bbox_aspect_ratio"": ""ratio"", ""bbox_fill_ratio"": ""ratio"", ""centroid_x_norm"": ""ratio"", ""centroid_y_norm"": ""ratio"", ""closure_count"": ""count"", ""connected_component_count"": ""count"", ""ink_coverage_ratio"": ""ratio"", ""inter_glyph_spacing_mean_norm"": ""ratio"", ""inter_glyph_spacing_sd_norm"": ""ratio"", ""rhythm_periodicity"": ""ratio"", ""straight_curve_ratio"": ""ratio"", ""symmetry_horizontal"": ""ratio"", ""symmetry_vertical"": ""ratio"", ""unit_area_cv"": ""ratio"", ""unit_height_cv"": ""ratio"", ""unit_width_cv"": ""ratio"", ""whitespace_ratio"": ""ratio""}","{""bbox_aspect_ratio"": ""direct"", ""bbox_fill_ratio"": ""direct"", ""centroid_x_norm"": ""direct"", ""centroid_y_norm"": ""direct"", ""closure_count"": ""direct"", ""connected_component_count"": ""direct"", ""ink_coverage_ratio"": ""direct"", ""inter_glyph_spacing_mean_norm"": ""not_applicable"", ""inter_glyph_spacing_sd_norm"": ""not_applicable"", ""rhythm_periodicity"": ""not_applicable"", ""straight_curve_ratio"": ""protocol_dependent"", ""symmetry_horizontal"": ""direct"", ""symmetry_vertical"": ""direct"", ""unit_area_cv"": ""not_applicable"", ""unit_height_cv"": ""not_applicable"", ""unit_width_cv"": ""not_applicable"", ""whitespace_ratio"": ""direct""}","{""inter_glyph_spacing_mean_norm"": ""MEASURE_NOT_APPLICABLE"", ""inter_glyph_spacing_sd_norm"": ""MEASURE_NOT_APPLICABLE"", ""rhythm_periodicity"": ""MEASURE_NOT_APPLICABLE"", ""unit_area_cv"": ""MEASURE_NOT_APPLICABLE"", ""unit_height_cv"": ""MEASURE_NOT_APPLICABLE"", ""unit_width_cv"": ""MEASURE_NOT_APPLICABLE""}",0.0499114990234375,0.9500885009765625,0.25476565998792766,1.0157232704402517,2,0,0.961090087890625,0.9599819183349609,0.6719223927125415,0.49385821844816424,0.5224772458847639,,,,,,
feat_fe31317825880b5c49c6,stim_c999f58a5c810688,render_551362ca0ff22f33,1.1.0,raster_grayscale,ink_area_matched,density|geometry|layout|proportion|reading_rhythm|stroke_gesture|uniformity|visual_center,direct,valid,,4d800e346b040f885277c164e937c2514144ed6292066deb66bb1fc465b2de05,"{""bbox_aspect_ratio"": 647, ""bbox_fill_ratio"": 109892, ""ink_coverage_ratio"": 109892, ""whitespace_ratio"": 1987260}","{""bbox_aspect_ratio"": 636, ""bbox_fill_ratio"": 411492, ""ink_coverage_ratio"": 2097152, ""whitespace_ratio"": 2097152}","{""bbox_aspect_ratio"": ""ratio"", ""bbox_fill_ratio"": ""ratio"", ""centroid_x_norm"": ""ratio"", ""centroid_y_norm"": ""ratio"", ""closure_count"": ""count"", ""connected_component_count"": ""count"", ""ink_coverage_ratio"": ""ratio"", ""inter_glyph_spacing_mean_norm"": ""ratio"", ""inter_glyph_spacing_sd_norm"": ""ratio"", ""rhythm_periodicity"": ""ratio"", ""straight_curve_ratio"": ""ratio"", ""symmetry_horizontal"": ""ratio"", ""symmetry_vertical"": ""ratio"", ""unit_area_cv"": ""ratio"", ""unit_height_cv"": ""ratio"", ""unit_width_cv"": ""ratio"", ""whitespace_ratio"": ""ratio""}","{""bbox_aspect_ratio"": ""direct"", ""bbox_fill_ratio"": ""direct"", ""centroid_x_norm"": ""direct"", ""centroid_y_norm"": ""direct"", ""closure_count"": ""direct"", ""connected_component_count"": ""direct"", ""ink_coverage_ratio"": ""direct"", ""inter_glyph_spacing_mean_norm"": ""not_applicable"", ""inter_glyph_spacing_sd_norm"": ""not_applicable"", ""rhythm_periodicity"": ""not_applicable"", ""straight_curve_ratio"": ""protocol_dependent"", ""symmetry_horizontal"": ""direct"", ""symmetry_vertical"": ""direct"", ""unit_area_cv"": ""not_applicable"", ""unit_height_cv"": ""not_applicable"", ""unit_width_cv"": ""not_applicable"", ""whitespace_ratio"": ""direct""}","{""inter_glyph_spacing_mean_norm"": ""MEASURE_NOT_APPLICABLE"", ""inter_glyph_spacing_sd_norm"": ""MEASURE_NOT_APPLICABLE"", ""rhythm_periodicity"": ""MEASURE_NOT_APPLICABLE"", ""unit_area_cv"": ""MEASURE_NOT_APPLICABLE"", ""unit_height_cv"": ""MEASURE_NOT_APPLICABLE"", ""unit_width_cv"": ""MEASURE_NOT_APPLICABLE""}",0.05240058898925781,0.9475994110107422,0.2670574397558154,1.0172955974842768,41,771,0.9603385925292969,0.9591808319091797,0.49930424491595066,0.4938538110855431,0.5223814738277127,,,,,,
feat_0b1622563bde75ce7a2a,stim_d43e821b55f820a0,render_551362ca0ff22f33,1.1.0,raster_binary,ink_area_matched,density|geometry|layout|proportion|reading_rhythm|stroke_gesture|uniformity|visual_center,direct,valid,,4d800e346b040f885277c164e937c2514144ed6292066deb66bb1fc465b2de05,"{""bbox_aspect_ratio"": 746, ""bbox_fill_ratio"": 104847, ""ink_coverage_ratio"": 104847, ""whitespace_ratio"": 1992305}","{""bbox_aspect_ratio"": 725, ""bbox_fill_ratio"": 540850, ""ink_coverage_ratio"": 2097152, ""whitespace_ratio"": 2097152}","{""bbox_aspect_ratio"": ""ratio"", ""bbox_fill_ratio"": ""ratio"", ""centroid_x_norm"": ""ratio"", ""centroid_y_norm"": ""ratio"", ""closure_count"": ""count"", ""connected_component_count"": ""count"", ""ink_coverage_ratio"": ""ratio"", ""inter_glyph_spacing_mean_norm"": ""ratio"", ""inter_glyph_spacing_sd_norm"": ""ratio"", ""rhythm_periodicity"": ""ratio"", ""straight_curve_ratio"": ""ratio"", ""symmetry_horizontal"": ""ratio"", ""symmetry_vertical"": ""ratio"", ""unit_area_cv"": ""ratio"", ""unit_height_cv"": ""ratio"", ""unit_width_cv"": ""ratio"", ""whitespace_ratio"": ""ratio""}","{""bbox_aspect_ratio"": ""direct"", ""bbox_fill_ratio"": ""direct"", ""centroid_x_norm"": ""direct"", ""centroid_y_norm"": ""direct"", ""closure_count"": ""direct"", ""connected_component_count"": ""direct"", ""ink_coverage_ratio"": ""direct"", ""inter_glyph_spacing_mean_norm"": ""not_applicable"", ""inter_glyph_spacing_sd_norm"": ""not_applicable"", ""rhythm_periodicity"": ""not_applicable"", ""straight_curve_ratio"": ""protocol_dependent"", ""symmetry_horizontal"": ""direct"", ""symmetry_vertical"": ""direct"", ""unit_area_cv"": ""not_applicable"", ""unit_height_cv"": ""not_applicable"", ""unit_width_cv"": ""not_applicable"", ""whitespace_ratio"": ""direct""}","{""inter_glyph_spacing_mean_norm"": ""MEASURE_NOT_APPLICABLE"", ""inter_glyph_spacing_sd_norm"": ""MEASURE_NOT_APPLICABLE"", ""rhythm_periodicity"": ""MEASURE_NOT_APPLICABLE"", ""unit_area_cv"": ""MEASURE_NOT_APPLICABLE"", ""unit_height_cv"": ""MEASURE_NOT_APPLICABLE"", ""unit_width_cv"": ""MEASURE_NOT_APPLICABLE""}",0.04999494552612305,0.950005054473877,0.19385596745862993,1.0289655172413794,3,0,0.943354606628418,0.9374685287475586,0.625510029484877,0.5049630121376267,0.5280648621473433,,,,,,
feat_82457e8bc8663dbf85ba,stim_d43e821b55f820a0,render_551362ca0ff22f33,1.1.0,raster_grayscale,ink_area_matched,density|geometry|layout|proportion|reading_rhythm|stroke_gesture|uniformity|visual_center,direct,valid,,4d800e346b040f885277c164e937c2514144ed6292066deb66bb1fc465b2de05,"{""bbox_aspect_ratio"": 746, ""bbox_fill_ratio"": 111943, ""ink_coverage_ratio"": 111943, ""whitespace_ratio"": 1985209}","{""bbox_aspect_ratio"": 725, ""bbox_fill_ratio"": 540850, ""ink_coverage_ratio"": 2097152, ""whitespace_ratio"": 2097152}","{""bbox_aspect_ratio"": ""ratio"", ""bbox_fill_ratio"": ""ratio"", ""centroid_x_norm"": ""ratio"", ""centroid_y_norm"": ""ratio"", ""closure_count"": ""count"", ""connected_component_count"": ""count"", ""ink_coverage_ratio"": ""ratio"", ""inter_glyph_spacing_mean_norm"": ""ratio"", ""inter_glyph_spacing_sd_norm"": ""ratio"", ""rhythm_periodicity"": ""ratio"", ""straight_curve_ratio"": ""ratio"", ""symmetry_horizontal"": ""ratio"", ""symmetry_vertical"": ""ratio"", ""unit_area_cv"": ""ratio"", ""unit_height_cv"": ""ratio"", ""unit_width_cv"": ""ratio"", ""whitespace_ratio"": ""ratio""}","{""bbox_aspect_ratio"": ""direct"", ""bbox_fill_ratio"": ""direct"", ""centroid_x_norm"": ""direct"", ""centroid_y_norm"": ""direct"", ""closure_count"": ""direct"", ""connected_component_count"": ""direct"", ""ink_coverage_ratio"": ""direct"", ""inter_glyph_spacing_mean_norm"": ""not_applicable"", ""inter_glyph_spacing_sd_norm"": ""not_applicable"", ""rhythm_periodicity"": ""not_applicable"", ""straight_curve_ratio"": ""protocol_dependent"", ""symmetry_horizontal"": ""direct"", ""symmetry_vertical"": ""direct"", ""unit_area_cv"": ""not_applicable"", ""unit_height_cv"": ""not_applicable"", ""unit_width_cv"": ""not_applicable"", ""whitespace_ratio"": ""direct""}","{""inter_glyph_spacing_mean_norm"": ""MEASURE_NOT_APPLICABLE"", ""inter_glyph_spacing_sd_norm"": ""MEASURE_NOT_APPLICABLE"", ""rhythm_periodicity"": ""MEASURE_NOT_APPLICABLE"", ""unit_area_cv"": ""MEASURE_NOT_APPLICABLE"", ""unit_height_cv"": ""MEASURE_NOT_APPLICABLE"", ""unit_width_cv"": ""MEASURE_NOT_APPLICABLE""}",0.05337858200073242,0.9466214179992676,0.20697605620782103,1.0289655172413794,49,942,0.9411840438842773,0.933751106262207,0.47074539193158116,0.5040191004015436,0.5274967732601636,,,,,,
feat_8c58b073fe70d50ba57b,stim_d773c326abac9595,render_551362ca0ff22f33,1.1.0,raster_binary,bbox_height_matched,density|geometry|layout|proportion|reading_rhythm|stroke_gesture|uniformity|visual_center,protocol_dependent,valid,,4d800e346b040f885277c164e937c2514144ed6292066deb66bb1fc465b2de05,"{""bbox_aspect_ratio"": 1944, ""bbox_fill_ratio"": 99848, ""ink_coverage_ratio"": 99848, ""whitespace_ratio"": 1997304}","{""bbox_aspect_ratio"": 320, ""bbox_fill_ratio"": 622080, ""ink_coverage_ratio"": 2097152, ""whitespace_ratio"": 2097152}","{""bbox_aspect_ratio"": ""ratio"", ""bbox_fill_ratio"": ""ratio"", ""centroid_x_norm"": ""ratio"", ""centroid_y_norm"": ""ratio"", ""closure_count"": ""count"", ""connected_component_count"": ""count"", ""ink_coverage_ratio"": ""ratio"", ""inter_glyph_spacing_mean_norm"": ""ratio"", ""inter_glyph_spacing_sd_norm"": ""ratio"", ""rhythm_periodicity"": ""ratio"", ""straight_curve_ratio"": ""ratio"", ""symmetry_horizontal"": ""ratio"", ""symmetry_vertical"": ""ratio"", ""unit_area_cv"": ""ratio"", ""unit_height_cv"": ""ratio"", ""unit_width_cv"": ""ratio"", ""whitespace_ratio"": ""ratio""}","{""bbox_aspect_ratio"": ""direct"", ""bbox_fill_ratio"": ""direct"", ""centroid_x_norm"": ""direct"", ""centroid_y_norm"": ""direct"", ""closure_count"": ""direct"", ""connected_component_count"": ""direct"", ""ink_coverage_ratio"": ""direct"", ""inter_glyph_spacing_mean_norm"": ""protocol_dependent"", ""inter_glyph_spacing_sd_norm"": ""protocol_dependent"", ""rhythm_periodicity"": ""protocol_dependent"", ""straight_curve_ratio"": ""protocol_dependent"", ""symmetry_horizontal"": ""direct"", ""symmetry_vertical"": ""direct"", ""unit_area_cv"": ""protocol_dependent"", ""unit_height_cv"": ""protocol_dependent"", ""unit_width_cv"": ""protocol_dependent"", ""whitespace_ratio"": ""direct""}","{""rhythm_periodicity"": ""MEASURE_SEQUENCE_TOO_SHORT""}",0.047611236572265625,0.9523887634277344,0.16050668724279835,6.075,18,5,0.9206962585449219,0.9369945526123047,0.6762518095079376,0.4628611955015373,0.49941442242208156,0.09166666666666667,0.043175795366797304,,0.21811310486702778,0.08713135780919633,0.03311670705963903
feat_8e60d2276733b3c1416c,stim_d773c326abac9595,render_551362ca0ff22f33,1.1.0,raster_grayscale,bbox_height_matched,density|geometry|layout|proportion|reading_rhythm|stroke_gesture|uniformity|visual_center,protocol_dependent,valid,,4d800e346b040f885277c164e937c2514144ed6292066deb66bb1fc465b2de05,"{""bbox_aspect_ratio"": 1944, ""bbox_fill_ratio"": 114634, ""ink_coverage_ratio"": 114634, ""whitespace_ratio"": 1982518}","{""bbox_aspect_ratio"": 320, ""bbox_fill_ratio"": 622080, ""ink_coverage_ratio"": 2097152, ""whitespace_ratio"": 2097152}","{""bbox_aspect_ratio"": ""ratio"", ""bbox_fill_ratio"": ""ratio"", ""centroid_x_norm"": ""ratio"", ""centroid_y_norm"": ""ratio"", ""closure_count"": ""count"", ""connected_component_count"": ""count"", ""ink_coverage_ratio"": ""ratio"", ""inter_glyph_spacing_mean_norm"": ""ratio"", ""inter_glyph_spacing_sd_norm"": ""ratio"", ""rhythm_periodicity"": ""ratio"", ""straight_curve_ratio"": ""ratio"", ""symmetry_horizontal"": ""ratio"", ""symmetry_vertical"": ""ratio"", ""unit_area_cv"": ""ratio"", ""unit_height_cv"": ""ratio"", ""unit_width_cv"": ""ratio"", ""whitespace_ratio"": ""ratio""}","{""bbox_aspect_ratio"": ""direct"", ""bbox_fill_ratio"": ""direct"", ""centroid_x_norm"": ""direct"", ""centroid_y_norm"": ""direct"", ""closure_count"": ""direct"", ""connected_component_count"": ""direct"", ""ink_coverage_ratio"": ""direct"", ""inter_glyph_spacing_mean_norm"": ""protocol_dependent"", ""inter_glyph_spacing_sd_norm"": ""protocol_dependent"", ""rhythm_periodicity"": ""protocol_dependent"", ""straight_curve_ratio"": ""protocol_dependent"", ""symmetry_horizontal"": ""direct"", ""symmetry_vertical"": ""direct"", ""unit_area_cv"": ""protocol_dependent"", ""unit_height_cv"": ""protocol_dependent"", ""unit_width_cv"": ""protocol_dependent"", ""whitespace_ratio"": ""direct""}","{""rhythm_periodicity"": ""MEASURE_SEQUENCE_TOO_SHORT""}",0.05466175079345703,0.945338249206543,0.18427533436213991,6.075,347,2356,0.9118385314941406,0.9295978546142578,0.3043747135011336,0.46437785657778236,0.4994142022109496,0.09166666666666667,0.043175795366797304,,0.21886777317544706,0.08713135780919633,0.03311670705963903
feat_64dba3c71326c88a6324,stim_d7b23bd021cb7e35,render_551362ca0ff22f33,1.1.0,raster_binary,bbox_height_matched,density|geometry|layout|proportion|reading_rhythm|stroke_gesture|uniformity|visual_center,direct,valid,,4d800e346b040f885277c164e937c2514144ed6292066deb66bb1fc465b2de05,"{""bbox_aspect_ratio"": 317, ""bbox_fill_ratio"": 25462, ""ink_coverage_ratio"": 25462, ""whitespace_ratio"": 2071690}","{""bbox_aspect_ratio"": 320, ""bbox_fill_ratio"": 101440, ""ink_coverage_ratio"": 2097152, ""whitespace_ratio"": 2097152}","{""bbox_aspect_ratio"": ""ratio"", ""bbox_fill_ratio"": ""ratio"", ""centroid_x_norm"": ""ratio"", ""centroid_y_norm"": ""ratio"", ""closure_count"": ""count"", ""connected_component_count"": ""count"", ""ink_coverage_ratio"": ""ratio"", ""inter_glyph_spacing_mean_norm"": ""ratio"", ""inter_glyph_spacing_sd_norm"": ""ratio"", ""rhythm_periodicity"": ""ratio"", ""straight_curve_ratio"": ""ratio"", ""symmetry_horizontal"": ""ratio"", ""symmetry_vertical"": ""ratio"", ""unit_area_cv"": ""ratio"", ""unit_height_cv"": ""ratio"", ""unit_width_cv"": ""ratio"", ""whitespace_ratio"": ""ratio""}","{""bbox_aspect_ratio"": ""direct"", ""bbox_fill_ratio"": ""direct"", ""centroid_x_norm"": ""direct"", ""centroid_y_norm"": ""direct"", ""closure_count"": ""direct"", ""connected_component_count"": ""direct"", ""ink_coverage_ratio"": ""direct"", ""inter_glyph_spacing_mean_norm"": ""not_applicable"", ""inter_glyph_spacing_sd_norm"": ""not_applicable"", ""rhythm_periodicity"": ""not_applicable"", ""straight_curve_ratio"": ""protocol_dependent"", ""symmetry_horizontal"": ""direct"", ""symmetry_vertical"": ""direct"", ""unit_area_cv"": ""not_applicable"", ""unit_height_cv"": ""not_applicable"", ""unit_width_cv"": ""not_applicable"", ""whitespace_ratio"": ""direct""}","{""inter_glyph_spacing_mean_norm"": ""MEASURE_NOT_APPLICABLE"", ""inter_glyph_spacing_sd_norm"": ""MEASURE_NOT_APPLICABLE"", ""rhythm_periodicity"": ""MEASURE_NOT_APPLICABLE"", ""unit_area_cv"": ""MEASURE_NOT_APPLICABLE"", ""unit_height_cv"": ""MEASURE_NOT_APPLICABLE"", ""unit_width_cv"": ""MEASURE_NOT_APPLICABLE""}",0.012141227722167969,0.987858772277832,0.25100552050473185,0.990625,3,0,0.9905509948730469,0.9898357391357422,0.6626326690223744,0.4987904769853114,0.5100854183440028,,,,,,
feat_3094de86345896803bda,stim_d7b23bd021cb7e35,render_551362ca0ff22f33,1.1.0,raster_grayscale,bbox_height_matched,density|geometry|layout|proportion|reading_rhythm|stroke_gesture|uniformity|visual_center,direct,valid,,4d800e346b040f885277c164e937c2514144ed6292066deb66bb1fc465b2de05,"{""bbox_aspect_ratio"": 317, ""bbox_fill_ratio"": 27905, ""ink_coverage_ratio"": 27905, ""whitespace_ratio"": 2069247}","{""bbox_aspect_ratio"": 320, ""bbox_fill_ratio"": 101440, ""ink_coverage_ratio"": 2097152, ""whitespace_ratio"": 2097152}","{""bbox_aspect_ratio"": ""ratio"", ""bbox_fill_ratio"": ""ratio"", ""centroid_x_norm"": ""ratio"", ""centroid_y_norm"": ""ratio"", ""closure_count"": ""count"", ""connected_component_count"": ""count"", ""ink_coverage_ratio"": ""ratio"", ""inter_glyph_spacing_mean_norm"": ""ratio"", ""inter_glyph_spacing_sd_norm"": ""ratio"", ""rhythm_periodicity"": ""ratio"", ""straight_curve_ratio"": ""ratio"", ""symmetry_horizontal"": ""ratio"", ""symmetry_vertical"": ""ratio"", ""unit_area_cv"": ""ratio"", ""unit_height_cv"": ""ratio"", ""unit_width_cv"": ""ratio"", ""whitespace_ratio"": ""ratio""}","{""bbox_aspect_ratio"": ""direct"", ""bbox_fill_ratio"": ""direct"", ""centroid_x_norm"": ""direct"", ""centroid_y_norm"": ""direct"", ""closure_count"": ""direct"", ""connected_component_count"": ""direct"", ""ink_coverage_ratio"": ""direct"", ""inter_glyph_spacing_mean_norm"": ""not_applicable"", ""inter_glyph_spacing_sd_norm"": ""not_applicable"", ""rhythm_periodicity"": ""not_applicable"", ""straight_curve_ratio"": ""protocol_dependent"", ""symmetry_horizontal"": ""direct"", ""symmetry_vertical"": ""direct"", ""unit_area_cv"": ""not_applicable"", ""unit_height_cv"": ""not_applicable"", ""unit_width_cv"": ""not_applicable"", ""whitespace_ratio"": ""direct""}","{""inter_glyph_spacing_mean_norm"": ""MEASURE_NOT_APPLICABLE"", ""inter_glyph_spacing_sd_norm"": ""MEASURE_NOT_APPLICABLE"", ""rhythm_periodicity"": ""MEASURE_NOT_APPLICABLE"", ""unit_area_cv"": ""MEASURE_NOT_APPLICABLE"", ""unit_height_cv"": ""MEASURE_NOT_APPLICABLE"", ""unit_width_cv"": ""MEASURE_NOT_APPLICABLE""}",0.013306140899658203,0.9866938591003418,0.27508872239747634,0.990625,18,510,0.989445686340332,0.9893331527709961,0.30798815395826346,0.49875867550058234,0.5105741718554022,,,,,,
feat_290f964cdaf9187e737a,stim_d7f94d5c63739b65,render_551362ca0ff22f33,1.1.0,raster_binary,bbox_height_matched,density|geometry|layout|proportion|reading_rhythm|stroke_gesture|uniformity|visual_center,direct,valid,,4d800e346b040f885277c164e937c2514144ed6292066deb66bb1fc465b2de05,"{""bbox_aspect_ratio"": 284, ""bbox_fill_ratio"": 23431, ""ink_coverage_ratio"": 23431, ""whitespace_ratio"": 2073721}","{""bbox_aspect_ratio"": 320, ""bbox_fill_ratio"": 90880, ""ink_coverage_ratio"": 2097152, ""whitespace_ratio"": 2097152}","{""bbox_aspect_ratio"": ""ratio"", ""bbox_fill_ratio"": ""ratio"", ""centroid_x_norm"": ""ratio"", ""centroid_y_norm"": ""ratio"", ""closure_count"": ""count"", ""connected_component_count"": ""count"", ""ink_coverage_ratio"": ""ratio"", ""inter_glyph_spacing_mean_norm"": ""ratio"", ""inter_glyph_spacing_sd_norm"": ""ratio"", ""rhythm_periodicity"": ""ratio"", ""straight_curve_ratio"": ""ratio"", ""symmetry_horizontal"": ""ratio"", ""symmetry_vertical"": ""ratio"", ""unit_area_cv"": ""ratio"", ""unit_height_cv"": ""ratio"", ""unit_width_cv"": ""ratio"", ""whitespace_ratio"": ""ratio""}","{""bbox_aspect_ratio"": ""direct"", ""bbox_fill_ratio"": ""direct"", ""centroid_x_norm"": ""direct"", ""centroid_y_norm"": ""direct"", ""closure_count"": ""direct"", ""connected_component_count"": ""direct"", ""ink_coverage_ratio"": ""direct"", ""inter_glyph_spacing_mean_norm"": ""not_applicable"", ""inter_glyph_spacing_sd_norm"": ""not_applicable"", ""rhythm_periodicity"": ""not_applicable"", ""straight_curve_ratio"": ""protocol_dependent"", ""symmetry_horizontal"": ""direct"", ""symmetry_vertical"": ""direct"", ""unit_area_cv"": ""not_applicable"", ""unit_height_cv"": ""not_applicable"", ""unit_width_cv"": ""not_applicable"", ""whitespace_ratio"": ""direct""}","{""inter_glyph_spacing_mean_norm"": ""MEASURE_NOT_APPLICABLE"", ""inter_glyph_spacing_sd_norm"": ""MEASURE_NOT_APPLICABLE"", ""rhythm_periodicity"": ""MEASURE_NOT_APPLICABLE"", ""unit_area_cv"": ""MEASURE_NOT_APPLICABLE"", ""unit_height_cv"": ""MEASURE_NOT_APPLICABLE"", ""unit_width_cv"": ""MEASURE_NOT_APPLICABLE""}",0.011172771453857422,0.9888272285461426,0.25782350352112676,0.8875,2,0,0.983393669128418,0.9912347793579102,0.9358373343758495,0.4954401520688404,0.4881347510376211,,,,,,
feat_21296df6dc460b052239,stim_d7f94d5c63739b65,render_551362ca0ff22f33,1.1.0,raster_grayscale,bbox_height_matched,density|geometry|layout|proportion|reading_rhythm|stroke_gesture|uniformity|visual_center,direct,valid,,4d800e346b040f885277c164e937c2514144ed6292066deb66bb1fc465b2de05,"{""bbox_aspect_ratio"": 284, ""bbox_fill_ratio"": 25122, ""ink_coverage_ratio"": 25122, ""whitespace_ratio"": 2072030}","{""bbox_aspect_ratio"": 320, ""bbox_fill_ratio"": 90880, ""ink_coverage_ratio"": 2097152, ""whitespace_ratio"": 2097152}","{""bbox_aspect_ratio"": ""ratio"", ""bbox_fill_ratio"": ""ratio"", ""centroid_x_norm"": ""ratio"", ""centroid_y_norm"": ""ratio"", ""closure_count"": ""count"", ""connected_component_count"": ""count"", ""ink_coverage_ratio"": ""ratio"", ""inter_glyph_spacing_mean_norm"": ""ratio"", ""inter_glyph_spacing_sd_norm"": ""ratio"", ""rhythm_periodicity"": ""ratio"", ""straight_curve_ratio"": ""ratio"", ""symmetry_horizontal"": ""ratio"", ""symmetry_vertical"": ""ratio"", ""unit_area_cv"": ""ratio"", ""unit_height_cv"": ""ratio"", ""unit_width_cv"": ""ratio"", ""whitespace_ratio"": ""ratio""}","{""bbox_aspect_ratio"": ""direct"", ""bbox_fill_ratio"": ""direct"", ""centroid_x_norm"": ""direct"", ""centroid_y_norm"": ""direct"", ""closure_count"": ""direct"", ""connected_component_count"": ""direct"", ""ink_coverage_ratio"": ""direct"", ""inter_glyph_spacing_mean_norm"": ""not_applicable"", ""inter_glyph_spacing_sd_norm"": ""not_applicable"", ""rhythm_periodicity"": ""not_applicable"", ""straight_curve_ratio"": ""protocol_dependent"", ""symmetry_horizontal"": ""direct"", ""symmetry_vertical"": ""direct"", ""unit_area_cv"": ""not_applicable"", ""unit_height_cv"": ""not_applicable"", ""unit_width_cv"": ""not_applicable"", ""whitespace_ratio"": ""direct""}","{""inter_glyph_spacing_mean_norm"": ""MEASURE_NOT_APPLICABLE"", ""inter_glyph_spacing_sd_norm"": ""MEASURE_NOT_APPLICABLE"", ""rhythm_periodicity"": ""MEASURE_NOT_APPLICABLE"", ""unit_area_cv"": ""MEASURE_NOT_APPLICABLE"", ""unit_height_cv"": ""MEASURE_NOT_APPLICABLE"", ""unit_width_cv"": ""MEASURE_NOT_APPLICABLE""}",0.011979103088378906,0.9880208969116211,0.2764304577464789,0.8875,26,0,0.9827041625976562,0.9904956817626953,0.919430030482767,0.4958851585512698,0.4885549922627577,,,,,,
feat_73e0f985089dc64df85b,stim_dc10a606617a95b0,render_551362ca0ff22f33,1.1.0,raster_binary,bbox_height_matched,density|geometry|layout|proportion|reading_rhythm|stroke_gesture|uniformity|visual_center,direct,valid,,4d800e346b040f885277c164e937c2514144ed6292066deb66bb1fc465b2de05,"{""bbox_aspect_ratio"": 245, ""bbox_fill_ratio"": 31540, ""ink_coverage_ratio"": 31540, ""whitespace_ratio"": 2065612}","{""bbox_aspect_ratio"": 320, ""bbox_fill_ratio"": 78400, ""ink_coverage_ratio"": 2097152, ""whitespace_ratio"": 2097152}","{""bbox_aspect_ratio"": ""ratio"", ""bbox_fill_ratio"": ""ratio"", ""centroid_x_norm"": ""ratio"", ""centroid_y_norm"": ""ratio"", ""closure_count"": ""count"", ""connected_component_count"": ""count"", ""ink_coverage_ratio"": ""ratio"", ""inter_glyph_spacing_mean_norm"": ""ratio"", ""inter_glyph_spacing_sd_norm"": ""ratio"", ""rhythm_periodicity"": ""ratio"", ""straight_curve_ratio"": ""ratio"", ""symmetry_horizontal"": ""ratio"", ""symmetry_vertical"": ""ratio"", ""unit_area_cv"": ""ratio"", ""unit_height_cv"": ""ratio"", ""unit_width_cv"": ""ratio"", ""whitespace_ratio"": ""ratio""}","{""bbox_aspect_ratio"": ""direct"", ""bbox_fill_ratio"": ""direct"", ""centroid_x_norm"": ""direct"", ""centroid_y_norm"": ""direct"", ""closure_count"": ""direct"", ""connected_component_count"": ""direct"", ""ink_coverage_ratio"": ""direct"", ""inter_glyph_spacing_mean_norm"": ""not_applicable"", ""inter_glyph_spacing_sd_norm"": ""not_applicable"", ""rhythm_periodicity"": ""not_applicable"", ""straight_curve_ratio"": ""protocol_dependent"", ""symmetry_horizontal"": ""direct"", ""symmetry_vertical"": ""direct"", ""unit_area_cv"": ""not_applicable"", ""unit_height_cv"": ""not_applicable"", ""unit_width_cv"": ""not_applicable"", ""whitespace_ratio"": ""direct""}","{""inter_glyph_spacing_mean_norm"": ""MEASURE_NOT_APPLICABLE"", ""inter_glyph_spacing_sd_norm"": ""MEASURE_NOT_APPLICABLE"", ""rhythm_periodicity"": ""MEASURE_NOT_APPLICABLE"", ""unit_area_cv"": ""MEASURE_NOT_APPLICABLE"", ""unit_height_cv"": ""MEASURE_NOT_APPLICABLE"", ""unit_width_cv"": ""MEASURE_NOT_APPLICABLE""}",0.015039443969726562,0.9849605560302734,0.40229591836734696,0.765625,1,0,0.9994239807128906,0.9977970123291016,0.9711825991790327,0.5,0.49822429107878885,,,,,,
feat_0af31e96d5e204871759,stim_dc10a606617a95b0,render_551362ca0ff22f33,1.1.0,raster_grayscale,bbox_height_matched,density|geometry|layout|proportion|reading_rhythm|stroke_gesture|uniformity|visual_center,direct,valid,,4d800e346b040f885277c164e937c2514144ed6292066deb66bb1fc465b2de05,"{""bbox_aspect_ratio"": 245, ""bbox_fill_ratio"": 32994, ""ink_coverage_ratio"": 32994, ""whitespace_ratio"": 2064158}","{""bbox_aspect_ratio"": 320, ""bbox_fill_ratio"": 78400, ""ink_coverage_ratio"": 2097152, ""whitespace_ratio"": 2097152}","{""bbox_aspect_ratio"": ""ratio"", ""bbox_fill_ratio"": ""ratio"", ""centroid_x_norm"": ""ratio"", ""centroid_y_norm"": ""ratio"", ""closure_count"": ""count"", ""connected_component_count"": ""count"", ""ink_coverage_ratio"": ""ratio"", ""inter_glyph_spacing_mean_norm"": ""ratio"", ""inter_glyph_spacing_sd_norm"": ""ratio"", ""rhythm_periodicity"": ""ratio"", ""straight_curve_ratio"": ""ratio"", ""symmetry_horizontal"": ""ratio"", ""symmetry_vertical"": ""ratio"", ""unit_area_cv"": ""ratio"", ""unit_height_cv"": ""ratio"", ""unit_width_cv"": ""ratio"", ""whitespace_ratio"": ""ratio""}","{""bbox_aspect_ratio"": ""direct"", ""bbox_fill_ratio"": ""direct"", ""centroid_x_norm"": ""direct"", ""centroid_y_norm"": ""direct"", ""closure_count"": ""direct"", ""connected_component_count"": ""direct"", ""ink_coverage_ratio"": ""direct"", ""inter_glyph_spacing_mean_norm"": ""not_applicable"", ""inter_glyph_spacing_sd_norm"": ""not_applicable"", ""rhythm_periodicity"": ""not_applicable"", ""straight_curve_ratio"": ""protocol_dependent"", ""symmetry_horizontal"": ""direct"", ""symmetry_vertical"": ""direct"", ""unit_area_cv"": ""not_applicable"", ""unit_height_cv"": ""not_applicable"", ""unit_width_cv"": ""not_applicable"", ""whitespace_ratio"": ""direct""}","{""inter_glyph_spacing_mean_norm"": ""MEASURE_NOT_APPLICABLE"", ""inter_glyph_spacing_sd_norm"": ""MEASURE_NOT_APPLICABLE"", ""rhythm_periodicity"": ""MEASURE_NOT_APPLICABLE"", ""unit_area_cv"": ""MEASURE_NOT_APPLICABLE"", ""unit_height_cv"": ""MEASURE_NOT_APPLICABLE"", ""unit_width_cv"": ""MEASURE_NOT_APPLICABLE""}",0.015732765197753906,0.9842672348022461,0.4208418367346939,0.765625,1,1,0.9988880157470703,0.9978466033935547,0.9567035038682422,0.5,0.4982402103412742,,,,,,
feat_34a1e537f2eefed5bd67,stim_dc528afb82c670e6,render_551362ca0ff22f33,1.1.0,raster_binary,bbox_height_matched,density|geometry|layout|proportion|reading_rhythm|stroke_gesture|uniformity|visual_center,direct,valid,,4d800e346b040f885277c164e937c2514144ed6292066deb66bb1fc465b2de05,"{""bbox_aspect_ratio"": 300, ""bbox_fill_ratio"": 16948, ""ink_coverage_ratio"": 16948, ""whitespace_ratio"": 2080204}","{""bbox_aspect_ratio"": 320, ""bbox_fill_ratio"": 96000, ""ink_coverage_ratio"": 2097152, ""whitespace_ratio"": 2097152}","{""bbox_aspect_ratio"": ""ratio"", ""bbox_fill_ratio"": ""ratio"", ""centroid_x_norm"": ""ratio"", ""centroid_y_norm"": ""ratio"", ""closure_count"": ""count"", ""connected_component_count"": ""count"", ""ink_coverage_ratio"": ""ratio"", ""inter_glyph_spacing_mean_norm"": ""ratio"", ""inter_glyph_spacing_sd_norm"": ""ratio"", ""rhythm_periodicity"": ""ratio"", ""straight_curve_ratio"": ""ratio"", ""symmetry_horizontal"": ""ratio"", ""symmetry_vertical"": ""ratio"", ""unit_area_cv"": ""ratio"", ""unit_height_cv"": ""ratio"", ""unit_width_cv"": ""ratio"", ""whitespace_ratio"": ""ratio""}","{""bbox_aspect_ratio"": ""direct"", ""bbox_fill_ratio"": ""direct"", ""centroid_x_norm"": ""direct"", ""centroid_y_norm"": ""direct"", ""closure_count"": ""direct"", ""connected_component_count"": ""direct"", ""ink_coverage_ratio"": ""direct"", ""inter_glyph_spacing_mean_norm"": ""not_applicable"", ""inter_glyph_spacing_sd_norm"": ""not_applicable"", ""rhythm_periodicity"": ""not_applicable"", ""straight_curve_ratio"": ""protocol_dependent"", ""symmetry_horizontal"": ""direct"", ""symmetry_vertical"": ""direct"", ""unit_area_cv"": ""not_applicable"", ""unit_height_cv"": ""not_applicable"", ""unit_width_cv"": ""not_applicable"", ""whitespace_ratio"": ""direct""}","{""inter_glyph_spacing_mean_norm"": ""MEASURE_NOT_APPLICABLE"", ""inter_glyph_spacing_sd_norm"": ""MEASURE_NOT_APPLICABLE"", ""rhythm_periodicity"": ""MEASURE_NOT_APPLICABLE"", ""unit_area_cv"": ""MEASURE_NOT_APPLICABLE"", ""unit_height_cv"": ""MEASURE_NOT_APPLICABLE"", ""unit_width_cv"": ""MEASURE_NOT_APPLICABLE""}",0.008081436157226562,0.9919185638427734,0.17654166666666668,0.9375,1,0,0.9885654449462891,0.9854927062988281,0.4380233211454428,0.4941093943606915,0.5242792291125796,,,,,,
feat_fed3a653c86d72e11880,stim_dc528afb82c670e6,render_551362ca0ff22f33,1.1.0,raster_grayscale,bbox_height_matched,density|geometry|layout|proportion|reading_rhythm|stroke_gesture|uniformity|visual_center,direct,valid,,4d800e346b040f885277c164e937c2514144ed6292066deb66bb1fc465b2de05,"{""bbox_aspect_ratio"": 300, ""bbox_fill_ratio"": 18651, ""ink_coverage_ratio"": 18651, ""whitespace_ratio"": 2078501}","{""bbox_aspect_ratio"": 320, ""bbox_fill_ratio"": 96000, ""ink_coverage_ratio"": 2097152, ""whitespace_ratio"": 2097152}","{""bbox_aspect_ratio"": ""ratio"", ""bbox_fill_ratio"": ""ratio"", ""centroid_x_norm"": ""ratio"", ""centroid_y_norm"": ""ratio"", ""closure_count"": ""count"", ""connected_component_count"": ""count"", ""ink_coverage_ratio"": ""ratio"", ""inter_glyph_spacing_mean_norm"": ""ratio"", ""inter_glyph_spacing_sd_norm"": ""ratio"", ""rhythm_periodicity"": ""ratio"", ""straight_curve_ratio"": ""ratio"", ""symmetry_horizontal"": ""ratio"", ""symmetry_vertical"": ""ratio"", ""unit_area_cv"": ""ratio"", ""unit_height_cv"": ""ratio"", ""unit_width_cv"": ""ratio"", ""whitespace_ratio"": ""ratio""}","{""bbox_aspect_ratio"": ""direct"", ""bbox_fill_ratio"": ""direct"", ""centroid_x_norm"": ""direct"", ""centroid_y_norm"": ""direct"", ""closure_count"": ""direct"", ""connected_component_count"": ""direct"", ""ink_coverage_ratio"": ""direct"", ""inter_glyph_spacing_mean_norm"": ""not_applicable"", ""inter_glyph_spacing_sd_norm"": ""not_applicable"", ""rhythm_periodicity"": ""not_applicable"", ""straight_curve_ratio"": ""protocol_dependent"", ""symmetry_horizontal"": ""direct"", ""symmetry_vertical"": ""direct"", ""unit_area_cv"": ""not_applicable"", ""unit_height_cv"": ""not_applicable"", ""unit_width_cv"": ""not_applicable"", ""whitespace_ratio"": ""direct""}","{""inter_glyph_spacing_mean_norm"": ""MEASURE_NOT_APPLICABLE"", ""inter_glyph_spacing_sd_norm"": ""MEASURE_NOT_APPLICABLE"", ""rhythm_periodicity"": ""MEASURE_NOT_APPLICABLE"", ""unit_area_cv"": ""MEASURE_NOT_APPLICABLE"", ""unit_height_cv"": ""MEASURE_NOT_APPLICABLE"", ""unit_width_cv"": ""MEASURE_NOT_APPLICABLE""}",0.008893489837646484,0.9911065101623535,0.19428125,0.9375,3,615,0.9879236221313477,0.9842424392700195,0.21221751315123227,0.4941737425690982,0.524491502633907,,,,,,
feat_01642ee9d002ee0d326a,stim_dcdd0d2dc4a3d9a3,render_551362ca0ff22f33,1.1.0,raster_binary,bbox_height_matched,density|geometry|layout|proportion|reading_rhythm|stroke_gesture|uniformity|visual_center,direct,valid,,4d800e346b040f885277c164e937c2514144ed6292066deb66bb1fc465b2de05,"{""bbox_aspect_ratio"": 286, ""bbox_fill_ratio"": 27503, ""ink_coverage_ratio"": 27503, ""whitespace_ratio"": 2069649}","{""bbox_aspect_ratio"": 320, ""bbox_fill_ratio"": 91520, ""ink_coverage_ratio"": 2097152, ""whitespace_ratio"": 2097152}","{""bbox_aspect_ratio"": ""ratio"", ""bbox_fill_ratio"": ""ratio"", ""centroid_x_norm"": ""ratio"", ""centroid_y_norm"": ""ratio"", ""closure_count"": ""count"", ""connected_component_count"": ""count"", ""ink_coverage_ratio"": ""ratio"", ""inter_glyph_spacing_mean_norm"": ""ratio"", ""inter_glyph_spacing_sd_norm"": ""ratio"", ""rhythm_periodicity"": ""ratio"", ""straight_curve_ratio"": ""ratio"", ""symmetry_horizontal"": ""ratio"", ""symmetry_vertical"": ""ratio"", ""unit_area_cv"": ""ratio"", ""unit_height_cv"": ""ratio"", ""unit_width_cv"": ""ratio"", ""whitespace_ratio"": ""ratio""}","{""bbox_aspect_ratio"": ""direct"", ""bbox_fill_ratio"": ""direct"", ""centroid_x_norm"": ""direct"", ""centroid_y_norm"": ""direct"", ""closure_count"": ""direct"", ""connected_component_count"": ""direct"", ""ink_coverage_ratio"": ""direct"", ""inter_glyph_spacing_mean_norm"": ""not_applicable"", ""inter_glyph_spacing_sd_norm"": ""not_applicable"", ""rhythm_periodicity"": ""not_applicable"", ""straight_curve_ratio"": ""protocol_dependent"", ""symmetry_horizontal"": ""direct"", ""symmetry_vertical"": ""direct"", ""unit_area_cv"": ""not_applicable"", ""unit_height_cv"": ""not_applicable"", ""unit_width_cv"": ""not_applicable"", ""whitespace_ratio"": ""direct""}","{""inter_glyph_spacing_mean_norm"": ""MEASURE_NOT_APPLICABLE"", ""inter_glyph_spacing_sd_norm"": ""MEASURE_NOT_APPLICABLE"", ""rhythm_periodicity"": ""MEASURE_NOT_APPLICABLE"", ""unit_area_cv"": ""MEASURE_NOT_APPLICABLE"", ""unit_height_cv"": ""MEASURE_NOT_APPLICABLE"", ""unit_width_cv"": ""MEASURE_NOT_APPLICABLE""}",0.013114452362060547,0.9868855476379395,0.3005135489510489,0.89375,2,1,0.9806947708129883,0.9918031692504883,0.9616812979427289,0.49439081077518815,0.49001437059139,,,,,,
feat_93fbc16ee55f8c067af8,stim_dcdd0d2dc4a3d9a3,render_551362ca0ff22f33,1.1.0,raster_grayscale,bbox_height_matched,density|geometry|layout|proportion|reading_rhythm|stroke_gesture|uniformity|visual_center,direct,valid,,4d800e346b040f885277c164e937c2514144ed6292066deb66bb1fc465b2de05,"{""bbox_aspect_ratio"": 286, ""bbox_fill_ratio"": 29982, ""ink_coverage_ratio"": 29982, ""whitespace_ratio"": 2067170}","{""bbox_aspect_ratio"": 320, ""bbox_fill_ratio"": 91520, ""ink_coverage_ratio"": 2097152, ""whitespace_ratio"": 2097152}","{""bbox_aspect_ratio"": ""ratio"", ""bbox_fill_ratio"": ""ratio"", ""centroid_x_norm"": ""ratio"", ""centroid_y_norm"": ""ratio"", ""closure_count"": ""count"", ""connected_component_count"": ""count"", ""ink_coverage_ratio"": ""ratio"", ""inter_glyph_spacing_mean_norm"": ""ratio"", ""inter_glyph_spacing_sd_norm"": ""ratio"", ""rhythm_periodicity"": ""ratio"", ""straight_curve_ratio"": ""ratio"", ""symmetry_horizontal"": ""ratio"", ""symmetry_vertical"": ""ratio"", ""unit_area_cv"": ""ratio"", ""unit_height_cv"": ""ratio"", ""unit_width_cv"": ""ratio"", ""whitespace_ratio"": ""ratio""}","{""bbox_aspect_ratio"": ""direct"", ""bbox_fill_ratio"": ""direct"", ""centroid_x_norm"": ""direct"", ""centroid_y_norm"": ""direct"", ""closure_count"": ""direct"", ""connected_component_count"": ""direct"", ""ink_coverage_ratio"": ""direct"", ""inter_glyph_spacing_mean_norm"": ""not_applicable"", ""inter_glyph_spacing_sd_norm"": ""not_applicable"", ""rhythm_periodicity"": ""not_applicable"", ""straight_curve_ratio"": ""protocol_dependent"", ""symmetry_horizontal"": ""direct"", ""symmetry_vertical"": ""direct"", ""unit_area_cv"": ""not_applicable"", ""unit_height_cv"": ""not_applicable"", ""unit_width_cv"": ""not_applicable"", ""whitespace_ratio"": ""direct""}","{""inter_glyph_spacing_mean_norm"": ""MEASURE_NOT_APPLICABLE"", ""inter_glyph_spacing_sd_norm"": ""MEASURE_NOT_APPLICABLE"", ""rhythm_periodicity"": ""MEASURE_NOT_APPLICABLE"", ""unit_area_cv"": ""MEASURE_NOT_APPLICABLE"", ""unit_height_cv"": ""MEASURE_NOT_APPLICABLE"", ""unit_width_cv"": ""MEASURE_NOT_APPLICABLE""}",0.014296531677246094,0.9857034683227539,0.32760052447552446,0.89375,5,5,0.980133056640625,0.9912090301513672,0.9450834615573394,0.4950345207124275,0.49089098641476553,,,,,,
feat_cfc5ac0eb10006ece682,stim_dda7c07fe06f9caf,render_551362ca0ff22f33,1.1.0,raster_binary,bbox_height_matched,density|geometry|layout|proportion|reading_rhythm|stroke_gesture|uniformity|visual_center,direct,valid,,4d800e346b040f885277c164e937c2514144ed6292066deb66bb1fc465b2de05,"{""bbox_aspect_ratio"": 301, ""bbox_fill_ratio"": 35494, ""ink_coverage_ratio"": 35494, ""whitespace_ratio"": 2061658}","{""bbox_aspect_ratio"": 320, ""bbox_fill_ratio"": 96320, ""ink_coverage_ratio"": 2097152, ""whitespace_ratio"": 2097152}","{""bbox_aspect_ratio"": ""ratio"", ""bbox_fill_ratio"": ""ratio"", ""centroid_x_norm"": ""ratio"", ""centroid_y_norm"": ""ratio"", ""closure_count"": ""count"", ""connected_component_count"": ""count"", ""ink_coverage_ratio"": ""ratio"", ""inter_glyph_spacing_mean_norm"": ""ratio"", ""inter_glyph_spacing_sd_norm"": ""ratio"", ""rhythm_periodicity"": ""ratio"", ""straight_curve_ratio"": ""ratio"", ""symmetry_horizontal"": ""ratio"", ""symmetry_vertical"": ""ratio"", ""unit_area_cv"": ""ratio"", ""unit_height_cv"": ""ratio"", ""unit_width_cv"": ""ratio"", ""whitespace_ratio"": ""ratio""}","{""bbox_aspect_ratio"": ""direct"", ""bbox_fill_ratio"": ""direct"", ""centroid_x_norm"": ""direct"", ""centroid_y_norm"": ""direct"", ""closure_count"": ""direct"", ""connected_component_count"": ""direct"", ""ink_coverage_ratio"": ""direct"", ""inter_glyph_spacing_mean_norm"": ""not_applicable"", ""inter_glyph_spacing_sd_norm"": ""not_applicable"", ""rhythm_periodicity"": ""not_applicable"", ""straight_curve_ratio"": ""protocol_dependent"", ""symmetry_horizontal"": ""direct"", ""symmetry_vertical"": ""direct"", ""unit_area_cv"": ""not_applicable"", ""unit_height_cv"": ""not_applicable"", ""unit_width_cv"": ""not_applicable"", ""whitespace_ratio"": ""direct""}","{""inter_glyph_spacing_mean_norm"": ""MEASURE_NOT_APPLICABLE"", ""inter_glyph_spacing_sd_norm"": ""MEASURE_NOT_APPLICABLE"", ""rhythm_periodicity"": ""MEASURE_NOT_APPLICABLE"", ""unit_area_cv"": ""MEASURE_NOT_APPLICABLE"", ""unit_height_cv"": ""MEASURE_NOT_APPLICABLE"", ""unit_width_cv"": ""MEASURE_NOT_APPLICABLE""}",0.01692485809326172,0.9830751419067383,0.36850083056478405,0.940625,1,2,0.9820365905761719,0.9800453186035156,0.565670266469582,0.4983627569536401,0.5091831101735504,,,,,,
feat_70afd9d98306a4b88d46,stim_dda7c07fe06f9caf,render_551362ca0ff22f33,1.1.0,raster_grayscale,bbox_height_matched,density|geometry|layout|proportion|reading_rhythm|stroke_gesture|uniformity|visual_center,direct,valid,,4d800e346b040f885277c164e937c2514144ed6292066deb66bb1fc465b2de05,"{""bbox_aspect_ratio"": 301, ""bbox_fill_ratio"": 38858, ""ink_coverage_ratio"": 38858, ""whitespace_ratio"": 2058294}","{""bbox_aspect_ratio"": 320, ""bbox_fill_ratio"": 96320, ""ink_coverage_ratio"": 2097152, ""whitespace_ratio"": 2097152}","{""bbox_aspect_ratio"": ""ratio"", ""bbox_fill_ratio"": ""ratio"", ""centroid_x_norm"": ""ratio"", ""centroid_y_norm"": ""ratio"", ""closure_count"": ""count"", ""connected_component_count"": ""count"", ""ink_coverage_ratio"": ""ratio"", ""inter_glyph_spacing_mean_norm"": ""ratio"", ""inter_glyph_spacing_sd_norm"": ""ratio"", ""rhythm_periodicity"": ""ratio"", ""straight_curve_ratio"": ""ratio"", ""symmetry_horizontal"": ""ratio"", ""symmetry_vertical"": ""ratio"", ""unit_area_cv"": ""ratio"", ""unit_height_cv"": ""ratio"", ""unit_width_cv"": ""ratio"", ""whitespace_ratio"": ""ratio""}","{""bbox_aspect_ratio"": ""direct"", ""bbox_fill_ratio"": ""direct"", ""centroid_x_norm"": ""direct"", ""centroid_y_norm"": ""direct"", ""closure_count"": ""direct"", ""connected_component_count"": ""direct"", ""ink_coverage_ratio"": ""direct"", ""inter_glyph_spacing_mean_norm"": ""not_applicable"", ""inter_glyph_spacing_sd_norm"": ""not_applicable"", ""rhythm_periodicity"": ""not_applicable"", ""straight_curve_ratio"": ""protocol_dependent"", ""symmetry_horizontal"": ""direct"", ""symmetry_vertical"": ""direct"", ""unit_area_cv"": ""not_applicable"", ""unit_height_cv"": ""not_applicable"", ""unit_width_cv"": ""not_applicable"", ""whitespace_ratio"": ""direct""}","{""inter_glyph_spacing_mean_norm"": ""MEASURE_NOT_APPLICABLE"", ""inter_glyph_spacing_sd_norm"": ""MEASURE_NOT_APPLICABLE"", ""rhythm_periodicity"": ""MEASURE_NOT_APPLICABLE"", ""unit_area_cv"": ""MEASURE_NOT_APPLICABLE"", ""unit_height_cv"": ""MEASURE_NOT_APPLICABLE"", ""unit_width_cv"": ""MEASURE_NOT_APPLICABLE""}",0.01852893829345703,0.981471061706543,0.4034260797342193,0.940625,110,399,0.9817867279052734,0.9793529510498047,0.39896193941662855,0.4984474219433579,0.5087411114667507,,,,,,
feat_9a3264a7bc2b1e0d5c7f,stim_def37c6ed971c3f8,render_551362ca0ff22f33,1.1.0,raster_binary,ink_area_matched,density|geometry|layout|proportion|reading_rhythm|stroke_gesture|uniformity|visual_center,direct,valid,,4d800e346b040f885277c164e937c2514144ed6292066deb66bb1fc465b2de05,"{""bbox_aspect_ratio"": 1140, ""bbox_fill_ratio"": 104895, ""ink_coverage_ratio"": 104895, ""whitespace_ratio"": 1992257}","{""bbox_aspect_ratio"": 667, ""bbox_fill_ratio"": 760380, ""ink_coverage_ratio"": 2097152, ""whitespace_ratio"": 2097152}","{""bbox_aspect_ratio"": ""ratio"", ""bbox_fill_ratio"": ""ratio"", ""centroid_x_norm"": ""ratio"", ""centroid_y_norm"": ""ratio"", ""closure_count"": ""count"", ""connected_component_count"": ""count"", ""ink_coverage_ratio"": ""ratio"", ""inter_glyph_spacing_mean_norm"": ""ratio"", ""inter_glyph_spacing_sd_norm"": ""ratio"", ""rhythm_periodicity"": ""ratio"", ""straight_curve_ratio"": ""ratio"", ""symmetry_horizontal"": ""ratio"", ""symmetry_vertical"": ""ratio"", ""unit_area_cv"": ""ratio"", ""unit_height_cv"": ""ratio"", ""unit_width_cv"": ""ratio"", ""whitespace_ratio"": ""ratio""}","{""bbox_aspect_ratio"": ""direct"", ""bbox_fill_ratio"": ""direct"", ""centroid_x_norm"": ""direct"", ""centroid_y_norm"": ""direct"", ""closure_count"": ""direct"", ""connected_component_count"": ""direct"", ""ink_coverage_ratio"": ""direct"", ""inter_glyph_spacing_mean_norm"": ""not_applicable"", ""inter_glyph_spacing_sd_norm"": ""not_applicable"", ""rhythm_periodicity"": ""not_applicable"", ""straight_curve_ratio"": ""protocol_dependent"", ""symmetry_horizontal"": ""direct"", ""symmetry_vertical"": ""direct"", ""unit_area_cv"": ""not_applicable"", ""unit_height_cv"": ""not_applicable"", ""unit_width_cv"": ""not_applicable"", ""whitespace_ratio"": ""direct""}","{""inter_glyph_spacing_mean_norm"": ""MEASURE_NOT_APPLICABLE"", ""inter_glyph_spacing_sd_norm"": ""MEASURE_NOT_APPLICABLE"", ""rhythm_periodicity"": ""MEASURE_NOT_APPLICABLE"", ""unit_area_cv"": ""MEASURE_NOT_APPLICABLE"", ""unit_height_cv"": ""MEASURE_NOT_APPLICABLE"", ""unit_width_cv"": ""MEASURE_NOT_APPLICABLE""}",0.0500178337097168,0.9499821662902832,0.13795076146137458,1.7091454272863569,5,1,0.914362907409668,0.9183263778686523,0.6420228723525055,0.49800613951004574,0.524125539229706,,,,,,
feat_183ec4c1ac9e8c7dc5f8,stim_def37c6ed971c3f8,render_551362ca0ff22f33,1.1.0,raster_grayscale,ink_area_matched,density|geometry|layout|proportion|reading_rhythm|stroke_gesture|uniformity|visual_center,direct,valid,,4d800e346b040f885277c164e937c2514144ed6292066deb66bb1fc465b2de05,"{""bbox_aspect_ratio"": 1140, ""bbox_fill_ratio"": 111935, ""ink_coverage_ratio"": 111935, ""whitespace_ratio"": 1985217}","{""bbox_aspect_ratio"": 667, ""bbox_fill_ratio"": 760380, ""ink_coverage_ratio"": 2097152, ""whitespace_ratio"": 2097152}","{""bbox_aspect_ratio"": ""ratio"", ""bbox_fill_ratio"": ""ratio"", ""centroid_x_norm"": ""ratio"", ""centroid_y_norm"": ""ratio"", ""closure_count"": ""count"", ""connected_component_count"": ""count"", ""ink_coverage_ratio"": ""ratio"", ""inter_glyph_spacing_mean_norm"": ""ratio"", ""inter_glyph_spacing_sd_norm"": ""ratio"", ""rhythm_periodicity"": ""ratio"", ""straight_curve_ratio"": ""ratio"", ""symmetry_horizontal"": ""ratio"", ""symmetry_vertical"": ""ratio"", ""unit_area_cv"": ""ratio"", ""unit_height_cv"": ""ratio"", ""unit_width_cv"": ""ratio"", ""whitespace_ratio"": ""ratio""}","{""bbox_aspect_ratio"": ""direct"", ""bbox_fill_ratio"": ""direct"", ""centroid_x_norm"": ""direct"", ""centroid_y_norm"": ""direct"", ""closure_count"": ""direct"", ""connected_component_count"": ""direct"", ""ink_coverage_ratio"": ""direct"", ""inter_glyph_spacing_mean_norm"": ""not_applicable"", ""inter_glyph_spacing_sd_norm"": ""not_applicable"", ""rhythm_periodicity"": ""not_applicable"", ""straight_curve_ratio"": ""protocol_dependent"", ""symmetry_horizontal"": ""direct"", ""symmetry_vertical"": ""direct"", ""unit_area_cv"": ""not_applicable"", ""unit_height_cv"": ""not_applicable"", ""unit_width_cv"": ""not_applicable"", ""whitespace_ratio"": ""direct""}","{""inter_glyph_spacing_mean_norm"": ""MEASURE_NOT_APPLICABLE"", ""inter_glyph_spacing_sd_norm"": ""MEASURE_NOT_APPLICABLE"", ""rhythm_periodicity"": ""MEASURE_NOT_APPLICABLE"", ""unit_area_cv"": ""MEASURE_NOT_APPLICABLE"", ""unit_height_cv"": ""MEASURE_NOT_APPLICABLE"", ""unit_width_cv"": ""MEASURE_NOT_APPLICABLE""}",0.0533747673034668,0.9466252326965332,0.1472092900917962,1.7091454272863569,91,1055,0.910099983215332,0.9143571853637695,0.449628500003159,0.5004772274715795,0.5232896306310582,,,,,,
feat_254168c4a03870b0691f,stim_dfd2d488d9b506cd,render_551362ca0ff22f33,1.1.0,raster_binary,ink_area_matched,density|geometry|layout|proportion|reading_rhythm|stroke_gesture|uniformity|visual_center,protocol_dependent,valid,,4d800e346b040f885277c164e937c2514144ed6292066deb66bb1fc465b2de05,"{""bbox_aspect_ratio"": 1365, ""bbox_fill_ratio"": 104788, ""ink_coverage_ratio"": 104788, ""whitespace_ratio"": 1992364}","{""bbox_aspect_ratio"": 344, ""bbox_fill_ratio"": 469560, ""ink_coverage_ratio"": 2097152, ""whitespace_ratio"": 2097152}","{""bbox_aspect_ratio"": ""ratio"", ""bbox_fill_ratio"": ""ratio"", ""centroid_x_norm"": ""ratio"", ""centroid_y_norm"": ""ratio"", ""closure_count"": ""count"", ""connected_component_count"": ""count"", ""ink_coverage_ratio"": ""ratio"", ""inter_glyph_spacing_mean_norm"": ""ratio"", ""inter_glyph_spacing_sd_norm"": ""ratio"", ""rhythm_periodicity"": ""ratio"", ""straight_curve_ratio"": ""ratio"", ""symmetry_horizontal"": ""ratio"", ""symmetry_vertical"": ""ratio"", ""unit_area_cv"": ""ratio"", ""unit_height_cv"": ""ratio"", ""unit_width_cv"": ""ratio"", ""whitespace_ratio"": ""ratio""}","{""bbox_aspect_ratio"": ""direct"", ""bbox_fill_ratio"": ""direct"", ""centroid_x_norm"": ""direct"", ""centroid_y_norm"": ""direct"", ""closure_count"": ""direct"", ""connected_component_count"": ""direct"", ""ink_coverage_ratio"": ""direct"", ""inter_glyph_spacing_mean_norm"": ""protocol_dependent"", ""inter_glyph_spacing_sd_norm"": ""protocol_dependent"", ""rhythm_periodicity"": ""protocol_dependent"", ""straight_curve_ratio"": ""protocol_dependent"", ""symmetry_horizontal"": ""direct"", ""symmetry_vertical"": ""direct"", ""unit_area_cv"": ""protocol_dependent"", ""unit_height_cv"": ""protocol_dependent"", ""unit_width_cv"": ""protocol_dependent"", ""whitespace_ratio"": ""direct""}","{""rhythm_periodicity"": ""MEASURE_SEQUENCE_TOO_SHORT""}",0.04996681213378906,0.9500331878662109,0.22316210920862084,3.9680232558139537,8,0,0.9250507354736328,0.9540348052978516,0.8916326078358744,0.5178813273958492,0.47476837348086137,0.12790697674418605,0.004747073144928637,,0.09502720330809687,0.014755397728029402,0.001455604075691412
feat_e0eba766818470f925a1,stim_dfd2d488d9b506cd,render_551362ca0ff22f33,1.1.0,raster_grayscale,ink_area_matched,density|geometry|layout|proportion|reading_rhythm|stroke_gesture|uniformity|visual_center,protocol_dependent,valid,,4d800e346b040f885277c164e937c2514144ed6292066deb66bb1fc465b2de05,"{""bbox_aspect_ratio"": 1365, ""bbox_fill_ratio"": 113144, ""ink_coverage_ratio"": 113144, ""whitespace_ratio"": 1984008}","{""bbox_aspect_ratio"": 344, ""bbox_fill_ratio"": 469560, ""ink_coverage_ratio"": 2097152, ""whitespace_ratio"": 2097152}","{""bbox_aspect_ratio"": ""ratio"", ""bbox_fill_ratio"": ""ratio"", ""centroid_x_norm"": ""ratio"", ""centroid_y_norm"": ""ratio"", ""closure_count"": ""count"", ""connected_component_count"": ""count"", ""ink_coverage_ratio"": ""ratio"", ""inter_glyph_spacing_mean_norm"": ""ratio"", ""inter_glyph_spacing_sd_norm"": ""ratio"", ""rhythm_periodicity"": ""ratio"", ""straight_curve_ratio"": ""ratio"", ""symmetry_horizontal"": ""ratio"", ""symmetry_vertical"": ""ratio"", ""unit_area_cv"": ""ratio"", ""unit_height_cv"": ""ratio"", ""unit_width_cv"": ""ratio"", ""whitespace_ratio"": ""ratio""}","{""bbox_aspect_ratio"": ""direct"", ""bbox_fill_ratio"": ""direct"", ""centroid_x_norm"": ""direct"", ""centroid_y_norm"": ""direct"", ""closure_count"": ""direct"", ""connected_component_count"": ""direct"", ""ink_coverage_ratio"": ""direct"", ""inter_glyph_spacing_mean_norm"": ""protocol_dependent"", ""inter_glyph_spacing_sd_norm"": ""protocol_dependent"", ""rhythm_periodicity"": ""protocol_dependent"", ""straight_curve_ratio"": ""protocol_dependent"", ""symmetry_horizontal"": ""direct"", ""symmetry_vertical"": ""direct"", ""unit_area_cv"": ""protocol_dependent"", ""unit_height_cv"": ""protocol_dependent"", ""unit_width_cv"": ""protocol_dependent"", ""whitespace_ratio"": ""direct""}","{""rhythm_periodicity"": ""MEASURE_SEQUENCE_TOO_SHORT""}",0.053951263427734375,0.9460487365722656,0.2409574921202828,3.9680232558139537,106,177,0.9213981628417969,0.9499301910400391,0.7479936908731664,0.5172569168631346,0.4747336807795818,0.12790697674418605,0.004747073144928637,,0.10233910104986277,0.014755397728029402,0.001455604075691412
feat_25b376476a4e7a7fd599,stim_e068d89bc4d9efb9,render_551362ca0ff22f33,1.1.0,raster_binary,ink_area_matched,density|geometry|layout|proportion|reading_rhythm|stroke_gesture|uniformity|visual_center,direct,valid,,4d800e346b040f885277c164e937c2514144ed6292066deb66bb1fc465b2de05,"{""bbox_aspect_ratio"": 576, ""bbox_fill_ratio"": 104930, ""ink_coverage_ratio"": 104930, ""whitespace_ratio"": 1992222}","{""bbox_aspect_ratio"": 645, ""bbox_fill_ratio"": 371520, ""ink_coverage_ratio"": 2097152, ""whitespace_ratio"": 2097152}","{""bbox_aspect_ratio"": ""ratio"", ""bbox_fill_ratio"": ""ratio"", ""centroid_x_norm"": ""ratio"", ""centroid_y_norm"": ""ratio"", ""closure_count"": ""count"", ""connected_component_count"": ""count"", ""ink_coverage_ratio"": ""ratio"", ""inter_glyph_spacing_mean_norm"": ""ratio"", ""inter_glyph_spacing_sd_norm"": ""ratio"", ""rhythm_periodicity"": ""ratio"", ""straight_curve_ratio"": ""ratio"", ""symmetry_horizontal"": ""ratio"", ""symmetry_vertical"": ""ratio"", ""unit_area_cv"": ""ratio"", ""unit_height_cv"": ""ratio"", ""unit_width_cv"": ""ratio"", ""whitespace_ratio"": ""ratio""}","{""bbox_aspect_ratio"": ""direct"", ""bbox_fill_ratio"": ""direct"", ""centroid_x_norm"": ""direct"", ""centroid_y_norm"": ""direct"", ""closure_count"": ""direct"", ""connected_component_count"": ""direct"", ""ink_coverage_ratio"": ""direct"", ""inter_glyph_spacing_mean_norm"": ""not_applicable"", ""inter_glyph_spacing_sd_norm"": ""not_applicable"", ""rhythm_periodicity"": ""not_applicable"", ""straight_curve_ratio"": ""protocol_dependent"", ""symmetry_horizontal"": ""direct"", ""symmetry_vertical"": ""direct"", ""unit_area_cv"": ""not_applicable"", ""unit_height_cv"": ""not_applicable"", ""unit_width_cv"": ""not_applicable"", ""whitespace_ratio"": ""direct""}","{""inter_glyph_spacing_mean_norm"": ""MEASURE_NOT_APPLICABLE"", ""inter_glyph_spacing_sd_norm"": ""MEASURE_NOT_APPLICABLE"", ""rhythm_periodicity"": ""MEASURE_NOT_APPLICABLE"", ""unit_area_cv"": ""MEASURE_NOT_APPLICABLE"", ""unit_height_cv"": ""MEASURE_NOT_APPLICABLE"", ""unit_width_cv"": ""MEASURE_NOT_APPLICABLE""}",0.050034523010253906,0.9499654769897461,0.28243432385874245,0.8930232558139535,2,0,0.9316673278808594,0.9498462677001953,0.9430442227228,0.4934140989826551,0.4748303556537692,,,,,,
feat_87371a75e91b06a8746b,stim_e068d89bc4d9efb9,render_551362ca0ff22f33,1.1.0,raster_grayscale,ink_area_matched,density|geometry|layout|proportion|reading_rhythm|stroke_gesture|uniformity|visual_center,direct,valid,,4d800e346b040f885277c164e937c2514144ed6292066deb66bb1fc465b2de05,"{""bbox_aspect_ratio"": 576, ""bbox_fill_ratio"": 111359, ""ink_coverage_ratio"": 111359, ""whitespace_ratio"": 1985793}","{""bbox_aspect_ratio"": 645, ""bbox_fill_ratio"": 371520, ""ink_coverage_ratio"": 2097152, ""whitespace_ratio"": 2097152}","{""bbox_aspect_ratio"": ""ratio"", ""bbox_fill_ratio"": ""ratio"", ""centroid_x_norm"": ""ratio"", ""centroid_y_norm"": ""ratio"", ""closure_count"": ""count"", ""connected_component_count"": ""count"", ""ink_coverage_ratio"": ""ratio"", ""inter_glyph_spacing_mean_norm"": ""ratio"", ""inter_glyph_spacing_sd_norm"": ""ratio"", ""rhythm_periodicity"": ""ratio"", ""straight_curve_ratio"": ""ratio"", ""symmetry_horizontal"": ""ratio"", ""symmetry_vertical"": ""ratio"", ""unit_area_cv"": ""ratio"", ""unit_height_cv"": ""ratio"", ""unit_width_cv"": ""ratio"", ""whitespace_ratio"": ""ratio""}","{""bbox_aspect_ratio"": ""direct"", ""bbox_fill_ratio"": ""direct"", ""centroid_x_norm"": ""direct"", ""centroid_y_norm"": ""direct"", ""closure_count"": ""direct"", ""connected_component_count"": ""direct"", ""ink_coverage_ratio"": ""direct"", ""inter_glyph_spacing_mean_norm"": ""not_applicable"", ""inter_glyph_spacing_sd_norm"": ""not_applicable"", ""rhythm_periodicity"": ""not_applicable"", ""straight_curve_ratio"": ""protocol_dependent"", ""symmetry_horizontal"": ""direct"", ""symmetry_vertical"": ""direct"", ""unit_area_cv"": ""not_applicable"", ""unit_height_cv"": ""not_applicable"", ""unit_width_cv"": ""not_applicable"", ""whitespace_ratio"": ""direct""}","{""inter_glyph_spacing_mean_norm"": ""MEASURE_NOT_APPLICABLE"", ""inter_glyph_spacing_sd_norm"": ""MEASURE_NOT_APPLICABLE"", ""rhythm_periodicity"": ""MEASURE_NOT_APPLICABLE"", ""unit_area_cv"": ""MEASURE_NOT_APPLICABLE"", ""unit_height_cv"": ""MEASURE_NOT_APPLICABLE"", ""unit_width_cv"": ""MEASURE_NOT_APPLICABLE""}",0.0531001091003418,0.9468998908996582,0.29973891042205,0.8930232558139535,32,4,0.9293794631958008,0.9472761154174805,0.9408109162724502,0.4937507550537563,0.47398183851047065,,,,,,
feat_5a13ad0ae6a42a1054c0,stim_e15fa692477ec02a,render_551362ca0ff22f33,1.1.0,raster_binary,ink_area_matched,density|geometry|layout|proportion|reading_rhythm|stroke_gesture|uniformity|visual_center,direct,valid,,4d800e346b040f885277c164e937c2514144ed6292066deb66bb1fc465b2de05,"{""bbox_aspect_ratio"": 671, ""bbox_fill_ratio"": 104751, ""ink_coverage_ratio"": 104751, ""whitespace_ratio"": 1992401}","{""bbox_aspect_ratio"": 709, ""bbox_fill_ratio"": 475739, ""ink_coverage_ratio"": 2097152, ""whitespace_ratio"": 2097152}","{""bbox_aspect_ratio"": ""ratio"", ""bbox_fill_ratio"": ""ratio"", ""centroid_x_norm"": ""ratio"", ""centroid_y_norm"": ""ratio"", ""closure_count"": ""count"", ""connected_component_count"": ""count"", ""ink_coverage_ratio"": ""ratio"", ""inter_glyph_spacing_mean_norm"": ""ratio"", ""inter_glyph_spacing_sd_norm"": ""ratio"", ""rhythm_periodicity"": ""ratio"", ""straight_curve_ratio"": ""ratio"", ""symmetry_horizontal"": ""ratio"", ""symmetry_vertical"": ""ratio"", ""unit_area_cv"": ""ratio"", ""unit_height_cv"": ""ratio"", ""unit_width_cv"": ""ratio"", ""whitespace_ratio"": ""ratio""}","{""bbox_aspect_ratio"": ""direct"", ""bbox_fill_ratio"": ""direct"", ""centroid_x_norm"": ""direct"", ""centroid_y_norm"": ""direct"", ""closure_count"": ""direct"", ""connected_component_count"": ""direct"", ""ink_coverage_ratio"": ""direct"", ""inter_glyph_spacing_mean_norm"": ""not_applicable"", ""inter_glyph_spacing_sd_norm"": ""not_applicable"", ""rhythm_periodicity"": ""not_applicable"", ""straight_curve_ratio"": ""protocol_dependent"", ""symmetry_horizontal"": ""direct"", ""symmetry_vertical"": ""direct"", ""unit_area_cv"": ""not_applicable"", ""unit_height_cv"": ""not_applicable"", ""unit_width_cv"": ""not_applicable"", ""whitespace_ratio"": ""direct""}","{""inter_glyph_spacing_mean_norm"": ""MEASURE_NOT_APPLICABLE"", ""inter_glyph_spacing_sd_norm"": ""MEASURE_NOT_APPLICABLE"", ""rhythm_periodicity"": ""MEASURE_NOT_APPLICABLE"", ""unit_area_cv"": ""MEASURE_NOT_APPLICABLE"", ""unit_height_cv"": ""MEASURE_NOT_APPLICABLE"", ""unit_width_cv"": ""MEASURE_NOT_APPLICABLE""}",0.04994916915893555,0.9500508308410645,0.22018585821217096,0.9464033850493653,2,0,0.9196462631225586,0.9525537490844727,0.7341884980327578,0.5182445258204575,0.4961460317204609,,,,,,
feat_1dbc52872b470935b166,stim_e15fa692477ec02a,render_551362ca0ff22f33,1.1.0,raster_grayscale,ink_area_matched,density|geometry|layout|proportion|reading_rhythm|stroke_gesture|uniformity|visual_center,direct,valid,,4d800e346b040f885277c164e937c2514144ed6292066deb66bb1fc465b2de05,"{""bbox_aspect_ratio"": 671, ""bbox_fill_ratio"": 108885, ""ink_coverage_ratio"": 108885, ""whitespace_ratio"": 1988267}","{""bbox_aspect_ratio"": 709, ""bbox_fill_ratio"": 475739, ""ink_coverage_ratio"": 2097152, ""whitespace_ratio"": 2097152}","{""bbox_aspect_ratio"": ""ratio"", ""bbox_fill_ratio"": ""ratio"", ""centroid_x_norm"": ""ratio"", ""centroid_y_norm"": ""ratio"", ""closure_count"": ""count"", ""connected_component_count"": ""count"", ""ink_coverage_ratio"": ""ratio"", ""inter_glyph_spacing_mean_norm"": ""ratio"", ""inter_glyph_spacing_sd_norm"": ""ratio"", ""rhythm_periodicity"": ""ratio"", ""straight_curve_ratio"": ""ratio"", ""symmetry_horizontal"": ""ratio"", ""symmetry_vertical"": ""ratio"", ""unit_area_cv"": ""ratio"", ""unit_height_cv"": ""ratio"", ""unit_width_cv"": ""ratio"", ""whitespace_ratio"": ""ratio""}","{""bbox_aspect_ratio"": ""direct"", ""bbox_fill_ratio"": ""direct"", ""centroid_x_norm"": ""direct"", ""centroid_y_norm"": ""direct"", ""closure_count"": ""direct"", ""connected_component_count"": ""direct"", ""ink_coverage_ratio"": ""direct"", ""inter_glyph_spacing_mean_norm"": ""not_applicable"", ""inter_glyph_spacing_sd_norm"": ""not_applicable"", ""rhythm_periodicity"": ""not_applicable"", ""straight_curve_ratio"": ""protocol_dependent"", ""symmetry_horizontal"": ""direct"", ""symmetry_vertical"": ""direct"", ""unit_area_cv"": ""not_applicable"", ""unit_height_cv"": ""not_applicable"", ""unit_width_cv"": ""not_applicable"", ""whitespace_ratio"": ""direct""}","{""inter_glyph_spacing_mean_norm"": ""MEASURE_NOT_APPLICABLE"", ""inter_glyph_spacing_sd_norm"": ""MEASURE_NOT_APPLICABLE"", ""rhythm_periodicity"": ""MEASURE_NOT_APPLICABLE"", ""unit_area_cv"": ""MEASURE_NOT_APPLICABLE"", ""unit_height_cv"": ""MEASURE_NOT_APPLICABLE"", ""unit_width_cv"": ""MEASURE_NOT_APPLICABLE""}",0.051920413970947266,0.9480795860290527,0.22887549685857161,0.9464033850493653,18,373,0.9176816940307617,0.950770378112793,0.544846768359933,0.5179951853948547,0.4960633818076411,,,,,,
feat_9756d763b1187957a5a2,stim_e3188958e4f0ba47,render_551362ca0ff22f33,1.1.0,raster_binary,ink_area_matched,density|geometry|layout|proportion|reading_rhythm|stroke_gesture|uniformity|visual_center,direct,valid,,4d800e346b040f885277c164e937c2514144ed6292066deb66bb1fc465b2de05,"{""bbox_aspect_ratio"": 629, ""bbox_fill_ratio"": 104720, ""ink_coverage_ratio"": 104720, ""whitespace_ratio"": 1992432}","{""bbox_aspect_ratio"": 584, ""bbox_fill_ratio"": 367336, ""ink_coverage_ratio"": 2097152, ""whitespace_ratio"": 2097152}","{""bbox_aspect_ratio"": ""ratio"", ""bbox_fill_ratio"": ""ratio"", ""centroid_x_norm"": ""ratio"", ""centroid_y_norm"": ""ratio"", ""closure_count"": ""count"", ""connected_component_count"": ""count"", ""ink_coverage_ratio"": ""ratio"", ""inter_glyph_spacing_mean_norm"": ""ratio"", ""inter_glyph_spacing_sd_norm"": ""ratio"", ""rhythm_periodicity"": ""ratio"", ""straight_curve_ratio"": ""ratio"", ""symmetry_horizontal"": ""ratio"", ""symmetry_vertical"": ""ratio"", ""unit_area_cv"": ""ratio"", ""unit_height_cv"": ""ratio"", ""unit_width_cv"": ""ratio"", ""whitespace_ratio"": ""ratio""}","{""bbox_aspect_ratio"": ""direct"", ""bbox_fill_ratio"": ""direct"", ""centroid_x_norm"": ""direct"", ""centroid_y_norm"": ""direct"", ""closure_count"": ""direct"", ""connected_component_count"": ""direct"", ""ink_coverage_ratio"": ""direct"", ""inter_glyph_spacing_mean_norm"": ""not_applicable"", ""inter_glyph_spacing_sd_norm"": ""not_applicable"", ""rhythm_periodicity"": ""not_applicable"", ""straight_curve_ratio"": ""protocol_dependent"", ""symmetry_horizontal"": ""direct"", ""symmetry_vertical"": ""direct"", ""unit_area_cv"": ""not_applicable"", ""unit_height_cv"": ""not_applicable"", ""unit_width_cv"": ""not_applicable"", ""whitespace_ratio"": ""direct""}","{""inter_glyph_spacing_mean_norm"": ""MEASURE_NOT_APPLICABLE"", ""inter_glyph_spacing_sd_norm"": ""MEASURE_NOT_APPLICABLE"", ""rhythm_periodicity"": ""MEASURE_NOT_APPLICABLE"", ""unit_area_cv"": ""MEASURE_NOT_APPLICABLE"", ""unit_height_cv"": ""MEASURE_NOT_APPLICABLE"", ""unit_width_cv"": ""MEASURE_NOT_APPLICABLE""}",0.04993438720703125,0.9500656127929688,0.2850796001480933,1.077054794520548,1,0,0.9962368011474609,0.9530429840087891,0.7329023928848085,0.49973727838969395,0.5058833973930481,,,,,,
feat_595254f91abf427cc583,stim_e3188958e4f0ba47,render_551362ca0ff22f33,1.1.0,raster_grayscale,ink_area_matched,density|geometry|layout|proportion|reading_rhythm|stroke_gesture|uniformity|visual_center,direct,valid,,4d800e346b040f885277c164e937c2514144ed6292066deb66bb1fc465b2de05,"{""bbox_aspect_ratio"": 629, ""bbox_fill_ratio"": 109161, ""ink_coverage_ratio"": 109161, ""whitespace_ratio"": 1987991}","{""bbox_aspect_ratio"": 584, ""bbox_fill_ratio"": 367336, ""ink_coverage_ratio"": 2097152, ""whitespace_ratio"": 2097152}","{""bbox_aspect_ratio"": ""ratio"", ""bbox_fill_ratio"": ""ratio"", ""centroid_x_norm"": ""ratio"", ""centroid_y_norm"": ""ratio"", ""closure_count"": ""count"", ""connected_component_count"": ""count"", ""ink_coverage_ratio"": ""ratio"", ""inter_glyph_spacing_mean_norm"": ""ratio"", ""inter_glyph_spacing_sd_norm"": ""ratio"", ""rhythm_periodicity"": ""ratio"", ""straight_curve_ratio"": ""ratio"", ""symmetry_horizontal"": ""ratio"", ""symmetry_vertical"": ""ratio"", ""unit_area_cv"": ""ratio"", ""unit_height_cv"": ""ratio"", ""unit_width_cv"": ""ratio"", ""whitespace_ratio"": ""ratio""}","{""bbox_aspect_ratio"": ""direct"", ""bbox_fill_ratio"": ""direct"", ""centroid_x_norm"": ""direct"", ""centroid_y_norm"": ""direct"", ""closure_count"": ""direct"", ""connected_component_count"": ""direct"", ""ink_coverage_ratio"": ""direct"", ""inter_glyph_spacing_mean_norm"": ""not_applicable"", ""inter_glyph_spacing_sd_norm"": ""not_applicable"", ""rhythm_periodicity"": ""not_applicable"", ""straight_curve_ratio"": ""protocol_dependent"", ""symmetry_horizontal"": ""direct"", ""symmetry_vertical"": ""direct"", ""unit_area_cv"": ""not_applicable"", ""unit_height_cv"": ""not_applicable"", ""unit_width_cv"": ""not_applicable"", ""whitespace_ratio"": ""direct""}","{""inter_glyph_spacing_mean_norm"": ""MEASURE_NOT_APPLICABLE"", ""inter_glyph_spacing_sd_norm"": ""MEASURE_NOT_APPLICABLE"", ""rhythm_periodicity"": ""MEASURE_NOT_APPLICABLE"", ""unit_area_cv"": ""MEASURE_NOT_APPLICABLE"", ""unit_height_cv"": ""MEASURE_NOT_APPLICABLE"", ""unit_width_cv"": ""MEASURE_NOT_APPLICABLE""}",0.05205202102661133,0.9479479789733887,0.29716934904283815,1.077054794520548,9,700,0.9958715438842773,0.9515295028686523,0.49274051528377344,0.4997564699446231,0.5062823096446991,,,,,,
feat_c475eb11499d2fdf898d,stim_e4cd77bdeb8a5a87,render_551362ca0ff22f33,1.1.0,raster_binary,ink_area_matched,density|geometry|layout|proportion|reading_rhythm|stroke_gesture|uniformity|visual_center,direct,valid,,4d800e346b040f885277c164e937c2514144ed6292066deb66bb1fc465b2de05,"{""bbox_aspect_ratio"": 518, ""bbox_fill_ratio"": 104878, ""ink_coverage_ratio"": 104878, ""whitespace_ratio"": 1992274}","{""bbox_aspect_ratio"": 549, ""bbox_fill_ratio"": 284382, ""ink_coverage_ratio"": 2097152, ""whitespace_ratio"": 2097152}","{""bbox_aspect_ratio"": ""ratio"", ""bbox_fill_ratio"": ""ratio"", ""centroid_x_norm"": ""ratio"", ""centroid_y_norm"": ""ratio"", ""closure_count"": ""count"", ""connected_component_count"": ""count"", ""ink_coverage_ratio"": ""ratio"", ""inter_glyph_spacing_mean_norm"": ""ratio"", ""inter_glyph_spacing_sd_norm"": ""ratio"", ""rhythm_periodicity"": ""ratio"", ""straight_curve_ratio"": ""ratio"", ""symmetry_horizontal"": ""ratio"", ""symmetry_vertical"": ""ratio"", ""unit_area_cv"": ""ratio"", ""unit_height_cv"": ""ratio"", ""unit_width_cv"": ""ratio"", ""whitespace_ratio"": ""ratio""}","{""bbox_aspect_ratio"": ""direct"", ""bbox_fill_ratio"": ""direct"", ""centroid_x_norm"": ""direct"", ""centroid_y_norm"": ""direct"", ""closure_count"": ""direct"", ""connected_component_count"": ""direct"", ""ink_coverage_ratio"": ""direct"", ""inter_glyph_spacing_mean_norm"": ""not_applicable"", ""inter_glyph_spacing_sd_norm"": ""not_applicable"", ""rhythm_periodicity"": ""not_applicable"", ""straight_curve_ratio"": ""protocol_dependent"", ""symmetry_horizontal"": ""direct"", ""symmetry_vertical"": ""direct"", ""unit_area_cv"": ""not_applicable"", ""unit_height_cv"": ""not_applicable"", ""unit_width_cv"": ""not_applicable"", ""whitespace_ratio"": ""direct""}","{""inter_glyph_spacing_mean_norm"": ""MEASURE_NOT_APPLICABLE"", ""inter_glyph_spacing_sd_norm"": ""MEASURE_NOT_APPLICABLE"", ""rhythm_periodicity"": ""MEASURE_NOT_APPLICABLE"", ""unit_area_cv"": ""MEASURE_NOT_APPLICABLE"", ""unit_height_cv"": ""MEASURE_NOT_APPLICABLE"", ""unit_width_cv"": ""MEASURE_NOT_APPLICABLE""}",0.050009727478027344,0.9499902725219727,0.3687926802680901,0.9435336976320583,1,2,0.9469280242919922,0.9409160614013672,0.5798835412850968,0.4970143369334489,0.5165588510429976,,,,,,
feat_4695af2d1f0b3b649249,stim_e4cd77bdeb8a5a87,render_551362ca0ff22f33,1.1.0,raster_grayscale,ink_area_matched,density|geometry|layout|proportion|reading_rhythm|stroke_gesture|uniformity|visual_center,direct,valid,,4d800e346b040f885277c164e937c2514144ed6292066deb66bb1fc465b2de05,"{""bbox_aspect_ratio"": 518, ""bbox_fill_ratio"": 110509, ""ink_coverage_ratio"": 110509, ""whitespace_ratio"": 1986643}","{""bbox_aspect_ratio"": 549, ""bbox_fill_ratio"": 284382, ""ink_coverage_ratio"": 2097152, ""whitespace_ratio"": 2097152}","{""bbox_aspect_ratio"": ""ratio"", ""bbox_fill_ratio"": ""ratio"", ""centroid_x_norm"": ""ratio"", ""centroid_y_norm"": ""ratio"", ""closure_count"": ""count"", ""connected_component_count"": ""count"", ""ink_coverage_ratio"": ""ratio"", ""inter_glyph_spacing_mean_norm"": ""ratio"", ""inter_glyph_spacing_sd_norm"": ""ratio"", ""rhythm_periodicity"": ""ratio"", ""straight_curve_ratio"": ""ratio"", ""symmetry_horizontal"": ""ratio"", ""symmetry_vertical"": ""ratio"", ""unit_area_cv"": ""ratio"", ""unit_height_cv"": ""ratio"", ""unit_width_cv"": ""ratio"", ""whitespace_ratio"": ""ratio""}","{""bbox_aspect_ratio"": ""direct"", ""bbox_fill_ratio"": ""direct"", ""centroid_x_norm"": ""direct"", ""centroid_y_norm"": ""direct"", ""closure_count"": ""direct"", ""connected_component_count"": ""direct"", ""ink_coverage_ratio"": ""direct"", ""inter_glyph_spacing_mean_norm"": ""not_applicable"", ""inter_glyph_spacing_sd_norm"": ""not_applicable"", ""rhythm_periodicity"": ""not_applicable"", ""straight_curve_ratio"": ""protocol_dependent"", ""symmetry_horizontal"": ""direct"", ""symmetry_vertical"": ""direct"", ""unit_area_cv"": ""not_applicable"", ""unit_height_cv"": ""not_applicable"", ""unit_width_cv"": ""not_applicable"", ""whitespace_ratio"": ""direct""}","{""inter_glyph_spacing_mean_norm"": ""MEASURE_NOT_APPLICABLE"", ""inter_glyph_spacing_sd_norm"": ""MEASURE_NOT_APPLICABLE"", ""rhythm_periodicity"": ""MEASURE_NOT_APPLICABLE"", ""unit_area_cv"": ""MEASURE_NOT_APPLICABLE"", ""unit_height_cv"": ""MEASURE_NOT_APPLICABLE"", ""unit_width_cv"": ""MEASURE_NOT_APPLICABLE""}",0.05269479751586914,0.9473052024841309,0.3885935115443312,0.9435336976320583,170,563,0.9463605880737305,0.939610481262207,0.5191360572273138,0.49698396666221756,0.5161626400338434,,,,,,
feat_bb759652333a410e98c8,stim_e73c85004572b730,render_551362ca0ff22f33,1.1.0,raster_binary,ink_area_matched,density|geometry|layout|proportion|reading_rhythm|stroke_gesture|uniformity|visual_center,direct,valid,,4d800e346b040f885277c164e937c2514144ed6292066deb66bb1fc465b2de05,"{""bbox_aspect_ratio"": 648, ""bbox_fill_ratio"": 104868, ""ink_coverage_ratio"": 104868, ""whitespace_ratio"": 1992284}","{""bbox_aspect_ratio"": 633, ""bbox_fill_ratio"": 410184, ""ink_coverage_ratio"": 2097152, ""whitespace_ratio"": 2097152}","{""bbox_aspect_ratio"": ""ratio"", ""bbox_fill_ratio"": ""ratio"", ""centroid_x_norm"": ""ratio"", ""centroid_y_norm"": ""ratio"", ""closure_count"": ""count"", ""connected_component_count"": ""count"", ""ink_coverage_ratio"": ""ratio"", ""inter_glyph_spacing_mean_norm"": ""ratio"", ""inter_glyph_spacing_sd_norm"": ""ratio"", ""rhythm_periodicity"": ""ratio"", ""straight_curve_ratio"": ""ratio"", ""symmetry_horizontal"": ""ratio"", ""symmetry_vertical"": ""ratio"", ""unit_area_cv"": ""ratio"", ""unit_height_cv"": ""ratio"", ""unit_width_cv"": ""ratio"", ""whitespace_ratio"": ""ratio""}","{""bbox_aspect_ratio"": ""direct"", ""bbox_fill_ratio"": ""direct"", ""centroid_x_norm"": ""direct"", ""centroid_y_norm"": ""direct"", ""closure_count"": ""direct"", ""connected_component_count"": ""direct"", ""ink_coverage_ratio"": ""direct"", ""inter_glyph_spacing_mean_norm"": ""not_applicable"", ""inter_glyph_spacing_sd_norm"": ""not_applicable"", ""rhythm_periodicity"": ""not_applicable"", ""straight_curve_ratio"": ""protocol_dependent"", ""symmetry_horizontal"": ""direct"", ""symmetry_vertical"": ""direct"", ""unit_area_cv"": ""not_applicable"", ""unit_height_cv"": ""not_applicable"", ""unit_width_cv"": ""not_applicable"", ""whitespace_ratio"": ""direct""}","{""inter_glyph_spacing_mean_norm"": ""MEASURE_NOT_APPLICABLE"", ""inter_glyph_spacing_sd_norm"": ""MEASURE_NOT_APPLICABLE"", ""rhythm_periodicity"": ""MEASURE_NOT_APPLICABLE"", ""unit_area_cv"": ""MEASURE_NOT_APPLICABLE"", ""unit_height_cv"": ""MEASURE_NOT_APPLICABLE"", ""unit_width_cv"": ""MEASURE_NOT_APPLICABLE""}",0.05000495910644531,0.9499950408935547,0.25566087414428645,1.0236966824644549,1,0,0.9985828399658203,0.9521751403808594,0.8037103284047562,0.4998164684934275,0.502317645754663,,,,,,
feat_0f5b8525b0f23ea3a8ec,stim_e73c85004572b730,render_551362ca0ff22f33,1.1.0,raster_grayscale,ink_area_matched,density|geometry|layout|proportion|reading_rhythm|stroke_gesture|uniformity|visual_center,direct,valid,,4d800e346b040f885277c164e937c2514144ed6292066deb66bb1fc465b2de05,"{""bbox_aspect_ratio"": 648, ""bbox_fill_ratio"": 109802, ""ink_coverage_ratio"": 109802, ""whitespace_ratio"": 1987350}","{""bbox_aspect_ratio"": 633, ""bbox_fill_ratio"": 410184, ""ink_coverage_ratio"": 2097152, ""whitespace_ratio"": 2097152}","{""bbox_aspect_ratio"": ""ratio"", ""bbox_fill_ratio"": ""ratio"", ""centroid_x_norm"": ""ratio"", ""centroid_y_norm"": ""ratio"", ""closure_count"": ""count"", ""connected_component_count"": ""count"", ""ink_coverage_ratio"": ""ratio"", ""inter_glyph_spacing_mean_norm"": ""ratio"", ""inter_glyph_spacing_sd_norm"": ""ratio"", ""rhythm_periodicity"": ""ratio"", ""straight_curve_ratio"": ""ratio"", ""symmetry_horizontal"": ""ratio"", ""symmetry_vertical"": ""ratio"", ""unit_area_cv"": ""ratio"", ""unit_height_cv"": ""ratio"", ""unit_width_cv"": ""ratio"", ""whitespace_ratio"": ""ratio""}","{""bbox_aspect_ratio"": ""direct"", ""bbox_fill_ratio"": ""direct"", ""centroid_x_norm"": ""direct"", ""centroid_y_norm"": ""direct"", ""closure_count"": ""direct"", ""connected_component_count"": ""direct"", ""ink_coverage_ratio"": ""direct"", ""inter_glyph_spacing_mean_norm"": ""not_applicable"", ""inter_glyph_spacing_sd_norm"": ""not_applicable"", ""rhythm_periodicity"": ""not_applicable"", ""straight_curve_ratio"": ""protocol_dependent"", ""symmetry_horizontal"": ""direct"", ""symmetry_vertical"": ""direct"", ""unit_area_cv"": ""not_applicable"", ""unit_height_cv"": ""not_applicable"", ""unit_width_cv"": ""not_applicable"", ""whitespace_ratio"": ""direct""}","{""inter_glyph_spacing_mean_norm"": ""MEASURE_NOT_APPLICABLE"", ""inter_glyph_spacing_sd_norm"": ""MEASURE_NOT_APPLICABLE"", ""rhythm_periodicity"": ""MEASURE_NOT_APPLICABLE"", ""unit_area_cv"": ""MEASURE_NOT_APPLICABLE"", ""unit_height_cv"": ""MEASURE_NOT_APPLICABLE"", ""unit_width_cv"": ""MEASURE_NOT_APPLICABLE""}",0.05235767364501953,0.9476423263549805,0.26768962221832154,1.0236966824644549,7,700,0.9982566833496094,0.9514923095703125,0.5070742248699548,0.49993952182109613,0.5035899313366332,,,,,,
feat_a5796c5b6242a4fa7944,stim_e8f53e892073dc8f,render_551362ca0ff22f33,1.1.0,raster_binary,ink_area_matched,density|geometry|layout|proportion|reading_rhythm|stroke_gesture|uniformity|visual_center,protocol_dependent,valid,,4d800e346b040f885277c164e937c2514144ed6292066deb66bb1fc465b2de05,"{""bbox_aspect_ratio"": 1318, ""bbox_fill_ratio"": 104821, ""ink_coverage_ratio"": 104821, ""whitespace_ratio"": 1992331}","{""bbox_aspect_ratio"": 314, ""bbox_fill_ratio"": 413852, ""ink_coverage_ratio"": 2097152, ""whitespace_ratio"": 2097152}","{""bbox_aspect_ratio"": ""ratio"", ""bbox_fill_ratio"": ""ratio"", ""centroid_x_norm"": ""ratio"", ""centroid_y_norm"": ""ratio"", ""closure_count"": ""count"", ""connected_component_count"": ""count"", ""ink_coverage_ratio"": ""ratio"", ""inter_glyph_spacing_mean_norm"": ""ratio"", ""inter_glyph_spacing_sd_norm"": ""ratio"", ""rhythm_periodicity"": ""ratio"", ""straight_curve_ratio"": ""ratio"", ""symmetry_horizontal"": ""ratio"", ""symmetry_vertical"": ""ratio"", ""unit_area_cv"": ""ratio"", ""unit_height_cv"": ""ratio"", ""unit_width_cv"": ""ratio"", ""whitespace_ratio"": ""ratio""}","{""bbox_aspect_ratio"": ""direct"", ""bbox_fill_ratio"": ""direct"", ""centroid_x_norm"": ""direct"", ""centroid_y_norm"": ""direct"", ""closure_count"": ""direct"", ""connected_component_count"": ""direct"", ""ink_coverage_ratio"": ""direct"", ""inter_glyph_spacing_mean_norm"": ""protocol_dependent"", ""inter_glyph_spacing_sd_norm"": ""protocol_dependent"", ""rhythm_periodicity"": ""protocol_dependent"", ""straight_curve_ratio"": ""protocol_dependent"", ""symmetry_horizontal"": ""direct"", ""symmetry_vertical"": ""direct"", ""unit_area_cv"": ""protocol_dependent"", ""unit_height_cv"": ""protocol_dependent"", ""unit_width_cv"": ""protocol_dependent"", ""whitespace_ratio"": ""direct""}","{""rhythm_periodicity"": ""MEASURE_SEQUENCE_TOO_SHORT""}",0.049982547760009766,0.9500174522399902,0.25328136628553205,4.197452229299363,7,2,0.9251241683959961,0.9563741683959961,0.7810725278485845,0.5012003396340547,0.5081989102255273,0.14968152866242038,0.013759534391524116,,0.05702727131061744,0.07960604754795357,0.005241757413510791
feat_0842eefef80b48525235,stim_e8f53e892073dc8f,render_551362ca0ff22f33,1.1.0,raster_grayscale,ink_area_matched,density|geometry|layout|proportion|reading_rhythm|stroke_gesture|uniformity|visual_center,protocol_dependent,valid,,4d800e346b040f885277c164e937c2514144ed6292066deb66bb1fc465b2de05,"{""bbox_aspect_ratio"": 1318, ""bbox_fill_ratio"": 115577, ""ink_coverage_ratio"": 115577, ""whitespace_ratio"": 1981575}","{""bbox_aspect_ratio"": 314, ""bbox_fill_ratio"": 413852, ""ink_coverage_ratio"": 2097152, ""whitespace_ratio"": 2097152}","{""bbox_aspect_ratio"": ""ratio"", ""bbox_fill_ratio"": ""ratio"", ""centroid_x_norm"": ""ratio"", ""centroid_y_norm"": ""ratio"", ""closure_count"": ""count"", ""connected_component_count"": ""count"", ""ink_coverage_ratio"": ""ratio"", ""inter_glyph_spacing_mean_norm"": ""ratio"", ""inter_glyph_spacing_sd_norm"": ""ratio"", ""rhythm_periodicity"": ""ratio"", ""straight_curve_ratio"": ""ratio"", ""symmetry_horizontal"": ""ratio"", ""symmetry_vertical"": ""ratio"", ""unit_area_cv"": ""ratio"", ""unit_height_cv"": ""ratio"", ""unit_width_cv"": ""ratio"", ""whitespace_ratio"": ""ratio""}","{""bbox_aspect_ratio"": ""direct"", ""bbox_fill_ratio"": ""direct"", ""centroid_x_norm"": ""direct"", ""centroid_y_norm"": ""direct"", ""closure_count"": ""direct"", ""connected_component_count"": ""direct"", ""ink_coverage_ratio"": ""direct"", ""inter_glyph_spacing_mean_norm"": ""protocol_dependent"", ""inter_glyph_spacing_sd_norm"": ""protocol_dependent"", ""rhythm_periodicity"": ""protocol_dependent"", ""straight_curve_ratio"": ""protocol_dependent"", ""symmetry_horizontal"": ""direct"", ""symmetry_vertical"": ""direct"", ""unit_area_cv"": ""protocol_dependent"", ""unit_height_cv"": ""protocol_dependent"", ""unit_width_cv"": ""protocol_dependent"", ""whitespace_ratio"": ""direct""}","{""rhythm_periodicity"": ""MEASURE_SEQUENCE_TOO_SHORT""}",0.05511140823364258,0.9448885917663574,0.27927133371350144,4.197452229299363,77,981,0.921961784362793,0.9533872604370117,0.5021373740431347,0.49988012337689375,0.508350155632176,0.14968152866242038,0.013759534391524116,,0.059862069891383145,0.07960604754795357,0.005241757413510791
feat_b56adbd1dbdb617057d0,stim_e9bfcbc5dedd6f36,render_551362ca0ff22f33,1.1.0,raster_binary,ink_area_matched,density|geometry|layout|proportion|reading_rhythm|stroke_gesture|uniformity|visual_center,direct,valid,,4d800e346b040f885277c164e937c2514144ed6292066deb66bb1fc465b2de05,"{""bbox_aspect_ratio"": 644, ""bbox_fill_ratio"": 104770, ""ink_coverage_ratio"": 104770, ""whitespace_ratio"": 1992382}","{""bbox_aspect_ratio"": 725, ""bbox_fill_ratio"": 466900, ""ink_coverage_ratio"": 2097152, ""whitespace_ratio"": 2097152}","{""bbox_aspect_ratio"": ""ratio"", ""bbox_fill_ratio"": ""ratio"", ""centroid_x_norm"": ""ratio"", ""centroid_y_norm"": ""ratio"", ""closure_count"": ""count"", ""connected_component_count"": ""count"", ""ink_coverage_ratio"": ""ratio"", ""inter_glyph_spacing_mean_norm"": ""ratio"", ""inter_glyph_spacing_sd_norm"": ""ratio"", ""rhythm_periodicity"": ""ratio"", ""straight_curve_ratio"": ""ratio"", ""symmetry_horizontal"": ""ratio"", ""symmetry_vertical"": ""ratio"", ""unit_area_cv"": ""ratio"", ""unit_height_cv"": ""ratio"", ""unit_width_cv"": ""ratio"", ""whitespace_ratio"": ""ratio""}","{""bbox_aspect_ratio"": ""direct"", ""bbox_fill_ratio"": ""direct"", ""centroid_x_norm"": ""direct"", ""centroid_y_norm"": ""direct"", ""closure_count"": ""direct"", ""connected_component_count"": ""direct"", ""ink_coverage_ratio"": ""direct"", ""inter_glyph_spacing_mean_norm"": ""not_applicable"", ""inter_glyph_spacing_sd_norm"": ""not_applicable"", ""rhythm_periodicity"": ""not_applicable"", ""straight_curve_ratio"": ""protocol_dependent"", ""symmetry_horizontal"": ""direct"", ""symmetry_vertical"": ""direct"", ""unit_area_cv"": ""not_applicable"", ""unit_height_cv"": ""not_applicable"", ""unit_width_cv"": ""not_applicable"", ""whitespace_ratio"": ""direct""}","{""inter_glyph_spacing_mean_norm"": ""MEASURE_NOT_APPLICABLE"", ""inter_glyph_spacing_sd_norm"": ""MEASURE_NOT_APPLICABLE"", ""rhythm_periodicity"": ""MEASURE_NOT_APPLICABLE"", ""unit_area_cv"": ""MEASURE_NOT_APPLICABLE"", ""unit_height_cv"": ""MEASURE_NOT_APPLICABLE"", ""unit_width_cv"": ""MEASURE_NOT_APPLICABLE""}",0.049958229064941406,0.9500417709350586,0.22439494538445062,0.8882758620689655,2,0,0.9209880828857422,0.9688777923583984,0.9215244490230161,0.4974840908955331,0.5054842601651236,,,,,,
feat_50acc32d3720b17bb61a,stim_e9bfcbc5dedd6f36,render_551362ca0ff22f33,1.1.0,raster_grayscale,ink_area_matched,density|geometry|layout|proportion|reading_rhythm|stroke_gesture|uniformity|visual_center,direct,valid,,4d800e346b040f885277c164e937c2514144ed6292066deb66bb1fc465b2de05,"{""bbox_aspect_ratio"": 644, ""bbox_fill_ratio"": 107788, ""ink_coverage_ratio"": 107788, ""whitespace_ratio"": 1989364}","{""bbox_aspect_ratio"": 725, ""bbox_fill_ratio"": 466900, ""ink_coverage_ratio"": 2097152, ""whitespace_ratio"": 2097152}","{""bbox_aspect_ratio"": ""ratio"", ""bbox_fill_ratio"": ""ratio"", ""centroid_x_norm"": ""ratio"", ""centroid_y_norm"": ""ratio"", ""closure_count"": ""count"", ""connected_component_count"": ""count"", ""ink_coverage_ratio"": ""ratio"", ""inter_glyph_spacing_mean_norm"": ""ratio"", ""inter_glyph_spacing_sd_norm"": ""ratio"", ""rhythm_periodicity"": ""ratio"", ""straight_curve_ratio"": ""ratio"", ""symmetry_horizontal"": ""ratio"", ""symmetry_vertical"": ""ratio"", ""unit_area_cv"": ""ratio"", ""unit_height_cv"": ""ratio"", ""unit_width_cv"": ""ratio"", ""whitespace_ratio"": ""ratio""}","{""bbox_aspect_ratio"": ""direct"", ""bbox_fill_ratio"": ""direct"", ""centroid_x_norm"": ""direct"", ""centroid_y_norm"": ""direct"", ""closure_count"": ""direct"", ""connected_component_count"": ""direct"", ""ink_coverage_ratio"": ""direct"", ""inter_glyph_spacing_mean_norm"": ""not_applicable"", ""inter_glyph_spacing_sd_norm"": ""not_applicable"", ""rhythm_periodicity"": ""not_applicable"", ""straight_curve_ratio"": ""protocol_dependent"", ""symmetry_horizontal"": ""direct"", ""symmetry_vertical"": ""direct"", ""unit_area_cv"": ""not_applicable"", ""unit_height_cv"": ""not_applicable"", ""unit_width_cv"": ""not_applicable"", ""whitespace_ratio"": ""direct""}","{""inter_glyph_spacing_mean_norm"": ""MEASURE_NOT_APPLICABLE"", ""inter_glyph_spacing_sd_norm"": ""MEASURE_NOT_APPLICABLE"", ""rhythm_periodicity"": ""MEASURE_NOT_APPLICABLE"", ""unit_area_cv"": ""MEASURE_NOT_APPLICABLE"", ""unit_height_cv"": ""MEASURE_NOT_APPLICABLE"", ""unit_width_cv"": ""MEASURE_NOT_APPLICABLE""}",0.05139732360839844,0.9486026763916016,0.23085885628614264,0.8882758620689655,28,5,0.9194183349609375,0.9678478240966797,0.8639051927730977,0.4977646731895016,0.506171891670455,,,,,,
feat_be957e7834d8f3d02970,stim_ea2b4d6214daeb54,render_551362ca0ff22f33,1.1.0,raster_binary,ink_area_matched,density|geometry|layout|proportion|reading_rhythm|stroke_gesture|uniformity|visual_center,protocol_dependent,valid,,4d800e346b040f885277c164e937c2514144ed6292066deb66bb1fc465b2de05,"{""bbox_aspect_ratio"": 1372, ""bbox_fill_ratio"": 104861, ""ink_coverage_ratio"": 104861, ""whitespace_ratio"": 1992291}","{""bbox_aspect_ratio"": 307, ""bbox_fill_ratio"": 421204, ""ink_coverage_ratio"": 2097152, ""whitespace_ratio"": 2097152}","{""bbox_aspect_ratio"": ""ratio"", ""bbox_fill_ratio"": ""ratio"", ""centroid_x_norm"": ""ratio"", ""centroid_y_norm"": ""ratio"", ""closure_count"": ""count"", ""connected_component_count"": ""count"", ""ink_coverage_ratio"": ""ratio"", ""inter_glyph_spacing_mean_norm"": ""ratio"", ""inter_glyph_spacing_sd_norm"": ""ratio"", ""rhythm_periodicity"": ""ratio"", ""straight_curve_ratio"": ""ratio"", ""symmetry_horizontal"": ""ratio"", ""symmetry_vertical"": ""ratio"", ""unit_area_cv"": ""ratio"", ""unit_height_cv"": ""ratio"", ""unit_width_cv"": ""ratio"", ""whitespace_ratio"": ""ratio""}","{""bbox_aspect_ratio"": ""direct"", ""bbox_fill_ratio"": ""direct"", ""centroid_x_norm"": ""direct"", ""centroid_y_norm"": ""direct"", ""closure_count"": ""direct"", ""connected_component_count"": ""direct"", ""ink_coverage_ratio"": ""direct"", ""inter_glyph_spacing_mean_norm"": ""protocol_dependent"", ""inter_glyph_spacing_sd_norm"": ""protocol_dependent"", ""rhythm_periodicity"": ""protocol_dependent"", ""straight_curve_ratio"": ""protocol_dependent"", ""symmetry_horizontal"": ""direct"", ""symmetry_vertical"": ""direct"", ""unit_area_cv"": ""protocol_dependent"", ""unit_height_cv"": ""protocol_dependent"", ""unit_width_cv"": ""protocol_dependent"", ""whitespace_ratio"": ""direct""}","{""rhythm_periodicity"": ""MEASURE_SEQUENCE_TOO_SHORT""}",0.05000162124633789,0.9499983787536621,0.24895537554249247,4.469055374592834,4,4,0.9387712478637695,0.9491720199584961,0.6100357493482361,0.4896303899850159,0.5058113482520908,0.3127035830618892,0.013819676505274523,,0.09201660162646133,0.06554361501229376,0.045263645191673606
feat_d75c25f7aec4b253a7be,stim_ea2b4d6214daeb54,render_551362ca0ff22f33,1.1.0,raster_grayscale,ink_area_matched,density|geometry|layout|proportion|reading_rhythm|stroke_gesture|uniformity|visual_center,protocol_dependent,valid,,4d800e346b040f885277c164e937c2514144ed6292066deb66bb1fc465b2de05,"{""bbox_aspect_ratio"": 1372, ""bbox_fill_ratio"": 114802, ""ink_coverage_ratio"": 114802, ""whitespace_ratio"": 1982350}","{""bbox_aspect_ratio"": 307, ""bbox_fill_ratio"": 421204, ""ink_coverage_ratio"": 2097152, ""whitespace_ratio"": 2097152}","{""bbox_aspect_ratio"": ""ratio"", ""bbox_fill_ratio"": ""ratio"", ""centroid_x_norm"": ""ratio"", ""centroid_y_norm"": ""ratio"", ""closure_count"": ""count"", ""connected_component_count"": ""count"", ""ink_coverage_ratio"": ""ratio"", ""inter_glyph_spacing_mean_norm"": ""ratio"", ""inter_glyph_spacing_sd_norm"": ""ratio"", ""rhythm_periodicity"": ""ratio"", ""straight_curve_ratio"": ""ratio"", ""symmetry_horizontal"": ""ratio"", ""symmetry_vertical"": ""ratio"", ""unit_area_cv"": ""ratio"", ""unit_height_cv"": ""ratio"", ""unit_width_cv"": ""ratio"", ""whitespace_ratio"": ""ratio""}","{""bbox_aspect_ratio"": ""direct"", ""bbox_fill_ratio"": ""direct"", ""centroid_x_norm"": ""direct"", ""centroid_y_norm"": ""direct"", ""closure_count"": ""direct"", ""connected_component_count"": ""direct"", ""ink_coverage_ratio"": ""direct"", ""inter_glyph_spacing_mean_norm"": ""protocol_dependent"", ""inter_glyph_spacing_sd_norm"": ""protocol_dependent"", ""rhythm_periodicity"": ""protocol_dependent"", ""straight_curve_ratio"": ""protocol_dependent"", ""symmetry_horizontal"": ""direct"", ""symmetry_vertical"": ""direct"", ""unit_area_cv"": ""protocol_dependent"", ""unit_height_cv"": ""protocol_dependent"", ""unit_width_cv"": ""protocol_dependent"", ""whitespace_ratio"": ""direct""}","{""rhythm_periodicity"": ""MEASURE_SEQUENCE_TOO_SHORT""}",0.054741859436035156,0.9452581405639648,0.27255676584267957,4.469055374592834,299,1139,0.9361572265625,0.9466419219970703,0.4223475857489438,0.489752350276182,0.5055559058340665,0.3127035830618892,0.013819676505274523,,0.09339601924017432,0.06554361501229376,0.045263645191673606
feat_afbb3655b4c980db277e,stim_ec373e243ae9a4d8,render_551362ca0ff22f33,1.1.0,raster_binary,bbox_height_matched,density|geometry|layout|proportion|reading_rhythm|stroke_gesture|uniformity|visual_center,direct,valid,,4d800e346b040f885277c164e937c2514144ed6292066deb66bb1fc465b2de05,"{""bbox_aspect_ratio"": 320, ""bbox_fill_ratio"": 24934, ""ink_coverage_ratio"": 24934, ""whitespace_ratio"": 2072218}","{""bbox_aspect_ratio"": 320, ""bbox_fill_ratio"": 102400, ""ink_coverage_ratio"": 2097152, ""whitespace_ratio"": 2097152}","{""bbox_aspect_ratio"": ""ratio"", ""bbox_fill_ratio"": ""ratio"", ""centroid_x_norm"": ""ratio"", ""centroid_y_norm"": ""ratio"", ""closure_count"": ""count"", ""connected_component_count"": ""count"", ""ink_coverage_ratio"": ""ratio"", ""inter_glyph_spacing_mean_norm"": ""ratio"", ""inter_glyph_spacing_sd_norm"": ""ratio"", ""rhythm_periodicity"": ""ratio"", ""straight_curve_ratio"": ""ratio"", ""symmetry_horizontal"": ""ratio"", ""symmetry_vertical"": ""ratio"", ""unit_area_cv"": ""ratio"", ""unit_height_cv"": ""ratio"", ""unit_width_cv"": ""ratio"", ""whitespace_ratio"": ""ratio""}","{""bbox_aspect_ratio"": ""direct"", ""bbox_fill_ratio"": ""direct"", ""centroid_x_norm"": ""direct"", ""centroid_y_norm"": ""direct"", ""closure_count"": ""direct"", ""connected_component_count"": ""direct"", ""ink_coverage_ratio"": ""direct"", ""inter_glyph_spacing_mean_norm"": ""not_applicable"", ""inter_glyph_spacing_sd_norm"": ""not_applicable"", ""rhythm_periodicity"": ""not_applicable"", ""straight_curve_ratio"": ""protocol_dependent"", ""symmetry_horizontal"": ""direct"", ""symmetry_vertical"": ""direct"", ""unit_area_cv"": ""not_applicable"", ""unit_height_cv"": ""not_applicable"", ""unit_width_cv"": ""not_applicable"", ""whitespace_ratio"": ""direct""}","{""inter_glyph_spacing_mean_norm"": ""MEASURE_NOT_APPLICABLE"", ""inter_glyph_spacing_sd_norm"": ""MEASURE_NOT_APPLICABLE"", ""rhythm_periodicity"": ""MEASURE_NOT_APPLICABLE"", ""unit_area_cv"": ""MEASURE_NOT_APPLICABLE"", ""unit_height_cv"": ""MEASURE_NOT_APPLICABLE"", ""unit_width_cv"": ""MEASURE_NOT_APPLICABLE""}",0.011889457702636719,0.9881105422973633,0.24349609375,1.0,1,1,0.9955234527587891,0.9806327819824219,0.5637806490687748,0.49800428208595693,0.49994497191335124,,,,,,
feat_f86ffb714de7094a9919,stim_ec373e243ae9a4d8,render_551362ca0ff22f33,1.1.0,raster_grayscale,bbox_height_matched,density|geometry|layout|proportion|reading_rhythm|stroke_gesture|uniformity|visual_center,direct,valid,,4d800e346b040f885277c164e937c2514144ed6292066deb66bb1fc465b2de05,"{""bbox_aspect_ratio"": 320, ""bbox_fill_ratio"": 27857, ""ink_coverage_ratio"": 27857, ""whitespace_ratio"": 2069295}","{""bbox_aspect_ratio"": 320, ""bbox_fill_ratio"": 102400, ""ink_coverage_ratio"": 2097152, ""whitespace_ratio"": 2097152}","{""bbox_aspect_ratio"": ""ratio"", ""bbox_fill_ratio"": ""ratio"", ""centroid_x_norm"": ""ratio"", ""centroid_y_norm"": ""ratio"", ""closure_count"": ""count"", ""connected_component_count"": ""count"", ""ink_coverage_ratio"": ""ratio"", ""inter_glyph_spacing_mean_norm"": ""ratio"", ""inter_glyph_spacing_sd_norm"": ""ratio"", ""rhythm_periodicity"": ""ratio"", ""straight_curve_ratio"": ""ratio"", ""symmetry_horizontal"": ""ratio"", ""symmetry_vertical"": ""ratio"", ""unit_area_cv"": ""ratio"", ""unit_height_cv"": ""ratio"", ""unit_width_cv"": ""ratio"", ""whitespace_ratio"": ""ratio""}","{""bbox_aspect_ratio"": ""direct"", ""bbox_fill_ratio"": ""direct"", ""centroid_x_norm"": ""direct"", ""centroid_y_norm"": ""direct"", ""closure_count"": ""direct"", ""connected_component_count"": ""direct"", ""ink_coverage_ratio"": ""direct"", ""inter_glyph_spacing_mean_norm"": ""not_applicable"", ""inter_glyph_spacing_sd_norm"": ""not_applicable"", ""rhythm_periodicity"": ""not_applicable"", ""straight_curve_ratio"": ""protocol_dependent"", ""symmetry_horizontal"": ""direct"", ""symmetry_vertical"": ""direct"", ""unit_area_cv"": ""not_applicable"", ""unit_height_cv"": ""not_applicable"", ""unit_width_cv"": ""not_applicable"", ""whitespace_ratio"": ""direct""}","{""inter_glyph_spacing_mean_norm"": ""MEASURE_NOT_APPLICABLE"", ""inter_glyph_spacing_sd_norm"": ""MEASURE_NOT_APPLICABLE"", ""rhythm_periodicity"": ""MEASURE_NOT_APPLICABLE"", ""unit_area_cv"": ""MEASURE_NOT_APPLICABLE"", ""unit_height_cv"": ""MEASURE_NOT_APPLICABLE"", ""unit_width_cv"": ""MEASURE_NOT_APPLICABLE""}",0.013283252716064453,0.9867167472839355,0.272041015625,1.0,20,456,0.995549201965332,0.979039192199707,0.3344198664005489,0.4980419671222673,0.4991936006322468,,,,,,
feat_07fa6d162adc6e1c7106,stim_efc51b10d2ae586d,render_551362ca0ff22f33,1.1.0,raster_binary,ink_area_matched,density|geometry|layout|proportion|reading_rhythm|stroke_gesture|uniformity|visual_center,direct,valid,,4d800e346b040f885277c164e937c2514144ed6292066deb66bb1fc465b2de05,"{""bbox_aspect_ratio"": 611, ""bbox_fill_ratio"": 104867, ""ink_coverage_ratio"": 104867, ""whitespace_ratio"": 1992285}","{""bbox_aspect_ratio"": 602, ""bbox_fill_ratio"": 367822, ""ink_coverage_ratio"": 2097152, ""whitespace_ratio"": 2097152}","{""bbox_aspect_ratio"": ""ratio"", ""bbox_fill_ratio"": ""ratio"", ""centroid_x_norm"": ""ratio"", ""centroid_y_norm"": ""ratio"", ""closure_count"": ""count"", ""connected_component_count"": ""count"", ""ink_coverage_ratio"": ""ratio"", ""inter_glyph_spacing_mean_norm"": ""ratio"", ""inter_glyph_spacing_sd_norm"": ""ratio"", ""rhythm_periodicity"": ""ratio"", ""straight_curve_ratio"": ""ratio"", ""symmetry_horizontal"": ""ratio"", ""symmetry_vertical"": ""ratio"", ""unit_area_cv"": ""ratio"", ""unit_height_cv"": ""ratio"", ""unit_width_cv"": ""ratio"", ""whitespace_ratio"": ""ratio""}","{""bbox_aspect_ratio"": ""direct"", ""bbox_fill_ratio"": ""direct"", ""centroid_x_norm"": ""direct"", ""centroid_y_norm"": ""direct"", ""closure_count"": ""direct"", ""connected_component_count"": ""direct"", ""ink_coverage_ratio"": ""direct"", ""inter_glyph_spacing_mean_norm"": ""not_applicable"", ""inter_glyph_spacing_sd_norm"": ""not_applicable"", ""rhythm_periodicity"": ""not_applicable"", ""straight_curve_ratio"": ""protocol_dependent"", ""symmetry_horizontal"": ""direct"", ""symmetry_vertical"": ""direct"", ""unit_area_cv"": ""not_applicable"", ""unit_height_cv"": ""not_applicable"", ""unit_width_cv"": ""not_applicable"", ""whitespace_ratio"": ""direct""}","{""inter_glyph_spacing_mean_norm"": ""MEASURE_NOT_APPLICABLE"", ""inter_glyph_spacing_sd_norm"": ""MEASURE_NOT_APPLICABLE"", ""rhythm_periodicity"": ""MEASURE_NOT_APPLICABLE"", ""unit_area_cv"": ""MEASURE_NOT_APPLICABLE"", ""unit_height_cv"": ""MEASURE_NOT_APPLICABLE"", ""unit_width_cv"": ""MEASURE_NOT_APPLICABLE""}",0.05000448226928711,0.9499955177307129,0.28510257678986034,1.0149501661129567,3,0,0.9506406784057617,0.9441537857055664,0.603046494545384,0.49334197572878025,0.5200597188730726,,,,,,
feat_0bd4436fb93c0c2c18cb,stim_efc51b10d2ae586d,render_551362ca0ff22f33,1.1.0,raster_grayscale,ink_area_matched,density|geometry|layout|proportion|reading_rhythm|stroke_gesture|uniformity|visual_center,direct,valid,,4d800e346b040f885277c164e937c2514144ed6292066deb66bb1fc465b2de05,"{""bbox_aspect_ratio"": 611, ""bbox_fill_ratio"": 110633, ""ink_coverage_ratio"": 110633, ""whitespace_ratio"": 1986519}","{""bbox_aspect_ratio"": 602, ""bbox_fill_ratio"": 367822, ""ink_coverage_ratio"": 2097152, ""whitespace_ratio"": 2097152}","{""bbox_aspect_ratio"": ""ratio"", ""bbox_fill_ratio"": ""ratio"", ""centroid_x_norm"": ""ratio"", ""centroid_y_norm"": ""ratio"", ""closure_count"": ""count"", ""connected_component_count"": ""count"", ""ink_coverage_ratio"": ""ratio"", ""inter_glyph_spacing_mean_norm"": ""ratio"", ""inter_glyph_spacing_sd_norm"": ""ratio"", ""rhythm_periodicity"": ""ratio"", ""straight_curve_ratio"": ""ratio"", ""symmetry_horizontal"": ""ratio"", ""symmetry_vertical"": ""ratio"", ""unit_area_cv"": ""ratio"", ""unit_height_cv"": ""ratio"", ""unit_width_cv"": ""ratio"", ""whitespace_ratio"": ""ratio""}","{""bbox_aspect_ratio"": ""direct"", ""bbox_fill_ratio"": ""direct"", ""centroid_x_norm"": ""direct"", ""centroid_y_norm"": ""direct"", ""closure_count"": ""direct"", ""connected_component_count"": ""direct"", ""ink_coverage_ratio"": ""direct"", ""inter_glyph_spacing_mean_norm"": ""not_applicable"", ""inter_glyph_spacing_sd_norm"": ""not_applicable"", ""rhythm_periodicity"": ""not_applicable"", ""straight_curve_ratio"": ""protocol_dependent"", ""symmetry_horizontal"": ""direct"", ""symmetry_vertical"": ""direct"", ""unit_area_cv"": ""not_applicable"", ""unit_height_cv"": ""not_applicable"", ""unit_width_cv"": ""not_applicable"", ""whitespace_ratio"": ""direct""}","{""inter_glyph_spacing_mean_norm"": ""MEASURE_NOT_APPLICABLE"", ""inter_glyph_spacing_sd_norm"": ""MEASURE_NOT_APPLICABLE"", ""rhythm_periodicity"": ""MEASURE_NOT_APPLICABLE"", ""unit_area_cv"": ""MEASURE_NOT_APPLICABLE"", ""unit_height_cv"": ""MEASURE_NOT_APPLICABLE"", ""unit_width_cv"": ""MEASURE_NOT_APPLICABLE""}",0.05275392532348633,0.9472460746765137,0.30077863749313527,1.0149501661129567,108,749,0.9488687515258789,0.9425439834594727,0.4977492783328112,0.4932974656352535,0.5196661890411315,,,,,,
feat_a6340679d80b6b9d817b,stim_f00a745b15ce8e52,render_551362ca0ff22f33,1.1.0,raster_binary,ink_area_matched,density|geometry|layout|proportion|reading_rhythm|stroke_gesture|uniformity|visual_center,direct,valid,,4d800e346b040f885277c164e937c2514144ed6292066deb66bb1fc465b2de05,"{""bbox_aspect_ratio"": 611, ""bbox_fill_ratio"": 104940, ""ink_coverage_ratio"": 104940, ""whitespace_ratio"": 1992212}","{""bbox_aspect_ratio"": 635, ""bbox_fill_ratio"": 387985, ""ink_coverage_ratio"": 2097152, ""whitespace_ratio"": 2097152}","{""bbox_aspect_ratio"": ""ratio"", ""bbox_fill_ratio"": ""ratio"", ""centroid_x_norm"": ""ratio"", ""centroid_y_norm"": ""ratio"", ""closure_count"": ""count"", ""connected_component_count"": ""count"", ""ink_coverage_ratio"": ""ratio"", ""inter_glyph_spacing_mean_norm"": ""ratio"", ""inter_glyph_spacing_sd_norm"": ""ratio"", ""rhythm_periodicity"": ""ratio"", ""straight_curve_ratio"": ""ratio"", ""symmetry_horizontal"": ""ratio"", ""symmetry_vertical"": ""ratio"", ""unit_area_cv"": ""ratio"", ""unit_height_cv"": ""ratio"", ""unit_width_cv"": ""ratio"", ""whitespace_ratio"": ""ratio""}","{""bbox_aspect_ratio"": ""direct"", ""bbox_fill_ratio"": ""direct"", ""centroid_x_norm"": ""direct"", ""centroid_y_norm"": ""direct"", ""closure_count"": ""direct"", ""connected_component_count"": ""direct"", ""ink_coverage_ratio"": ""direct"", ""inter_glyph_spacing_mean_norm"": ""not_applicable"", ""inter_glyph_spacing_sd_norm"": ""not_applicable"", ""rhythm_periodicity"": ""not_applicable"", ""straight_curve_ratio"": ""protocol_dependent"", ""symmetry_horizontal"": ""direct"", ""symmetry_vertical"": ""direct"", ""unit_area_cv"": ""not_applicable"", ""unit_height_cv"": ""not_applicable"", ""unit_width_cv"": ""not_applicable"", ""whitespace_ratio"": ""direct""}","{""inter_glyph_spacing_mean_norm"": ""MEASURE_NOT_APPLICABLE"", ""inter_glyph_spacing_sd_norm"": ""MEASURE_NOT_APPLICABLE"", ""rhythm_periodicity"": ""MEASURE_NOT_APPLICABLE"", ""unit_area_cv"": ""MEASURE_NOT_APPLICABLE"", ""unit_height_cv"": ""MEASURE_NOT_APPLICABLE"", ""unit_width_cv"": ""MEASURE_NOT_APPLICABLE""}",0.05003929138183594,0.9499607086181641,0.27047437400930446,0.9622047244094488,4,0,0.9418239593505859,0.9430885314941406,0.6896997863964063,0.49284806161556605,0.54269421626346,,,,,,
feat_1c6d7dc793b884cb6c29,stim_f00a745b15ce8e52,render_551362ca0ff22f33,1.1.0,raster_grayscale,ink_area_matched,density|geometry|layout|proportion|reading_rhythm|stroke_gesture|uniformity|visual_center,direct,valid,,4d800e346b040f885277c164e937c2514144ed6292066deb66bb1fc465b2de05,"{""bbox_aspect_ratio"": 611, ""bbox_fill_ratio"": 110426, ""ink_coverage_ratio"": 110426, ""whitespace_ratio"": 1986726}","{""bbox_aspect_ratio"": 635, ""bbox_fill_ratio"": 387985, ""ink_coverage_ratio"": 2097152, ""whitespace_ratio"": 2097152}","{""bbox_aspect_ratio"": ""ratio"", ""bbox_fill_ratio"": ""ratio"", ""centroid_x_norm"": ""ratio"", ""centroid_y_norm"": ""ratio"", ""closure_count"": ""count"", ""connected_component_count"": ""count"", ""ink_coverage_ratio"": ""ratio"", ""inter_glyph_spacing_mean_norm"": ""ratio"", ""inter_glyph_spacing_sd_norm"": ""ratio"", ""rhythm_periodicity"": ""ratio"", ""straight_curve_ratio"": ""ratio"", ""symmetry_horizontal"": ""ratio"", ""symmetry_vertical"": ""ratio"", ""unit_area_cv"": ""ratio"", ""unit_height_cv"": ""ratio"", ""unit_width_cv"": ""ratio"", ""whitespace_ratio"": ""ratio""}","{""bbox_aspect_ratio"": ""direct"", ""bbox_fill_ratio"": ""direct"", ""centroid_x_norm"": ""direct"", ""centroid_y_norm"": ""direct"", ""closure_count"": ""direct"", ""connected_component_count"": ""direct"", ""ink_coverage_ratio"": ""direct"", ""inter_glyph_spacing_mean_norm"": ""not_applicable"", ""inter_glyph_spacing_sd_norm"": ""not_applicable"", ""rhythm_periodicity"": ""not_applicable"", ""straight_curve_ratio"": ""protocol_dependent"", ""symmetry_horizontal"": ""direct"", ""symmetry_vertical"": ""direct"", ""unit_area_cv"": ""not_applicable"", ""unit_height_cv"": ""not_applicable"", ""unit_width_cv"": ""not_applicable"", ""whitespace_ratio"": ""direct""}","{""inter_glyph_spacing_mean_norm"": ""MEASURE_NOT_APPLICABLE"", ""inter_glyph_spacing_sd_norm"": ""MEASURE_NOT_APPLICABLE"", ""rhythm_periodicity"": ""MEASURE_NOT_APPLICABLE"", ""unit_area_cv"": ""MEASURE_NOT_APPLICABLE"", ""unit_height_cv"": ""MEASURE_NOT_APPLICABLE"", ""unit_width_cv"": ""MEASURE_NOT_APPLICABLE""}",0.05265522003173828,0.9473447799682617,0.2846140959057695,0.9622047244094488,45,753,0.9398365020751953,0.9409332275390625,0.4783861896935348,0.49240812993543187,0.5420124304822913,,,,,,
feat_7a038b801ea8e2f11532,stim_f298ba61c58d0310,render_551362ca0ff22f33,1.1.0,raster_binary,bbox_height_matched,density|geometry|layout|proportion|reading_rhythm|stroke_gesture|uniformity|visual_center,direct,valid,,4d800e346b040f885277c164e937c2514144ed6292066deb66bb1fc465b2de05,"{""bbox_aspect_ratio"": 302, ""bbox_fill_ratio"": 26792, ""ink_coverage_ratio"": 26792, ""whitespace_ratio"": 2070360}","{""bbox_aspect_ratio"": 320, ""bbox_fill_ratio"": 96640, ""ink_coverage_ratio"": 2097152, ""whitespace_ratio"": 2097152}","{""bbox_aspect_ratio"": ""ratio"", ""bbox_fill_ratio"": ""ratio"", ""centroid_x_norm"": ""ratio"", ""centroid_y_norm"": ""ratio"", ""closure_count"": ""count"", ""connected_component_count"": ""count"", ""ink_coverage_ratio"": ""ratio"", ""inter_glyph_spacing_mean_norm"": ""ratio"", ""inter_glyph_spacing_sd_norm"": ""ratio"", ""rhythm_periodicity"": ""ratio"", ""straight_curve_ratio"": ""ratio"", ""symmetry_horizontal"": ""ratio"", ""symmetry_vertical"": ""ratio"", ""unit_area_cv"": ""ratio"", ""unit_height_cv"": ""ratio"", ""unit_width_cv"": ""ratio"", ""whitespace_ratio"": ""ratio""}","{""bbox_aspect_ratio"": ""direct"", ""bbox_fill_ratio"": ""direct"", ""centroid_x_norm"": ""direct"", ""centroid_y_norm"": ""direct"", ""closure_count"": ""direct"", ""connected_component_count"": ""direct"", ""ink_coverage_ratio"": ""direct"", ""inter_glyph_spacing_mean_norm"": ""not_applicable"", ""inter_glyph_spacing_sd_norm"": ""not_applicable"", ""rhythm_periodicity"": ""not_applicable"", ""straight_curve_ratio"": ""protocol_dependent"", ""symmetry_horizontal"": ""direct"", ""symmetry_vertical"": ""direct"", ""unit_area_cv"": ""not_applicable"", ""unit_height_cv"": ""not_applicable"", ""unit_width_cv"": ""not_applicable"", ""whitespace_ratio"": ""direct""}","{""inter_glyph_spacing_mean_norm"": ""MEASURE_NOT_APPLICABLE"", ""inter_glyph_spacing_sd_norm"": ""MEASURE_NOT_APPLICABLE"", ""rhythm_periodicity"": ""MEASURE_NOT_APPLICABLE"", ""unit_area_cv"": ""MEASURE_NOT_APPLICABLE"", ""unit_height_cv"": ""MEASURE_NOT_APPLICABLE"", ""unit_width_cv"": ""MEASURE_NOT_APPLICABLE""}",0.012775421142578125,0.9872245788574219,0.27723509933774837,0.94375,2,4,0.9860610961914062,0.9886722564697266,0.8385533122488468,0.4983376895680147,0.4692508564240258,,,,,,
feat_91141d6ab087921f6a77,stim_f298ba61c58d0310,render_551362ca0ff22f33,1.1.0,raster_grayscale,bbox_height_matched,density|geometry|layout|proportion|reading_rhythm|stroke_gesture|uniformity|visual_center,direct,valid,,4d800e346b040f885277c164e937c2514144ed6292066deb66bb1fc465b2de05,"{""bbox_aspect_ratio"": 302, ""bbox_fill_ratio"": 29138, ""ink_coverage_ratio"": 29138, ""whitespace_ratio"": 2068014}","{""bbox_aspect_ratio"": 320, ""bbox_fill_ratio"": 96640, ""ink_coverage_ratio"": 2097152, ""whitespace_ratio"": 2097152}","{""bbox_aspect_ratio"": ""ratio"", ""bbox_fill_ratio"": ""ratio"", ""centroid_x_norm"": ""ratio"", ""centroid_y_norm"": ""ratio"", ""closure_count"": ""count"", ""connected_component_count"": ""count"", ""ink_coverage_ratio"": ""ratio"", ""inter_glyph_spacing_mean_norm"": ""ratio"", ""inter_glyph_spacing_sd_norm"": ""ratio"", ""rhythm_periodicity"": ""ratio"", ""straight_curve_ratio"": ""ratio"", ""symmetry_horizontal"": ""ratio"", ""symmetry_vertical"": ""ratio"", ""unit_area_cv"": ""ratio"", ""unit_height_cv"": ""ratio"", ""unit_width_cv"": ""ratio"", ""whitespace_ratio"": ""ratio""}","{""bbox_aspect_ratio"": ""direct"", ""bbox_fill_ratio"": ""direct"", ""centroid_x_norm"": ""direct"", ""centroid_y_norm"": ""direct"", ""closure_count"": ""direct"", ""connected_component_count"": ""direct"", ""ink_coverage_ratio"": ""direct"", ""inter_glyph_spacing_mean_norm"": ""not_applicable"", ""inter_glyph_spacing_sd_norm"": ""not_applicable"", ""rhythm_periodicity"": ""not_applicable"", ""straight_curve_ratio"": ""protocol_dependent"", ""symmetry_horizontal"": ""direct"", ""symmetry_vertical"": ""direct"", ""unit_area_cv"": ""not_applicable"", ""unit_height_cv"": ""not_applicable"", ""unit_width_cv"": ""not_applicable"", ""whitespace_ratio"": ""direct""}","{""inter_glyph_spacing_mean_norm"": ""MEASURE_NOT_APPLICABLE"", ""inter_glyph_spacing_sd_norm"": ""MEASURE_NOT_APPLICABLE"", ""rhythm_periodicity"": ""MEASURE_NOT_APPLICABLE"", ""unit_area_cv"": ""MEASURE_NOT_APPLICABLE"", ""unit_height_cv"": ""MEASURE_NOT_APPLICABLE"", ""unit_width_cv"": ""MEASURE_NOT_APPLICABLE""}",0.013894081115722656,0.9861059188842773,0.301510761589404,0.94375,35,94,0.9860286712646484,0.9871158599853516,0.6442646686420808,0.49811713937234026,0.4675835075223934,,,,,,
feat_0536faa3fa22fadeae65,stim_f74d4b587f4a69d0,render_551362ca0ff22f33,1.1.0,raster_binary,ink_area_matched,density|geometry|layout|proportion|reading_rhythm|stroke_gesture|uniformity|visual_center,protocol_dependent,valid,,4d800e346b040f885277c164e937c2514144ed6292066deb66bb1fc465b2de05,"{""bbox_aspect_ratio"": 1050, ""bbox_fill_ratio"": 104795, ""ink_coverage_ratio"": 104795, ""whitespace_ratio"": 1992357}","{""bbox_aspect_ratio"": 317, ""bbox_fill_ratio"": 332850, ""ink_coverage_ratio"": 2097152, ""whitespace_ratio"": 2097152}","{""bbox_aspect_ratio"": ""ratio"", ""bbox_fill_ratio"": ""ratio"", ""centroid_x_norm"": ""ratio"", ""centroid_y_norm"": ""ratio"", ""closure_count"": ""count"", ""connected_component_count"": ""count"", ""ink_coverage_ratio"": ""ratio"", ""inter_glyph_spacing_mean_norm"": ""ratio"", ""inter_glyph_spacing_sd_norm"": ""ratio"", ""rhythm_periodicity"": ""ratio"", ""straight_curve_ratio"": ""ratio"", ""symmetry_horizontal"": ""ratio"", ""symmetry_vertical"": ""ratio"", ""unit_area_cv"": ""ratio"", ""unit_height_cv"": ""ratio"", ""unit_width_cv"": ""ratio"", ""whitespace_ratio"": ""ratio""}","{""bbox_aspect_ratio"": ""direct"", ""bbox_fill_ratio"": ""direct"", ""centroid_x_norm"": ""direct"", ""centroid_y_norm"": ""direct"", ""closure_count"": ""direct"", ""connected_component_count"": ""direct"", ""ink_coverage_ratio"": ""direct"", ""inter_glyph_spacing_mean_norm"": ""protocol_dependent"", ""inter_glyph_spacing_sd_norm"": ""protocol_dependent"", ""rhythm_periodicity"": ""protocol_dependent"", ""straight_curve_ratio"": ""protocol_dependent"", ""symmetry_horizontal"": ""direct"", ""symmetry_vertical"": ""direct"", ""unit_area_cv"": ""protocol_dependent"", ""unit_height_cv"": ""protocol_dependent"", ""unit_width_cv"": ""protocol_dependent"", ""whitespace_ratio"": ""direct""}","{""rhythm_periodicity"": ""MEASURE_SEQUENCE_TOO_SHORT""}",0.049970149993896484,0.9500298500061035,0.31484152020429623,3.312302839116719,4,2,0.9293375015258789,0.9428873062133789,0.6243158704976214,0.4851490978293931,0.4632485596879622,0.12723449001051523,0.062048868525476045,,0.20630637730220278,0.14105291967737094,0.0144
feat_a28cad5784e501e067f6,stim_f74d4b587f4a69d0,render_551362ca0ff22f33,1.1.0,raster_grayscale,ink_area_matched,density|geometry|layout|proportion|reading_rhythm|stroke_gesture|uniformity|visual_center,protocol_dependent,valid,,4d800e346b040f885277c164e937c2514144ed6292066deb66bb1fc465b2de05,"{""bbox_aspect_ratio"": 1050, ""bbox_fill_ratio"": 111284, ""ink_coverage_ratio"": 111284, ""whitespace_ratio"": 1985868}","{""bbox_aspect_ratio"": 317, ""bbox_fill_ratio"": 332850, ""ink_coverage_ratio"": 2097152, ""whitespace_ratio"": 2097152}","{""bbox_aspect_ratio"": ""ratio"", ""bbox_fill_ratio"": ""ratio"", ""centroid_x_norm"": ""ratio"", ""centroid_y_norm"": ""ratio"", ""closure_count"": ""count"", ""connected_component_count"": ""count"", ""ink_coverage_ratio"": ""ratio"", ""inter_glyph_spacing_mean_norm"": ""ratio"", ""inter_glyph_spacing_sd_norm"": ""ratio"", ""rhythm_periodicity"": ""ratio"", ""straight_curve_ratio"": ""ratio"", ""symmetry_horizontal"": ""ratio"", ""symmetry_vertical"": ""ratio"", ""unit_area_cv"": ""ratio"", ""unit_height_cv"": ""ratio"", ""unit_width_cv"": ""ratio"", ""whitespace_ratio"": ""ratio""}","{""bbox_aspect_ratio"": ""direct"", ""bbox_fill_ratio"": ""direct"", ""centroid_x_norm"": ""direct"", ""centroid_y_norm"": ""direct"", ""closure_count"": ""direct"", ""connected_component_count"": ""direct"", ""ink_coverage_ratio"": ""direct"", ""inter_glyph_spacing_mean_norm"": ""protocol_dependent"", ""inter_glyph_spacing_sd_norm"": ""protocol_dependent"", ""rhythm_periodicity"": ""protocol_dependent"", ""straight_curve_ratio"": ""protocol_dependent"", ""symmetry_horizontal"": ""direct"", ""symmetry_vertical"": ""direct"", ""unit_area_cv"": ""protocol_dependent"", ""unit_height_cv"": ""protocol_dependent"", ""unit_width_cv"": ""protocol_dependent"", ""whitespace_ratio"": ""direct""}","{""rhythm_periodicity"": ""MEASURE_SEQUENCE_TOO_SHORT""}",0.05306434631347656,0.9469356536865234,0.3343367883430975,3.312302839116719,145,667,0.9266128540039062,0.9406661987304688,0.4839695027810154,0.48458439878486576,0.46329044136230274,0.12723449001051523,0.062048868525476045,,0.21424595588935813,0.14105291967737094,0.0144
feat_04f6e0dd188d394f9127,stim_f778785d3c49aa17,render_551362ca0ff22f33,1.1.0,raster_binary,ink_area_matched,density|geometry|layout|proportion|reading_rhythm|stroke_gesture|uniformity|visual_center,direct,valid,,4d800e346b040f885277c164e937c2514144ed6292066deb66bb1fc465b2de05,"{""bbox_aspect_ratio"": 658, ""bbox_fill_ratio"": 104913, ""ink_coverage_ratio"": 104913, ""whitespace_ratio"": 1992239}","{""bbox_aspect_ratio"": 713, ""bbox_fill_ratio"": 469154, ""ink_coverage_ratio"": 2097152, ""whitespace_ratio"": 2097152}","{""bbox_aspect_ratio"": ""ratio"", ""bbox_fill_ratio"": ""ratio"", ""centroid_x_norm"": ""ratio"", ""centroid_y_norm"": ""ratio"", ""closure_count"": ""count"", ""connected_component_count"": ""count"", ""ink_coverage_ratio"": ""ratio"", ""inter_glyph_spacing_mean_norm"": ""ratio"", ""inter_glyph_spacing_sd_norm"": ""ratio"", ""rhythm_periodicity"": ""ratio"", ""straight_curve_ratio"": ""ratio"", ""symmetry_horizontal"": ""ratio"", ""symmetry_vertical"": ""ratio"", ""unit_area_cv"": ""ratio"", ""unit_height_cv"": ""ratio"", ""unit_width_cv"": ""ratio"", ""whitespace_ratio"": ""ratio""}","{""bbox_aspect_ratio"": ""direct"", ""bbox_fill_ratio"": ""direct"", ""centroid_x_norm"": ""direct"", ""centroid_y_norm"": ""direct"", ""closure_count"": ""direct"", ""connected_component_count"": ""direct"", ""ink_coverage_ratio"": ""direct"", ""inter_glyph_spacing_mean_norm"": ""not_applicable"", ""inter_glyph_spacing_sd_norm"": ""not_applicable"", ""rhythm_periodicity"": ""not_applicable"", ""straight_curve_ratio"": ""protocol_dependent"", ""symmetry_horizontal"": ""direct"", ""symmetry_vertical"": ""direct"", ""unit_area_cv"": ""not_applicable"", ""unit_height_cv"": ""not_applicable"", ""unit_width_cv"": ""not_applicable"", ""whitespace_ratio"": ""direct""}","{""inter_glyph_spacing_mean_norm"": ""MEASURE_NOT_APPLICABLE"", ""inter_glyph_spacing_sd_norm"": ""MEASURE_NOT_APPLICABLE"", ""rhythm_periodicity"": ""MEASURE_NOT_APPLICABLE"", ""unit_area_cv"": ""MEASURE_NOT_APPLICABLE"", ""unit_height_cv"": ""MEASURE_NOT_APPLICABLE"", ""unit_width_cv"": ""MEASURE_NOT_APPLICABLE""}",0.05002641677856445,0.9499735832214355,0.22362166793845945,0.9228611500701263,2,0,0.9246339797973633,0.9481725692749023,0.7848545800070703,0.5171123605466553,0.45961797289778195,,,,,,
feat_12bfbc2d4226abe44cfd,stim_f778785d3c49aa17,render_551362ca0ff22f33,1.1.0,raster_grayscale,ink_area_matched,density|geometry|layout|proportion|reading_rhythm|stroke_gesture|uniformity|visual_center,direct,valid,,4d800e346b040f885277c164e937c2514144ed6292066deb66bb1fc465b2de05,"{""bbox_aspect_ratio"": 658, ""bbox_fill_ratio"": 109378, ""ink_coverage_ratio"": 109378, ""whitespace_ratio"": 1987774}","{""bbox_aspect_ratio"": 713, ""bbox_fill_ratio"": 469154, ""ink_coverage_ratio"": 2097152, ""whitespace_ratio"": 2097152}","{""bbox_aspect_ratio"": ""ratio"", ""bbox_fill_ratio"": ""ratio"", ""centroid_x_norm"": ""ratio"", ""centroid_y_norm"": ""ratio"", ""closure_count"": ""count"", ""connected_component_count"": ""count"", ""ink_coverage_ratio"": ""ratio"", ""inter_glyph_spacing_mean_norm"": ""ratio"", ""inter_glyph_spacing_sd_norm"": ""ratio"", ""rhythm_periodicity"": ""ratio"", ""straight_curve_ratio"": ""ratio"", ""symmetry_horizontal"": ""ratio"", ""symmetry_vertical"": ""ratio"", ""unit_area_cv"": ""ratio"", ""unit_height_cv"": ""ratio"", ""unit_width_cv"": ""ratio"", ""whitespace_ratio"": ""ratio""}","{""bbox_aspect_ratio"": ""direct"", ""bbox_fill_ratio"": ""direct"", ""centroid_x_norm"": ""direct"", ""centroid_y_norm"": ""direct"", ""closure_count"": ""direct"", ""connected_component_count"": ""direct"", ""ink_coverage_ratio"": ""direct"", ""inter_glyph_spacing_mean_norm"": ""not_applicable"", ""inter_glyph_spacing_sd_norm"": ""not_applicable"", ""rhythm_periodicity"": ""not_applicable"", ""straight_curve_ratio"": ""protocol_dependent"", ""symmetry_horizontal"": ""direct"", ""symmetry_vertical"": ""direct"", ""unit_area_cv"": ""not_applicable"", ""unit_height_cv"": ""not_applicable"", ""unit_width_cv"": ""not_applicable"", ""whitespace_ratio"": ""direct""}","{""inter_glyph_spacing_mean_norm"": ""MEASURE_NOT_APPLICABLE"", ""inter_glyph_spacing_sd_norm"": ""MEASURE_NOT_APPLICABLE"", ""rhythm_periodicity"": ""MEASURE_NOT_APPLICABLE"", ""unit_area_cv"": ""MEASURE_NOT_APPLICABLE"", ""unit_height_cv"": ""MEASURE_NOT_APPLICABLE"", ""unit_width_cv"": ""MEASURE_NOT_APPLICABLE""}",0.052155494689941406,0.9478445053100586,0.23313879877396335,0.9228611500701263,13,263,0.9223861694335938,0.9462852478027344,0.6525334881118342,0.5171240213839849,0.45965124063739965,,,,,,
feat_aa65344f5b740f397d7a,stim_f7ac9fba62afc7d3,render_551362ca0ff22f33,1.1.0,raster_binary,ink_area_matched,density|geometry|layout|proportion|reading_rhythm|stroke_gesture|uniformity|visual_center,direct,valid,,4d800e346b040f885277c164e937c2514144ed6292066deb66bb1fc465b2de05,"{""bbox_aspect_ratio"": 938, ""bbox_fill_ratio"": 104786, ""ink_coverage_ratio"": 104786, ""whitespace_ratio"": 1992366}","{""bbox_aspect_ratio"": 579, ""bbox_fill_ratio"": 543102, ""ink_coverage_ratio"": 2097152, ""whitespace_ratio"": 2097152}","{""bbox_aspect_ratio"": ""ratio"", ""bbox_fill_ratio"": ""ratio"", ""centroid_x_norm"": ""ratio"", ""centroid_y_norm"": ""ratio"", ""closure_count"": ""count"", ""connected_component_count"": ""count"", ""ink_coverage_ratio"": ""ratio"", ""inter_glyph_spacing_mean_norm"": ""ratio"", ""inter_glyph_spacing_sd_norm"": ""ratio"", ""rhythm_periodicity"": ""ratio"", ""straight_curve_ratio"": ""ratio"", ""symmetry_horizontal"": ""ratio"", ""symmetry_vertical"": ""ratio"", ""unit_area_cv"": ""ratio"", ""unit_height_cv"": ""ratio"", ""unit_width_cv"": ""ratio"", ""whitespace_ratio"": ""ratio""}","{""bbox_aspect_ratio"": ""direct"", ""bbox_fill_ratio"": ""direct"", ""centroid_x_norm"": ""direct"", ""centroid_y_norm"": ""direct"", ""closure_count"": ""direct"", ""connected_component_count"": ""direct"", ""ink_coverage_ratio"": ""direct"", ""inter_glyph_spacing_mean_norm"": ""not_applicable"", ""inter_glyph_spacing_sd_norm"": ""not_applicable"", ""rhythm_periodicity"": ""not_applicable"", ""straight_curve_ratio"": ""protocol_dependent"", ""symmetry_horizontal"": ""direct"", ""symmetry_vertical"": ""direct"", ""unit_area_cv"": ""not_applicable"", ""unit_height_cv"": ""not_applicable"", ""unit_width_cv"": ""not_applicable"", ""whitespace_ratio"": ""direct""}","{""inter_glyph_spacing_mean_norm"": ""MEASURE_NOT_APPLICABLE"", ""inter_glyph_spacing_sd_norm"": ""MEASURE_NOT_APPLICABLE"", ""rhythm_periodicity"": ""MEASURE_NOT_APPLICABLE"", ""unit_area_cv"": ""MEASURE_NOT_APPLICABLE"", ""unit_height_cv"": ""MEASURE_NOT_APPLICABLE"", ""unit_width_cv"": ""MEASURE_NOT_APPLICABLE""}",0.049965858459472656,0.9500341415405273,0.19293981609347782,1.620034542314335,6,0,0.9158763885498047,0.9485378265380859,0.598096229311263,0.4790233236146169,0.510770043752863,,,,,,
feat_4c3a6d2a581fd2574e73,stim_f7ac9fba62afc7d3,render_551362ca0ff22f33,1.1.0,raster_grayscale,ink_area_matched,density|geometry|layout|proportion|reading_rhythm|stroke_gesture|uniformity|visual_center,direct,valid,,4d800e346b040f885277c164e937c2514144ed6292066deb66bb1fc465b2de05,"{""bbox_aspect_ratio"": 938, ""bbox_fill_ratio"": 112915, ""ink_coverage_ratio"": 112915, ""whitespace_ratio"": 1984237}","{""bbox_aspect_ratio"": 579, ""bbox_fill_ratio"": 543102, ""ink_coverage_ratio"": 2097152, ""whitespace_ratio"": 2097152}","{""bbox_aspect_ratio"": ""ratio"", ""bbox_fill_ratio"": ""ratio"", ""centroid_x_norm"": ""ratio"", ""centroid_y_norm"": ""ratio"", ""closure_count"": ""count"", ""connected_component_count"": ""count"", ""ink_coverage_ratio"": ""ratio"", ""inter_glyph_spacing_mean_norm"": ""ratio"", ""inter_glyph_spacing_sd_norm"": ""ratio"", ""rhythm_periodicity"": ""ratio"", ""straight_curve_ratio"": ""ratio"", ""symmetry_horizontal"": ""ratio"", ""symmetry_vertical"": ""ratio"", ""unit_area_cv"": ""ratio"", ""unit_height_cv"": ""ratio"", ""unit_width_cv"": ""ratio"", ""whitespace_ratio"": ""ratio""}","{""bbox_aspect_ratio"": ""direct"", ""bbox_fill_ratio"": ""direct"", ""centroid_x_norm"": ""direct"", ""centroid_y_norm"": ""direct"", ""closure_count"": ""direct"", ""connected_component_count"": ""direct"", ""ink_coverage_ratio"": ""direct"", ""inter_glyph_spacing_mean_norm"": ""not_applicable"", ""inter_glyph_spacing_sd_norm"": ""not_applicable"", ""rhythm_periodicity"": ""not_applicable"", ""straight_curve_ratio"": ""protocol_dependent"", ""symmetry_horizontal"": ""direct"", ""symmetry_vertical"": ""direct"", ""unit_area_cv"": ""not_applicable"", ""unit_height_cv"": ""not_applicable"", ""unit_width_cv"": ""not_applicable"", ""whitespace_ratio"": ""direct""}","{""inter_glyph_spacing_mean_norm"": ""MEASURE_NOT_APPLICABLE"", ""inter_glyph_spacing_sd_norm"": ""MEASURE_NOT_APPLICABLE"", ""rhythm_periodicity"": ""MEASURE_NOT_APPLICABLE"", ""unit_area_cv"": ""MEASURE_NOT_APPLICABLE"", ""unit_height_cv"": ""MEASURE_NOT_APPLICABLE"", ""unit_width_cv"": ""MEASURE_NOT_APPLICABLE""}",0.05384206771850586,0.9461579322814941,0.2079075385470869,1.620034542314335,165,1511,0.9113149642944336,0.9455041885375977,0.35957392796481186,0.4811917988987845,0.5103507841213524,,,,,,
feat_9621dec24789133eb8b2,stim_fa3286a81fea424e,render_551362ca0ff22f33,1.1.0,raster_binary,bbox_height_matched,density|geometry|layout|proportion|reading_rhythm|stroke_gesture|uniformity|visual_center,direct,valid,,4d800e346b040f885277c164e937c2514144ed6292066deb66bb1fc465b2de05,"{""bbox_aspect_ratio"": 228, ""bbox_fill_ratio"": 32678, ""ink_coverage_ratio"": 32678, ""whitespace_ratio"": 2064474}","{""bbox_aspect_ratio"": 320, ""bbox_fill_ratio"": 72960, ""ink_coverage_ratio"": 2097152, ""whitespace_ratio"": 2097152}","{""bbox_aspect_ratio"": ""ratio"", ""bbox_fill_ratio"": ""ratio"", ""centroid_x_norm"": ""ratio"", ""centroid_y_norm"": ""ratio"", ""closure_count"": ""count"", ""connected_component_count"": ""count"", ""ink_coverage_ratio"": ""ratio"", ""inter_glyph_spacing_mean_norm"": ""ratio"", ""inter_glyph_spacing_sd_norm"": ""ratio"", ""rhythm_periodicity"": ""ratio"", ""straight_curve_ratio"": ""ratio"", ""symmetry_horizontal"": ""ratio"", ""symmetry_vertical"": ""ratio"", ""unit_area_cv"": ""ratio"", ""unit_height_cv"": ""ratio"", ""unit_width_cv"": ""ratio"", ""whitespace_ratio"": ""ratio""}","{""bbox_aspect_ratio"": ""direct"", ""bbox_fill_ratio"": ""direct"", ""centroid_x_norm"": ""direct"", ""centroid_y_norm"": ""direct"", ""closure_count"": ""direct"", ""connected_component_count"": ""direct"", ""ink_coverage_ratio"": ""direct"", ""inter_glyph_spacing_mean_norm"": ""not_applicable"", ""inter_glyph_spacing_sd_norm"": ""not_applicable"", ""rhythm_periodicity"": ""not_applicable"", ""straight_curve_ratio"": ""protocol_dependent"", ""symmetry_horizontal"": ""direct"", ""symmetry_vertical"": ""direct"", ""unit_area_cv"": ""not_applicable"", ""unit_height_cv"": ""not_applicable"", ""unit_width_cv"": ""not_applicable"", ""whitespace_ratio"": ""direct""}","{""inter_glyph_spacing_mean_norm"": ""MEASURE_NOT_APPLICABLE"", ""inter_glyph_spacing_sd_norm"": ""MEASURE_NOT_APPLICABLE"", ""rhythm_periodicity"": ""MEASURE_NOT_APPLICABLE"", ""unit_area_cv"": ""MEASURE_NOT_APPLICABLE"", ""unit_height_cv"": ""MEASURE_NOT_APPLICABLE"", ""unit_width_cv"": ""MEASURE_NOT_APPLICABLE""}",0.015582084655761719,0.9844179153442383,0.4478892543859649,0.7125,1,1,0.9800186157226562,0.9868507385253906,0.6748505892491301,0.4897636209519784,0.4883626849964043,,,,,,
feat_dac063630bb7dbfa6de5,stim_fa3286a81fea424e,render_551362ca0ff22f33,1.1.0,raster_grayscale,bbox_height_matched,density|geometry|layout|proportion|reading_rhythm|stroke_gesture|uniformity|visual_center,direct,valid,,4d800e346b040f885277c164e937c2514144ed6292066deb66bb1fc465b2de05,"{""bbox_aspect_ratio"": 228, ""bbox_fill_ratio"": 34568, ""ink_coverage_ratio"": 34568, ""whitespace_ratio"": 2062584}","{""bbox_aspect_ratio"": 320, ""bbox_fill_ratio"": 72960, ""ink_coverage_ratio"": 2097152, ""whitespace_ratio"": 2097152}","{""bbox_aspect_ratio"": ""ratio"", ""bbox_fill_ratio"": ""ratio"", ""centroid_x_norm"": ""ratio"", ""centroid_y_norm"": ""ratio"", ""closure_count"": ""count"", ""connected_component_count"": ""count"", ""ink_coverage_ratio"": ""ratio"", ""inter_glyph_spacing_mean_norm"": ""ratio"", ""inter_glyph_spacing_sd_norm"": ""ratio"", ""rhythm_periodicity"": ""ratio"", ""straight_curve_ratio"": ""ratio"", ""symmetry_horizontal"": ""ratio"", ""symmetry_vertical"": ""ratio"", ""unit_area_cv"": ""ratio"", ""unit_height_cv"": ""ratio"", ""unit_width_cv"": ""ratio"", ""whitespace_ratio"": ""ratio""}","{""bbox_aspect_ratio"": ""direct"", ""bbox_fill_ratio"": ""direct"", ""centroid_x_norm"": ""direct"", ""centroid_y_norm"": ""direct"", ""closure_count"": ""direct"", ""connected_component_count"": ""direct"", ""ink_coverage_ratio"": ""direct"", ""inter_glyph_spacing_mean_norm"": ""not_applicable"", ""inter_glyph_spacing_sd_norm"": ""not_applicable"", ""rhythm_periodicity"": ""not_applicable"", ""straight_curve_ratio"": ""protocol_dependent"", ""symmetry_horizontal"": ""direct"", ""symmetry_vertical"": ""direct"", ""unit_area_cv"": ""not_applicable"", ""unit_height_cv"": ""not_applicable"", ""unit_width_cv"": ""not_applicable"", ""whitespace_ratio"": ""direct""}","{""inter_glyph_spacing_mean_norm"": ""MEASURE_NOT_APPLICABLE"", ""inter_glyph_spacing_sd_norm"": ""MEASURE_NOT_APPLICABLE"", ""rhythm_periodicity"": ""MEASURE_NOT_APPLICABLE"", ""unit_area_cv"": ""MEASURE_NOT_APPLICABLE"", ""unit_height_cv"": ""MEASURE_NOT_APPLICABLE"", ""unit_width_cv"": ""MEASURE_NOT_APPLICABLE""}",0.016483306884765625,0.9835166931152344,0.4737938596491228,0.7125,17,248,0.9804401397705078,0.9867095947265625,0.47511001858939317,0.4903969423717383,0.488759558831506,,,,,,
feat_862c9dca1868649b3df9,stim_ff40cda5ca3d4800,render_551362ca0ff22f33,1.1.0,raster_binary,bbox_height_matched,density|geometry|layout|proportion|reading_rhythm|stroke_gesture|uniformity|visual_center,direct,valid,,4d800e346b040f885277c164e937c2514144ed6292066deb66bb1fc465b2de05,"{""bbox_aspect_ratio"": 329, ""bbox_fill_ratio"": 20170, ""ink_coverage_ratio"": 20170, ""whitespace_ratio"": 2076982}","{""bbox_aspect_ratio"": 320, ""bbox_fill_ratio"": 105280, ""ink_coverage_ratio"": 2097152, ""whitespace_ratio"": 2097152}","{""bbox_aspect_ratio"": ""ratio"", ""bbox_fill_ratio"": ""ratio"", ""centroid_x_norm"": ""ratio"", ""centroid_y_norm"": ""ratio"", ""closure_count"": ""count"", ""connected_component_count"": ""count"", ""ink_coverage_ratio"": ""ratio"", ""inter_glyph_spacing_mean_norm"": ""ratio"", ""inter_glyph_spacing_sd_norm"": ""ratio"", ""rhythm_periodicity"": ""ratio"", ""straight_curve_ratio"": ""ratio"", ""symmetry_horizontal"": ""ratio"", ""symmetry_vertical"": ""ratio"", ""unit_area_cv"": ""ratio"", ""unit_height_cv"": ""ratio"", ""unit_width_cv"": ""ratio"", ""whitespace_ratio"": ""ratio""}","{""bbox_aspect_ratio"": ""direct"", ""bbox_fill_ratio"": ""direct"", ""centroid_x_norm"": ""direct"", ""centroid_y_norm"": ""direct"", ""closure_count"": ""direct"", ""connected_component_count"": ""direct"", ""ink_coverage_ratio"": ""direct"", ""inter_glyph_spacing_mean_norm"": ""not_applicable"", ""inter_glyph_spacing_sd_norm"": ""not_applicable"", ""rhythm_periodicity"": ""not_applicable"", ""straight_curve_ratio"": ""protocol_dependent"", ""symmetry_horizontal"": ""direct"", ""symmetry_vertical"": ""direct"", ""unit_area_cv"": ""not_applicable"", ""unit_height_cv"": ""not_applicable"", ""unit_width_cv"": ""not_applicable"", ""whitespace_ratio"": ""direct""}","{""inter_glyph_spacing_mean_norm"": ""MEASURE_NOT_APPLICABLE"", ""inter_glyph_spacing_sd_norm"": ""MEASURE_NOT_APPLICABLE"", ""rhythm_periodicity"": ""MEASURE_NOT_APPLICABLE"", ""unit_area_cv"": ""MEASURE_NOT_APPLICABLE"", ""unit_height_cv"": ""MEASURE_NOT_APPLICABLE"", ""unit_width_cv"": ""MEASURE_NOT_APPLICABLE""}",0.009617805480957031,0.990382194519043,0.19158434650455927,1.028125,2,0,0.9911880493164062,0.9912223815917969,0.632867757328205,0.5029640874829574,0.5076573248481656,,,,,,
feat_34e15e23514fab23c493,stim_ff40cda5ca3d4800,render_551362ca0ff22f33,1.1.0,raster_grayscale,bbox_height_matched,density|geometry|layout|proportion|reading_rhythm|stroke_gesture|uniformity|visual_center,direct,valid,,4d800e346b040f885277c164e937c2514144ed6292066deb66bb1fc465b2de05,"{""bbox_aspect_ratio"": 329, ""bbox_fill_ratio"": 22850, ""ink_coverage_ratio"": 22850, ""whitespace_ratio"": 2074302}","{""bbox_aspect_ratio"": 320, ""bbox_fill_ratio"": 105280, ""ink_coverage_ratio"": 2097152, ""whitespace_ratio"": 2097152}","{""bbox_aspect_ratio"": ""ratio"", ""bbox_fill_ratio"": ""ratio"", ""centroid_x_norm"": ""ratio"", ""centroid_y_norm"": ""ratio"", ""closure_count"": ""count"", ""connected_component_count"": ""count"", ""ink_coverage_ratio"": ""ratio"", ""inter_glyph_spacing_mean_norm"": ""ratio"", ""inter_glyph_spacing_sd_norm"": ""ratio"", ""rhythm_periodicity"": ""ratio"", ""straight_curve_ratio"": ""ratio"", ""symmetry_horizontal"": ""ratio"", ""symmetry_vertical"": ""ratio"", ""unit_area_cv"": ""ratio"", ""unit_height_cv"": ""ratio"", ""unit_width_cv"": ""ratio"", ""whitespace_ratio"": ""ratio""}","{""bbox_aspect_ratio"": ""direct"", ""bbox_fill_ratio"": ""direct"", ""centroid_x_norm"": ""direct"", ""centroid_y_norm"": ""direct"", ""closure_count"": ""direct"", ""connected_component_count"": ""direct"", ""ink_coverage_ratio"": ""direct"", ""inter_glyph_spacing_mean_norm"": ""not_applicable"", ""inter_glyph_spacing_sd_norm"": ""not_applicable"", ""rhythm_periodicity"": ""not_applicable"", ""straight_curve_ratio"": ""protocol_dependent"", ""symmetry_horizontal"": ""direct"", ""symmetry_vertical"": ""direct"", ""unit_area_cv"": ""not_applicable"", ""unit_height_cv"": ""not_applicable"", ""unit_width_cv"": ""not_applicable"", ""whitespace_ratio"": ""direct""}","{""inter_glyph_spacing_mean_norm"": ""MEASURE_NOT_APPLICABLE"", ""inter_glyph_spacing_sd_norm"": ""MEASURE_NOT_APPLICABLE"", ""rhythm_periodicity"": ""MEASURE_NOT_APPLICABLE"", ""unit_area_cv"": ""MEASURE_NOT_APPLICABLE"", ""unit_height_cv"": ""MEASURE_NOT_APPLICABLE"", ""unit_width_cv"": ""MEASURE_NOT_APPLICABLE""}",0.010895729064941406,0.9891042709350586,0.217040273556231,1.028125,32,513,0.9904708862304688,0.9902744293212891,0.284707820885988,0.5026802901053063,0.5081001692423414,,,,,,
