source_id,award,year,edition,work_id,local_path,recorded_file,asset_url,source_page_url,bytes_reported,award_status,title,creator,category,fetched_at,legacy_source_path,legacy_source_sha256,legacy_row_number,repair_codes
source_a3ff11bede08aad3919eb713,DFA,2020,,work_b55e5f801be95f12e8864753,图包与字体包/图包/中文奖项/DFA/2020/DFA_2020_01_32eeb4ca_application_20201016_V8t9f.jpg,DFA_2020_01_32eeb4ca_application_20201016_V8t9f.jpg,https://dfaawards.com/lib/uploads/index/application_20201016_V8t9f.jpg,https://dfaa.dfaawards.com/en/lib/ajax/winner-dfa/list/?year=2020&design_category=3,1672687,Gold Award,Choice of Leipzig,Nanjing Han Qing Tang Design,,2026-09-02T22:46:35,图包与字体包/图包/中文奖项/DFA/sources.csv,b8a448428c6dde032b3d90a4c556645dd56819d2750a5200ade42fde718871e5,2,[]
source_eaee9c86c71544307d81a0fe,DFA,2020,,work_6a8a4eb4c0fc45a68d9372c2,图包与字体包/图包/中文奖项/DFA/2020/DFA_2020_02_45eb2ddc_application_20201016_gG7gQ.jpg,DFA_2020_02_45eb2ddc_application_20201016_gG7gQ.jpg,https://dfaawards.com/lib/uploads/index/application_20201016_gG7gQ.jpg,https://dfaa.dfaawards.com/en/lib/ajax/winner-dfa/list/?year=2020&design_category=3,1639562,Gold Award,"Imperfect, a shop tackling food & farming issues","6D-K co.,Ltd.",,2026-09-02T22:46:44,图包与字体包/图包/中文奖项/DFA/sources.csv,b8a448428c6dde032b3d90a4c556645dd56819d2750a5200ade42fde718871e5,3,[]
source_d29586df13a071d830125e43,DFA,2020,,work_36f6fce3ed43879cc647c576,图包与字体包/图包/中文奖项/DFA/2020/DFA_2020_03_6ba58c29_application_20201016_PgTOP.jpg,DFA_2020_03_6ba58c29_application_20201016_PgTOP.jpg,https://dfaawards.com/lib/uploads/index/application_20201016_PgTOP.jpg,https://dfaa.dfaawards.com/en/lib/ajax/winner-dfa/list/?year=2020&design_category=3,3132119,Gold Award,Izumo Taisha Saitama Branch Rebranding Project,"6D-K co.,Ltd.",,2026-09-02T22:46:48,图包与字体包/图包/中文奖项/DFA/sources.csv,b8a448428c6dde032b3d90a4c556645dd56819d2750a5200ade42fde718871e5,4,[]
source_8fe67999836d8bef095f1ae4,DFA,2020,,work_a3e04b669629ef5ef62e8927,图包与字体包/图包/中文奖项/DFA/2020/DFA_2020_04_bc882ee3_application_20201016_eZkyg.jpg,DFA_2020_04_bc882ee3_application_20201016_eZkyg.jpg,https://dfaawards.com/lib/uploads/index/application_20201016_eZkyg.jpg,https://dfaa.dfaawards.com/en/lib/ajax/winner-dfa/list/?year=2020&design_category=3,1246984,Gold Award,Shinkotoni Tenburyujin,arica design inc.,,2026-09-02T22:46:50,图包与字体包/图包/中文奖项/DFA/sources.csv,b8a448428c6dde032b3d90a4c556645dd56819d2750a5200ade42fde718871e5,5,[]
source_be8588180add4645641346ed,DFA,2020,,work_a9f18155fa2b0d36cc869234,图包与字体包/图包/中文奖项/DFA/2020/DFA_2020_05_0cedef0a_application_20201016_k2EUk.jpg,DFA_2020_05_0cedef0a_application_20201016_k2EUk.jpg,https://dfaawards.com/lib/uploads/index/application_20201016_k2EUk.jpg,https://dfaa.dfaawards.com/en/lib/ajax/winner-dfa/list/?year=2020&design_category=3,4098146,Gold Award,Taipei Music Center Brand Video,"GRASS JELLY FILM CO., LTD.",,2026-09-02T22:46:56,图包与字体包/图包/中文奖项/DFA/sources.csv,b8a448428c6dde032b3d90a4c556645dd56819d2750a5200ade42fde718871e5,6,[]
source_151991fa433a11a6bb749162,DFA,2020,,work_5c32a385e4a5135b9639f64c,图包与字体包/图包/中文奖项/DFA/2020/DFA_2020_06_2c4371a8_application_20201016_e8033.jpg,DFA_2020_06_2c4371a8_application_20201016_e8033.jpg,https://dfaawards.com/lib/uploads/index/application_20201016_e8033.jpg,https://dfaa.dfaawards.com/en/lib/ajax/winner-dfa/list/?year=2020&design_category=3,3441951,Silver Award,2019 UABB Brand Promotion Identity,another design,,2026-09-02T22:47:02,图包与字体包/图包/中文奖项/DFA/sources.csv,b8a448428c6dde032b3d90a4c556645dd56819d2750a5200ade42fde718871e5,7,[]
source_2a4ee582080dcad78bdd233f,DFA,2020,,work_d1360683b07e396cc0ed197f,图包与字体包/图包/中文奖项/DFA/2020/DFA_2020_07_a977a4c7_application_20201016_1ekvY.jpg,DFA_2020_07_a977a4c7_application_20201016_1ekvY.jpg,https://dfaawards.com/lib/uploads/index/application_20201016_1ekvY.jpg,https://dfaa.dfaawards.com/en/lib/ajax/winner-dfa/list/?year=2020&design_category=3,3536877,Silver Award,a poster a week,84000 Communications Limited,,2026-09-02T22:47:05,图包与字体包/图包/中文奖项/DFA/sources.csv,b8a448428c6dde032b3d90a4c556645dd56819d2750a5200ade42fde718871e5,8,[]
source_82a834a444f59572295d802a,DFA,2020,,work_8860c5a81e7b7fe49ad1ed52,图包与字体包/图包/中文奖项/DFA/2020/DFA_2020_08_7a366d01_application_20201016_Gk0nB.jpg,DFA_2020_08_7a366d01_application_20201016_Gk0nB.jpg,https://dfaawards.com/lib/uploads/index/application_20201016_Gk0nB.jpg,https://dfaa.dfaawards.com/en/lib/ajax/winner-dfa/list/?year=2020&design_category=3,4648090,Silver Award,Bauhaus 100:Manifest of Practice in Taiwan,ken-tsai lee design lab/Taiwan tech,,2026-09-02T22:47:08,图包与字体包/图包/中文奖项/DFA/sources.csv,b8a448428c6dde032b3d90a4c556645dd56819d2750a5200ade42fde718871e5,9,[]
source_55f878edcf66e84ff346a88e,DFA,2020,,work_1d8e43888ad98d777a4b4a3f,图包与字体包/图包/中文奖项/DFA/2020/DFA_2020_09_1669ff13_application_20201016_w0hgU.jpg,DFA_2020_09_1669ff13_application_20201016_w0hgU.jpg,https://dfaawards.com/lib/uploads/index/application_20201016_w0hgU.jpg,https://dfaa.dfaawards.com/en/lib/ajax/winner-dfa/list/?year=2020&design_category=3,297525,Silver Award,Bespoke,Alphabetical,,2026-09-02T22:47:10,图包与字体包/图包/中文奖项/DFA/sources.csv,b8a448428c6dde032b3d90a4c556645dd56819d2750a5200ade42fde718871e5,10,[]
source_5d77720cfec9e5a58a7ba131,DFA,2020,,work_8b2bfaea764d39a21f46b2d4,图包与字体包/图包/中文奖项/DFA/2020/DFA_2020_10_c402dd04_application_20201016_DzLF4.jpg,DFA_2020_10_c402dd04_application_20201016_DzLF4.jpg,https://dfaawards.com/lib/uploads/index/application_20201016_DzLF4.jpg,https://dfaa.dfaawards.com/en/lib/ajax/winner-dfa/list/?year=2020&design_category=3,2602108,Silver Award,Danish Crown – Towards a more sustainable future,Kontrapunkt,,2026-09-02T22:47:15,图包与字体包/图包/中文奖项/DFA/sources.csv,b8a448428c6dde032b3d90a4c556645dd56819d2750a5200ade42fde718871e5,11,[]
source_5a9452305714ebcc68b00251,DFA,2020,,work_2c77d2064efaa061ad31641e,图包与字体包/图包/中文奖项/DFA/2020/DFA_2020_11_dc47d4fd_application_20201016_at4NR.jpg,DFA_2020_11_dc47d4fd_application_20201016_at4NR.jpg,https://dfaawards.com/lib/uploads/index/application_20201016_at4NR.jpg,https://dfaa.dfaawards.com/en/lib/ajax/winner-dfa/list/?year=2020&design_category=3,1598546,Silver Award,Hanyi Redcloud Li,Hanyi Fonts,,2026-09-02T22:47:20,图包与字体包/图包/中文奖项/DFA/sources.csv,b8a448428c6dde032b3d90a4c556645dd56819d2750a5200ade42fde718871e5,12,[]
source_57f3a3e8573a969ed35680f6,DFA,2020,,work_ab4c633af670d36e80e42b09,图包与字体包/图包/中文奖项/DFA/2020/DFA_2020_12_30b05d2a_application_20201016_QpAYn.jpg,DFA_2020_12_30b05d2a_application_20201016_QpAYn.jpg,https://dfaawards.com/lib/uploads/index/application_20201016_QpAYn.jpg,https://dfaa.dfaawards.com/en/lib/ajax/winner-dfa/list/?year=2020&design_category=3,773149,Silver Award,Hunhun's Notes,Day Day Up Design Consultancy,,2026-09-02T22:47:26,图包与字体包/图包/中文奖项/DFA/sources.csv,b8a448428c6dde032b3d90a4c556645dd56819d2750a5200ade42fde718871e5,13,[]
source_01bf9218d9ec0c008bf920be,DFA,2020,,work_08552103fc8f61c49f9cbb03,图包与字体包/图包/中文奖项/DFA/2020/DFA_2020_13_252159e0_application_20201016_VJBxP.jpg,DFA_2020_13_252159e0_application_20201016_VJBxP.jpg,https://dfaawards.com/lib/uploads/index/application_20201016_VJBxP.jpg,https://dfaa.dfaawards.com/en/lib/ajax/winner-dfa/list/?year=2020&design_category=3,3016984,Silver Award,K11 Craft & Guild Foundation,Toby Ng Design,,2026-09-02T22:47:29,图包与字体包/图包/中文奖项/DFA/sources.csv,b8a448428c6dde032b3d90a4c556645dd56819d2750a5200ade42fde718871e5,14,[]
source_a4f1c93c4472b91dd99114c5,DFA,2020,,work_087e31fe9d74d65c84765c23,图包与字体包/图包/中文奖项/DFA/2020/DFA_2020_14_7e3204e6_application_20201016_qUlJt.jpg,DFA_2020_14_7e3204e6_application_20201016_qUlJt.jpg,https://dfaawards.com/lib/uploads/index/application_20201016_qUlJt.jpg,https://dfaa.dfaawards.com/en/lib/ajax/winner-dfa/list/?year=2020&design_category=3,1606095,Silver Award,keep running,China Academy of Art,,2026-09-02T22:47:31,图包与字体包/图包/中文奖项/DFA/sources.csv,b8a448428c6dde032b3d90a4c556645dd56819d2750a5200ade42fde718871e5,15,[]
source_c918ab8e93479bf8ca1caa23,DFA,2020,,work_f5ef48758e8b7e4b4af4320f,图包与字体包/图包/中文奖项/DFA/2020/DFA_2020_15_586f0ed5_application_20201016_IVk9L.jpg,DFA_2020_15_586f0ed5_application_20201016_IVk9L.jpg,https://dfaawards.com/lib/uploads/index/application_20201016_IVk9L.jpg,https://dfaa.dfaawards.com/en/lib/ajax/winner-dfa/list/?year=2020&design_category=3,312460,Silver Award,Kontrapunkt Type,Kontrapunkt,,2026-09-02T22:47:33,图包与字体包/图包/中文奖项/DFA/sources.csv,b8a448428c6dde032b3d90a4c556645dd56819d2750a5200ade42fde718871e5,16,[]
source_d8a72949e614d40f91d7d1d8,DFA,2020,,work_1b64f45175ad8406aa2f594f,图包与字体包/图包/中文奖项/DFA/2020/DFA_2020_16_451dcaaf_application_20201016_LnqJE.jpg,DFA_2020_16_451dcaaf_application_20201016_LnqJE.jpg,https://dfaawards.com/lib/uploads/index/application_20201016_LnqJE.jpg,https://dfaa.dfaawards.com/en/lib/ajax/winner-dfa/list/?year=2020&design_category=3,4230933,Silver Award,"Public Media Art ""Wave""","d'strict holdings, Inc.",,2026-09-02T22:47:37,图包与字体包/图包/中文奖项/DFA/sources.csv,b8a448428c6dde032b3d90a4c556645dd56819d2750a5200ade42fde718871e5,17,[]
source_4df26f4beac45da97ef3b836,DFA,2021,,work_f2e227d6a7cb175e590aafe7,图包与字体包/图包/中文奖项/DFA/2021/DFA_2021_01_a7cc03c4_application_20211011_rIUxU.jpg,DFA_2021_01_a7cc03c4_application_20211011_rIUxU.jpg,https://dfaawards.com/lib/uploads/index/application_20211011_rIUxU.jpg,https://dfaa.dfaawards.com/en/lib/ajax/winner-dfa/list/?year=2021&design_category=3,3687890,Gold Award,KITAMURA Camera,"6D-K co.,Ltd.",,2026-09-02T22:47:42,图包与字体包/图包/中文奖项/DFA/sources.csv,b8a448428c6dde032b3d90a4c556645dd56819d2750a5200ade42fde718871e5,18,[]
source_acfebf7327a9e585aad3f023,DFA,2021,,work_b5f10735c18dee3e95f1ac66,图包与字体包/图包/中文奖项/DFA/2021/DFA_2021_02_f0ac5dcf_application_20211011_tgP7z.jpg,DFA_2021_02_f0ac5dcf_application_20211011_tgP7z.jpg,https://dfaawards.com/lib/uploads/index/application_20211011_tgP7z.jpg,https://dfaa.dfaawards.com/en/lib/ajax/winner-dfa/list/?year=2021&design_category=3,2209305,Gold Award,Li Binyuan,hesign International,,2026-09-02T22:47:46,图包与字体包/图包/中文奖项/DFA/sources.csv,b8a448428c6dde032b3d90a4c556645dd56819d2750a5200ade42fde718871e5,19,[]
source_3d0b9af7746d3a52e01f6ec7,DFA,2021,,work_ece1db91c2820acb7814d2a3,图包与字体包/图包/中文奖项/DFA/2021/DFA_2021_03_85453e67_application_20211011_7jY7X.jpg,DFA_2021_03_85453e67_application_20211011_7jY7X.jpg,https://dfaawards.com/lib/uploads/index/application_20211011_7jY7X.jpg,https://dfaa.dfaawards.com/en/lib/ajax/winner-dfa/list/?year=2021&design_category=3,3550754,Gold Award,Matsumoto Jujo,artless Inc.,,2026-09-02T22:47:49,图包与字体包/图包/中文奖项/DFA/sources.csv,b8a448428c6dde032b3d90a4c556645dd56819d2750a5200ade42fde718871e5,20,[]
source_898425af20d4149b1864bba7,DFA,2021,,work_44b8d2a951f3c74e842db152,图包与字体包/图包/中文奖项/DFA/2021/DFA_2021_04_930d4fde_application_20211011_t2bgy.jpg,DFA_2021_04_930d4fde_application_20211011_t2bgy.jpg,https://dfaawards.com/lib/uploads/index/application_20211011_t2bgy.jpg,https://dfaa.dfaawards.com/en/lib/ajax/winner-dfa/list/?year=2021&design_category=3,3268569,Gold Award,my CLINIC,"6D-K co.,Ltd.",,2026-09-02T22:47:53,图包与字体包/图包/中文奖项/DFA/sources.csv,b8a448428c6dde032b3d90a4c556645dd56819d2750a5200ade42fde718871e5,21,[]
source_613af85d4789a5b518cadae1,DFA,2021,,work_a7b270e0c40de0bdf3c65285,图包与字体包/图包/中文奖项/DFA/2021/DFA_2021_05_344c498b_application_20211011_ahetP.jpg,DFA_2021_05_344c498b_application_20211011_ahetP.jpg,https://dfaawards.com/lib/uploads/index/application_20211011_ahetP.jpg,https://dfaa.dfaawards.com/en/lib/ajax/winner-dfa/list/?year=2021&design_category=3,3861369,Gold Award,The Painted Screen: Past and Future,Phoenix Publishing House,,2026-09-02T22:47:58,图包与字体包/图包/中文奖项/DFA/sources.csv,b8a448428c6dde032b3d90a4c556645dd56819d2750a5200ade42fde718871e5,22,[]
source_1eeb49121eed1429a7e52cfc,DFA,2021,,work_eb1fdc92acb3e8b3b8bfb23f,图包与字体包/图包/中文奖项/DFA/2021/DFA_2021_06_c141388c_application_20211011_anDUj.jpg,DFA_2021_06_c141388c_application_20211011_anDUj.jpg,https://dfaawards.com/lib/uploads/index/application_20211011_anDUj.jpg,https://dfaa.dfaawards.com/en/lib/ajax/winner-dfa/list/?year=2021&design_category=3,2690709,Silver Award,20 YEARS 20 PEOPLE 20 STORIES,LiaoDesign,,2026-09-02T22:48:01,图包与字体包/图包/中文奖项/DFA/sources.csv,b8a448428c6dde032b3d90a4c556645dd56819d2750a5200ade42fde718871e5,23,[]
source_55bcb044964d4ff88e9117bf,DFA,2021,,work_b79939ac187576a3538b89f1,图包与字体包/图包/中文奖项/DFA/2021/DFA_2021_07_374b325e_application_20211011_J3k04.jpg,DFA_2021_07_374b325e_application_20211011_J3k04.jpg,https://dfaawards.com/lib/uploads/index/application_20211011_J3k04.jpg,https://dfaa.dfaawards.com/en/lib/ajax/winner-dfa/list/?year=2021&design_category=3,1894327,Silver Award,"Browse Leipzig, 1991-2003",Nanjing Han Qing Tang Design,,2026-09-02T22:48:04,图包与字体包/图包/中文奖项/DFA/sources.csv,b8a448428c6dde032b3d90a4c556645dd56819d2750a5200ade42fde718871e5,24,[]
source_abd6856a8fbb9a02bbae50b8,DFA,2021,,work_2f524c647670247b9a1b13a3,图包与字体包/图包/中文奖项/DFA/2021/DFA_2021_08_b10d0f5c_application_20211011_kg3sN.jpg,DFA_2021_08_b10d0f5c_application_20211011_kg3sN.jpg,https://dfaawards.com/lib/uploads/index/application_20211011_kg3sN.jpg,https://dfaa.dfaawards.com/en/lib/ajax/winner-dfa/list/?year=2021&design_category=3,1033702,Silver Award,Ceramic Art,Day Day Up Design Consultancy,,2026-09-02T22:48:07,图包与字体包/图包/中文奖项/DFA/sources.csv,b8a448428c6dde032b3d90a4c556645dd56819d2750a5200ade42fde718871e5,25,[]
source_17082ed5f75e5d38aba0cfab,DFA,2021,,work_bdb417053688247118a65609,图包与字体包/图包/中文奖项/DFA/2021/DFA_2021_09_0a8867c2_application_20211011_1iLX6.JPG,DFA_2021_09_0a8867c2_application_20211011_1iLX6.JPG,https://dfaawards.com/lib/uploads/index/application_20211011_1iLX6.JPG,https://dfaa.dfaawards.com/en/lib/ajax/winner-dfa/list/?year=2021&design_category=3,3660101,Silver Award,daydream,hesign International,,2026-09-02T22:48:10,图包与字体包/图包/中文奖项/DFA/sources.csv,b8a448428c6dde032b3d90a4c556645dd56819d2750a5200ade42fde718871e5,26,[]
source_a1d2bb588848136796b210a2,DFA,2021,,work_818900b26bd54066286e521b,图包与字体包/图包/中文奖项/DFA/2021/DFA_2021_10_7b86e172_application_20211011_1B3Pk.jpg,DFA_2021_10_7b86e172_application_20211011_1B3Pk.jpg,https://dfaawards.com/lib/uploads/index/application_20211011_1B3Pk.jpg,https://dfaa.dfaawards.com/en/lib/ajax/winner-dfa/list/?year=2021&design_category=3,3479510,Silver Award,Hito to Ki to Hitotoki,BULLET Inc.,,2026-09-02T22:48:13,图包与字体包/图包/中文奖项/DFA/sources.csv,b8a448428c6dde032b3d90a4c556645dd56819d2750a5200ade42fde718871e5,27,[]
source_30eb687663433d6c69620870,DFA,2021,,work_4a0adbffaa3f72caee835417,图包与字体包/图包/中文奖项/DFA/2021/DFA_2021_11_01c83766_application_20211011_y6Hgj.jpg,DFA_2021_11_01c83766_application_20211011_y6Hgj.jpg,https://dfaawards.com/lib/uploads/index/application_20211011_y6Hgj.jpg,https://dfaa.dfaawards.com/en/lib/ajax/winner-dfa/list/?year=2021&design_category=3,4331376,Silver Award,Hong Kong Reminiscence,Hei Shing Book Design,,2026-09-02T22:48:18,图包与字体包/图包/中文奖项/DFA/sources.csv,b8a448428c6dde032b3d90a4c556645dd56819d2750a5200ade42fde718871e5,28,[]
source_3de08e682408bc159a416e50,DFA,2021,,work_5ac685c3aa61dc686274e962,图包与字体包/图包/中文奖项/DFA/2021/DFA_2021_12_b3fc62c1_application_20211011_XgNOP.jpg,DFA_2021_12_b3fc62c1_application_20211011_XgNOP.jpg,https://dfaawards.com/lib/uploads/index/application_20211011_XgNOP.jpg,https://dfaa.dfaawards.com/en/lib/ajax/winner-dfa/list/?year=2021&design_category=3,4171869,Silver Award,MIRURU - Nasushiobara-library -,"6D-K co.,Ltd.",,2026-09-02T22:48:22,图包与字体包/图包/中文奖项/DFA/sources.csv,b8a448428c6dde032b3d90a4c556645dd56819d2750a5200ade42fde718871e5,29,[]
source_1bf85f29960cc6f623cbafe9,DFA,2021,,work_8b79c6bd272b3d6cfcd56536,图包与字体包/图包/中文奖项/DFA/2021/DFA_2021_13_88cd8938_application_20211011_Lc3YS.jpg,DFA_2021_13_88cd8938_application_20211011_Lc3YS.jpg,https://dfaawards.com/lib/uploads/index/application_20211011_Lc3YS.jpg,https://dfaa.dfaawards.com/en/lib/ajax/winner-dfa/list/?year=2021&design_category=3,2377918,Silver Award,neko neko shokupan,& Rainbow Inc.,,2026-09-02T22:48:24,图包与字体包/图包/中文奖项/DFA/sources.csv,b8a448428c6dde032b3d90a4c556645dd56819d2750a5200ade42fde718871e5,30,[]
source_55edfc8a487099c11286c040,DFA,2021,,work_1ff70af36a6cff6f8ce7d8f9,图包与字体包/图包/中文奖项/DFA/2021/DFA_2021_14_bd28f3fe_application_20211015_mZnQw.jpg,DFA_2021_14_bd28f3fe_application_20211015_mZnQw.jpg,https://dfaawards.com/lib/uploads/index/application_20211015_mZnQw.jpg,https://dfaa.dfaawards.com/en/lib/ajax/winner-dfa/list/?year=2021&design_category=3,3776903,Silver Award,Open A Book，Open A World,Heaven&Hell、cover design,,2026-09-02T22:48:29,图包与字体包/图包/中文奖项/DFA/sources.csv,b8a448428c6dde032b3d90a4c556645dd56819d2750a5200ade42fde718871e5,31,[]
source_0976e948f87c5df30c33e905,DFA,2021,,work_92bd1679439a2f0841759f5e,图包与字体包/图包/中文奖项/DFA/2021/DFA_2021_15_4a9c1686_application_20211011_25SK4.jpg,DFA_2021_15_4a9c1686_application_20211011_25SK4.jpg,https://dfaawards.com/lib/uploads/index/application_20211011_25SK4.jpg,https://dfaa.dfaawards.com/en/lib/ajax/winner-dfa/list/?year=2021&design_category=3,1609927,Silver Award,Overwintering Tomato,Frame inc.,,2026-09-02T22:48:32,图包与字体包/图包/中文奖项/DFA/sources.csv,b8a448428c6dde032b3d90a4c556645dd56819d2750a5200ade42fde718871e5,32,[]
source_76715da348435330175e9438,DFA,2021,,work_0c38f7a6f6ef021b585ba3f5,图包与字体包/图包/中文奖项/DFA/2021/DFA_2021_16_185a85c6_application_20211011_D3oHz.JPG,DFA_2021_16_185a85c6_application_20211011_D3oHz.JPG,https://dfaawards.com/lib/uploads/index/application_20211011_D3oHz.JPG,https://dfaa.dfaawards.com/en/lib/ajax/winner-dfa/list/?year=2021&design_category=3,3472704,Bronze Award,2020 Xi'an Design Exhibition,hill,,2026-09-02T22:48:36,图包与字体包/图包/中文奖项/DFA/sources.csv,b8a448428c6dde032b3d90a4c556645dd56819d2750a5200ade42fde718871e5,33,[]
source_3c5d74bd23cb3c87a5261637,DFA,2022,,work_05232344abef9ace0782b04e,图包与字体包/图包/中文奖项/DFA/2022/DFA_2022_01_b5afb106_application_20220926_Bh3bQ.jpg,DFA_2022_01_b5afb106_application_20220926_Bh3bQ.jpg,https://dfaawards.com/lib/uploads/index/application_20220926_Bh3bQ.jpg,https://dfaa.dfaawards.com/en/lib/ajax/winner-dfa/list/?year=2022&design_category=3,1663002,Gold Award,A SHOWY LIFE,LINLIN Design Studio,,2026-09-02T22:48:40,图包与字体包/图包/中文奖项/DFA/sources.csv,b8a448428c6dde032b3d90a4c556645dd56819d2750a5200ade42fde718871e5,34,[]
source_852eca5db294cafb052c3000,DFA,2022,,work_8150168ec1294a100d44377f,图包与字体包/图包/中文奖项/DFA/2022/DFA_2022_02_84a8c629_application_20220926_Q0fgg.jpg,DFA_2022_02_84a8c629_application_20220926_Q0fgg.jpg,https://dfaawards.com/lib/uploads/index/application_20220926_Q0fgg.jpg,https://dfaa.dfaawards.com/en/lib/ajax/winner-dfa/list/?year=2022&design_category=3,1880557,Gold Award,Collection of Qu Yuan,Nanjing Han Qing Tang Design,,2026-09-02T22:48:47,图包与字体包/图包/中文奖项/DFA/sources.csv,b8a448428c6dde032b3d90a4c556645dd56819d2750a5200ade42fde718871e5,35,[]
source_bbd12bc2567b761fe79e2d79,DFA,2022,,work_5038ded01860b676c910c837,图包与字体包/图包/中文奖项/DFA/2022/DFA_2022_03_6adf14c7_application_20220926_zodZG.jpg,DFA_2022_03_6adf14c7_application_20220926_zodZG.jpg,https://dfaawards.com/lib/uploads/index/application_20220926_zodZG.jpg,https://dfaa.dfaawards.com/en/lib/ajax/winner-dfa/list/?year=2022&design_category=3,1747262,Gold Award,D&AD Exhibition in Taiwan,Ken-Tsai Lee Design Lab,,2026-09-02T22:48:50,图包与字体包/图包/中文奖项/DFA/sources.csv,b8a448428c6dde032b3d90a4c556645dd56819d2750a5200ade42fde718871e5,36,[]
source_041daf9c5a492dd0406cd7c1,DFA,2022,,work_063e70c03c7d7ce1329e0710,图包与字体包/图包/中文奖项/DFA/2022/DFA_2022_04_fb43ccdd_application_20220926_31vOp.jpg,DFA_2022_04_fb43ccdd_application_20220926_31vOp.jpg,https://dfaawards.com/lib/uploads/index/application_20220926_31vOp.jpg,https://dfaa.dfaawards.com/en/lib/ajax/winner-dfa/list/?year=2022&design_category=3,4859830,Gold Award,Hong Kong International Poster Triennial 2020,TGIF,,2026-09-02T22:48:56,图包与字体包/图包/中文奖项/DFA/sources.csv,b8a448428c6dde032b3d90a4c556645dd56819d2750a5200ade42fde718871e5,37,[]
source_0c2e955616e5958d95e989f7,DFA,2022,,work_18ef069c709a4ae07551000b,图包与字体包/图包/中文奖项/DFA/2022/DFA_2022_05_e87736fc_application_20220926_rkLH0.jpg,DFA_2022_05_e87736fc_application_20220926_rkLH0.jpg,https://dfaawards.com/lib/uploads/index/application_20220926_rkLH0.jpg,https://dfaa.dfaawards.com/en/lib/ajax/winner-dfa/list/?year=2022&design_category=3,3072256,Gold Award,Pinghu Economic Development Zone Kindergarten,RIFLING,,2026-09-02T22:49:13,图包与字体包/图包/中文奖项/DFA/sources.csv,b8a448428c6dde032b3d90a4c556645dd56819d2750a5200ade42fde718871e5,38,[]
source_c5eb55aef2e84aa18ccec1dc,DFA,2022,,work_f4d2b3db20227c371fffbe12,图包与字体包/图包/中文奖项/DFA/2022/DFA_2022_06_b7fb1560_application_20220926_6U34U.jpg,DFA_2022_06_b7fb1560_application_20220926_6U34U.jpg,https://dfaawards.com/lib/uploads/index/application_20220926_6U34U.jpg,https://dfaa.dfaawards.com/en/lib/ajax/winner-dfa/list/?year=2022&design_category=3,1524772,Gold Award,The Five Great Mountains of China,Centre Design,,2026-09-02T22:49:15,图包与字体包/图包/中文奖项/DFA/sources.csv,b8a448428c6dde032b3d90a4c556645dd56819d2750a5200ade42fde718871e5,39,[]
source_72122619ed9cd515c531dd17,DFA,2022,,work_b2271cb0364b3c1081a669ef,图包与字体包/图包/中文奖项/DFA/2022/DFA_2022_07_12c8cc2a_application_20220926_FOYvu.jpg,DFA_2022_07_12c8cc2a_application_20220926_FOYvu.jpg,https://dfaawards.com/lib/uploads/index/application_20220926_FOYvu.jpg,https://dfaa.dfaawards.com/en/lib/ajax/winner-dfa/list/?year=2022&design_category=3,5062001,Gold Award,TOTETSU Training Institute,MOTIVE Inc.,,2026-09-02T22:49:39,图包与字体包/图包/中文奖项/DFA/sources.csv,b8a448428c6dde032b3d90a4c556645dd56819d2750a5200ade42fde718871e5,40,[]
source_742270a34a94d0e1af4c2edf,DFA,2022,,work_f208af8ac20682cd4fd2ae01,图包与字体包/图包/中文奖项/DFA/2022/DFA_2022_08_427a8e70_application_20220926_NBPws.jpg,DFA_2022_08_427a8e70_application_20220926_NBPws.jpg,https://dfaawards.com/lib/uploads/index/application_20220926_NBPws.jpg,https://dfaa.dfaawards.com/en/lib/ajax/winner-dfa/list/?year=2022&design_category=3,2431094,Silver Award,"""60 Years of Cultural Dynamic""",CoDesign Ltd,,2026-09-02T22:49:42,图包与字体包/图包/中文奖项/DFA/sources.csv,b8a448428c6dde032b3d90a4c556645dd56819d2750a5200ade42fde718871e5,41,[]
source_47af4afbd15d59d49794e87e,DFA,2022,,work_bf47e9e4b9f08ac8c40c4845,图包与字体包/图包/中文奖项/DFA/2022/DFA_2022_09_756f94cc_application_20220926_Tvye2.jpg,DFA_2022_09_756f94cc_application_20220926_Tvye2.jpg,https://dfaawards.com/lib/uploads/index/application_20220926_Tvye2.jpg,https://dfaa.dfaawards.com/en/lib/ajax/winner-dfa/list/?year=2022&design_category=3,1189451,Silver Award,100 Years of Mingei: The Folk Crafts Movement,aizawa office Inc.,,2026-09-02T22:49:44,图包与字体包/图包/中文奖项/DFA/sources.csv,b8a448428c6dde032b3d90a4c556645dd56819d2750a5200ade42fde718871e5,42,[]
source_6306499b9e5b2ae005cec3c5,DFA,2022,,work_dea9bafd4333435de19b60b2,图包与字体包/图包/中文奖项/DFA/2022/DFA_2022_10_63057222_application_20220926_q4Lju.jpg,DFA_2022_10_63057222_application_20220926_q4Lju.jpg,https://dfaawards.com/lib/uploads/index/application_20220926_q4Lju.jpg,https://dfaa.dfaawards.com/en/lib/ajax/winner-dfa/list/?year=2022&design_category=3,2162142,Silver Award,Dali mixed tea,Linshaobin Design,,2026-09-02T22:49:47,图包与字体包/图包/中文奖项/DFA/sources.csv,b8a448428c6dde032b3d90a4c556645dd56819d2750a5200ade42fde718871e5,43,[]
source_fc18c84f39d3f4809b0a3fcd,DFA,2022,,work_16bc9aeec9d9f9e090f59626,图包与字体包/图包/中文奖项/DFA/2022/DFA_2022_11_7c421225_application_20221026_UwRzE.jpg,DFA_2022_11_7c421225_application_20221026_UwRzE.jpg,https://dfaawards.com/lib/uploads/index/application_20221026_UwRzE.jpg,https://dfaa.dfaawards.com/en/lib/ajax/winner-dfa/list/?year=2022&design_category=3,2541811,Silver Award,Dino Burger,Untitled Design,,2026-09-02T22:49:50,图包与字体包/图包/中文奖项/DFA/sources.csv,b8a448428c6dde032b3d90a4c556645dd56819d2750a5200ade42fde718871e5,44,[]
source_40b4172bbf0bc29bd9dec95e,DFA,2022,,work_f89ba1053fa5e2c098eb6c6b,图包与字体包/图包/中文奖项/DFA/2022/DFA_2022_12_5a5c5f6c_application_20220926_SHfNB.JPG,DFA_2022_12_5a5c5f6c_application_20220926_SHfNB.JPG,https://dfaawards.com/lib/uploads/index/application_20220926_SHfNB.JPG,https://dfaa.dfaawards.com/en/lib/ajax/winner-dfa/list/?year=2022&design_category=3,2969727,Silver Award,Insecta Iridesse,PLUS Collaboratives,,2026-09-02T22:49:53,图包与字体包/图包/中文奖项/DFA/sources.csv,b8a448428c6dde032b3d90a4c556645dd56819d2750a5200ade42fde718871e5,45,[]
source_916869c1163da0f00f1dddad,DFA,2022,,work_aa9a09d37ae4831ee401367a,图包与字体包/图包/中文奖项/DFA/2022/DFA_2022_13_f6d1a63d_application_20220926_n8DGM.png,DFA_2022_13_f6d1a63d_application_20220926_n8DGM.png,https://dfaawards.com/lib/uploads/index/application_20220926_n8DGM.png,https://dfaa.dfaawards.com/en/lib/ajax/winner-dfa/list/?year=2022&design_category=3,118743,Silver Award,Lemon no ki,HIDAMARI Ltd.,,2026-09-02T22:49:54,图包与字体包/图包/中文奖项/DFA/sources.csv,b8a448428c6dde032b3d90a4c556645dd56819d2750a5200ade42fde718871e5,46,[]
source_89914846756fd1d9ff127e39,DFA,2022,,work_d56d768f68d4d3c42fed18f2,图包与字体包/图包/中文奖项/DFA/2022/DFA_2022_14_01dcfe10_application_20221026_ZermP.jpg,DFA_2022_14_01dcfe10_application_20221026_ZermP.jpg,https://dfaawards.com/lib/uploads/index/application_20221026_ZermP.jpg,https://dfaa.dfaawards.com/en/lib/ajax/winner-dfa/list/?year=2022&design_category=3,4797860,Silver Award,Moon light-Gemgarden,Linshaobin Design,,2026-09-02T22:49:59,图包与字体包/图包/中文奖项/DFA/sources.csv,b8a448428c6dde032b3d90a4c556645dd56819d2750a5200ade42fde718871e5,47,[]
source_d574ab0e33657f299219748b,DFA,2022,,work_51e4bdfb995ce4a112a1f1b1,图包与字体包/图包/中文奖项/DFA/2022/DFA_2022_15_4e352683_application_20220926_z5cQX.jpg,DFA_2022_15_4e352683_application_20220926_z5cQX.jpg,https://dfaawards.com/lib/uploads/index/application_20220926_z5cQX.jpg,https://dfaa.dfaawards.com/en/lib/ajax/winner-dfa/list/?year=2022&design_category=3,1740030,Silver Award,Music Moon,"SHEN ZHEN SHAN TIAN TU WEN HUA CHUAN BO CO.,LTD",,2026-09-02T22:50:02,图包与字体包/图包/中文奖项/DFA/sources.csv,b8a448428c6dde032b3d90a4c556645dd56819d2750a5200ade42fde718871e5,48,[]
source_68165f529e1585f797e8ffc2,DFA,2022,,work_d70fc0cef5da053aad45583e,图包与字体包/图包/中文奖项/DFA/2022/DFA_2022_16_abf28330_application_20220926_DMFBx.jpg,DFA_2022_16_abf28330_application_20220926_DMFBx.jpg,https://dfaawards.com/lib/uploads/index/application_20220926_DMFBx.jpg,https://dfaa.dfaawards.com/en/lib/ajax/winner-dfa/list/?year=2022&design_category=3,143438,Silver Award,New Vision Arts Festival 2021,CoDesign Ltd,,2026-09-02T22:50:04,图包与字体包/图包/中文奖项/DFA/sources.csv,b8a448428c6dde032b3d90a4c556645dd56819d2750a5200ade42fde718871e5,49,[]
source_5e14c3b0c541aadd669f51f7,DFA,2023,,work_493398078185448621abda9a,图包与字体包/图包/中文奖项/DFA/2023/DFA_2023_01_8f3e2e77_application_20231024_YxcT9.jpg,DFA_2023_01_8f3e2e77_application_20231024_YxcT9.jpg,https://dfaawards.com/lib/uploads/index/application_20231024_YxcT9.jpg,https://dfaa.dfaawards.com/en/lib/ajax/winner-dfa/list/?year=2023&design_category=3,413856,Gold Award,JAGDA POSTER EXHIBITION DESIGN,TODOT,,2026-09-02T22:50:09,图包与字体包/图包/中文奖项/DFA/sources.csv,b8a448428c6dde032b3d90a4c556645dd56819d2750a5200ade42fde718871e5,50,[]
source_f66b8953a564341d0a4d7211,DFA,2023,,work_f292d63c14f9183d1201c38d,图包与字体包/图包/中文奖项/DFA/2023/DFA_2023_02_9e4cfc0e_application_20231027_VMJPf.jpg,DFA_2023_02_9e4cfc0e_application_20231027_VMJPf.jpg,https://dfaawards.com/lib/uploads/index/application_20231027_VMJPf.jpg,https://dfaa.dfaawards.com/en/lib/ajax/winner-dfa/list/?year=2023&design_category=3,803402,Gold Award,Liang Bai Kai· 12 Earthy Branches,"Shenzhen Tigerpan Design Co., Ltd.",,2026-09-02T22:50:11,图包与字体包/图包/中文奖项/DFA/sources.csv,b8a448428c6dde032b3d90a4c556645dd56819d2750a5200ade42fde718871e5,51,[]
source_07ffa2b611667c54fc3305c5,DFA,2023,,work_74884e45d6d55257f7ce71ec,图包与字体包/图包/中文奖项/DFA/2023/DFA_2023_03_b5ee1fcc_application_20231027_NJjoD.jpg,DFA_2023_03_b5ee1fcc_application_20231027_NJjoD.jpg,https://dfaawards.com/lib/uploads/index/application_20231027_NJjoD.jpg,https://dfaa.dfaawards.com/en/lib/ajax/winner-dfa/list/?year=2023&design_category=3,627767,Gold Award,"Memories of the East Street in Xi'an: Images, Words and Narratives",Local Bendi,,2026-09-02T22:50:18,图包与字体包/图包/中文奖项/DFA/sources.csv,b8a448428c6dde032b3d90a4c556645dd56819d2750a5200ade42fde718871e5,52,[]
source_d2cbb0056e7ea9070298aeae,DFA,2023,,work_4eed3e052485d78859e6cf69,图包与字体包/图包/中文奖项/DFA/2023/DFA_2023_04_046515e1_application_20231024_5LY7P.jpg,DFA_2023_04_046515e1_application_20231024_5LY7P.jpg,https://dfaawards.com/lib/uploads/index/application_20231024_5LY7P.jpg,https://dfaa.dfaawards.com/en/lib/ajax/winner-dfa/list/?year=2023&design_category=3,1292912,Gold Award,Okayama Destination Campaign,iyamadesign inc.,,2026-09-02T22:50:22,图包与字体包/图包/中文奖项/DFA/sources.csv,b8a448428c6dde032b3d90a4c556645dd56819d2750a5200ade42fde718871e5,53,[]
source_6a78a93b1190148ff99108ef,DFA,2023,,work_7d0a40d58d1d4ac7fcb66316,图包与字体包/图包/中文奖项/DFA/2023/DFA_2023_05_c912e919_application_20231024_G9a49.jpg,DFA_2023_05_c912e919_application_20231024_G9a49.jpg,https://dfaawards.com/lib/uploads/index/application_20231024_G9a49.jpg,https://dfaa.dfaawards.com/en/lib/ajax/winner-dfa/list/?year=2023&design_category=3,3553973,Silver Award,All Weaves In My Heart,noonhappyhour,,2026-09-02T22:50:27,图包与字体包/图包/中文奖项/DFA/sources.csv,b8a448428c6dde032b3d90a4c556645dd56819d2750a5200ade42fde718871e5,54,[]
source_29d7b681fcfeaf7a5b70b978,DFA,2023,,work_ef3f2c153e464889a96764e4,图包与字体包/图包/中文奖项/DFA/2023/DFA_2023_06_16870d1b_application_20231024_D892n.jpg,DFA_2023_06_16870d1b_application_20231024_D892n.jpg,https://dfaawards.com/lib/uploads/index/application_20231024_D892n.jpg,https://dfaa.dfaawards.com/en/lib/ajax/winner-dfa/list/?year=2023&design_category=3,2553363,Silver Award,Bad Design,T-Workshop,,2026-09-02T22:50:30,图包与字体包/图包/中文奖项/DFA/sources.csv,b8a448428c6dde032b3d90a4c556645dd56819d2750a5200ade42fde718871e5,55,[]
source_ded5ca85b49b635a92326ef9,DFA,2023,,work_f20c037101f180602d93433a,图包与字体包/图包/中文奖项/DFA/2023/DFA_2023_07_6310e882_application_20231024_TLw9D.jpg,DFA_2023_07_6310e882_application_20231024_TLw9D.jpg,https://dfaawards.com/lib/uploads/index/application_20231024_TLw9D.jpg,https://dfaa.dfaawards.com/en/lib/ajax/winner-dfa/list/?year=2023&design_category=3,2348117,Silver Award,CONSERVING JAMES WONG,YIU KWOK HO,,2026-09-02T22:50:36,图包与字体包/图包/中文奖项/DFA/sources.csv,b8a448428c6dde032b3d90a4c556645dd56819d2750a5200ade42fde718871e5,56,[]
source_ba22314bac1721d7fc6d32ea,DFA,2023,,work_ff1c1f86a1d9a971f27a3d31,图包与字体包/图包/中文奖项/DFA/2023/DFA_2023_08_1bc6c2d8_application_20231024_PIpRT.jpg,DFA_2023_08_1bc6c2d8_application_20231024_PIpRT.jpg,https://dfaawards.com/lib/uploads/index/application_20231024_PIpRT.jpg,https://dfaa.dfaawards.com/en/lib/ajax/winner-dfa/list/?year=2023&design_category=3,4605954,Silver Award,EVERYTHING MAGAZINE,"Ductstore the design guru Co.,Ltd.",,2026-09-02T22:50:39,图包与字体包/图包/中文奖项/DFA/sources.csv,b8a448428c6dde032b3d90a4c556645dd56819d2750a5200ade42fde718871e5,57,[]
source_1f7d6b9d181569ac03d15797,DFA,2023,,work_5290a003b1acfe7e8cb4355f,图包与字体包/图包/中文奖项/DFA/2023/DFA_2023_09_55e1e67d_application_20231024_kFFHl.jpg,DFA_2023_09_55e1e67d_application_20231024_kFFHl.jpg,https://dfaawards.com/lib/uploads/index/application_20231024_kFFHl.jpg,https://dfaa.dfaawards.com/en/lib/ajax/winner-dfa/list/?year=2023&design_category=3,335577,Silver Award,GDC Award 30 Years,LiaoDesign,,2026-09-02T22:50:41,图包与字体包/图包/中文奖项/DFA/sources.csv,b8a448428c6dde032b3d90a4c556645dd56819d2750a5200ade42fde718871e5,58,[]
source_c78154b1ba48dfa207378afa,DFA,2023,,work_84c80cfde4bd194a7e088891,图包与字体包/图包/中文奖项/DFA/2023/DFA_2023_10_000a9c1b_application_20231024_ptHrP.jpg,DFA_2023_10_000a9c1b_application_20231024_ptHrP.jpg,https://dfaawards.com/lib/uploads/index/application_20231024_ptHrP.jpg,https://dfaa.dfaawards.com/en/lib/ajax/winner-dfa/list/?year=2023&design_category=3,680947,Silver Award,HASHIZUME,EIGHT BRANDING DESIGN,,2026-09-02T22:50:42,图包与字体包/图包/中文奖项/DFA/sources.csv,b8a448428c6dde032b3d90a4c556645dd56819d2750a5200ade42fde718871e5,59,[]
source_8053cfe9f00f07324cd160b9,DFA,2023,,work_b245c044999f8c964aa6ef39,图包与字体包/图包/中文奖项/DFA/2023/DFA_2023_11_4d156341_application_20231024_eccHF.jpg,DFA_2023_11_4d156341_application_20231024_eccHF.jpg,https://dfaawards.com/lib/uploads/index/application_20231024_eccHF.jpg,https://dfaa.dfaawards.com/en/lib/ajax/winner-dfa/list/?year=2023&design_category=3,2375016,Silver Award,Nikasi,"Shenzhen Tigerpan Design Co., Ltd.",,2026-09-02T22:50:45,图包与字体包/图包/中文奖项/DFA/sources.csv,b8a448428c6dde032b3d90a4c556645dd56819d2750a5200ade42fde718871e5,60,[]
source_72ffc539aa540f619cb9b1a5,DFA,2023,,work_f117c9d2920cf326e10bbd36,图包与字体包/图包/中文奖项/DFA/2023/DFA_2023_12_fb205797_application_20231024_jBiZO.jpg,DFA_2023_12_fb205797_application_20231024_jBiZO.jpg,https://dfaawards.com/lib/uploads/index/application_20231024_jBiZO.jpg,https://dfaa.dfaawards.com/en/lib/ajax/winner-dfa/list/?year=2023&design_category=3,928763,Silver Award,Seeping into Darkness——DAIDO MORIYAMA,StudioTODO,,2026-09-02T22:50:49,图包与字体包/图包/中文奖项/DFA/sources.csv,b8a448428c6dde032b3d90a4c556645dd56819d2750a5200ade42fde718871e5,61,[]
source_08b3c0206fd0d5fa188d905a,DFA,2023,,work_d9f239f3fc74bf15e564bb8d,图包与字体包/图包/中文奖项/DFA/2023/DFA_2023_13_68648741_application_20231024_76L2x.jpg,DFA_2023_13_68648741_application_20231024_76L2x.jpg,https://dfaawards.com/lib/uploads/index/application_20231024_76L2x.jpg,https://dfaa.dfaawards.com/en/lib/ajax/winner-dfa/list/?year=2023&design_category=3,3922114,Silver Award,TSUSHIMA MUSEUM,"6D-K co.,Ltd.",,2026-09-02T22:50:53,图包与字体包/图包/中文奖项/DFA/sources.csv,b8a448428c6dde032b3d90a4c556645dd56819d2750a5200ade42fde718871e5,62,[]
source_1e6ddbee18c186fc42237371,DFA,2023,,work_13bce54396da87027c8bd781,图包与字体包/图包/中文奖项/DFA/2023/DFA_2023_14_115646d0_application_20231027_96MF9.jpg,DFA_2023_14_115646d0_application_20231027_96MF9.jpg,https://dfaawards.com/lib/uploads/index/application_20231027_96MF9.jpg,https://dfaa.dfaawards.com/en/lib/ajax/winner-dfa/list/?year=2023&design_category=3,1987137,Bronze Award,"BECOMING — BIFT GRADUATION WORKS BA, CLASS OF 2022",Mint Design,,2026-09-02T22:50:55,图包与字体包/图包/中文奖项/DFA/sources.csv,b8a448428c6dde032b3d90a4c556645dd56819d2750a5200ade42fde718871e5,63,[]
source_01aaeba9991532b8cfd98f3c,DFA,2023,,work_ad9d37b21f3893ee5d8c212d,图包与字体包/图包/中文奖项/DFA/2023/DFA_2023_15_34b6592b_application_20231027_VvYqm.jpg,DFA_2023_15_34b6592b_application_20231027_VvYqm.jpg,https://dfaawards.com/lib/uploads/index/application_20231027_VvYqm.jpg,https://dfaa.dfaawards.com/en/lib/ajax/winner-dfa/list/?year=2023&design_category=3,4595513,Bronze Award,Breath，Tomorrow，Hope，Future,ken-tsai lee design lab/Taiwan tech,,2026-09-02T22:51:02,图包与字体包/图包/中文奖项/DFA/sources.csv,b8a448428c6dde032b3d90a4c556645dd56819d2750a5200ade42fde718871e5,64,[]
source_0761e8fde36ea7321f608de2,DFA,2023,,work_4758463b295cc073bba1290e,图包与字体包/图包/中文奖项/DFA/2023/DFA_2023_16_58370ec3_application_20231027_NUK1E.jpg,DFA_2023_16_58370ec3_application_20231027_NUK1E.jpg,https://dfaawards.com/lib/uploads/index/application_20231027_NUK1E.jpg,https://dfaa.dfaawards.com/en/lib/ajax/winner-dfa/list/?year=2023&design_category=3,4502578,Bronze Award,EAST MEETS EAST,CL3 Architects Limited,,2026-09-02T22:51:06,图包与字体包/图包/中文奖项/DFA/sources.csv,b8a448428c6dde032b3d90a4c556645dd56819d2750a5200ade42fde718871e5,65,[]
source_1f978620f8ac855319dd11ef,DFA,2024,,work_0e9135e16c50c15766710ff1,图包与字体包/图包/中文奖项/DFA/2024/DFA_2024_01_09b2832a_application_20241030_NAYWg.JPG,DFA_2024_01_09b2832a_application_20241030_NAYWg.JPG,https://dfaawards.com/lib/uploads/index/application_20241030_NAYWg.JPG,https://dfaa.dfaawards.com/en/lib/ajax/winner-dfa/list/?year=2024&design_category=3,2492474,Gold Award,50 GRIPS,"Arakawa & Co., Ltd.  /  STUDIO BYCOLOR Inc.",,2026-09-02T22:51:10,图包与字体包/图包/中文奖项/DFA/sources.csv,b8a448428c6dde032b3d90a4c556645dd56819d2750a5200ade42fde718871e5,66,[]
source_064e6e8bfbc9868d73768538,DFA,2024,,work_19246a24b562128c2f092595,图包与字体包/图包/中文奖项/DFA/2024/DFA_2024_02_816ea828_application_20241030_reaCt.jpg,DFA_2024_02_816ea828_application_20241030_reaCt.jpg,https://dfaawards.com/lib/uploads/index/application_20241030_reaCt.jpg,https://dfaa.dfaawards.com/en/lib/ajax/winner-dfa/list/?year=2024&design_category=3,4211072,Gold Award,MUJI Campsite “Water and Branches”,garden inc.,,2026-09-02T22:51:13,图包与字体包/图包/中文奖项/DFA/sources.csv,b8a448428c6dde032b3d90a4c556645dd56819d2750a5200ade42fde718871e5,67,[]
source_19a0ae51e8b283cbc852211d,DFA,2024,,work_6c74ec981badf9c4a4fd0d81,图包与字体包/图包/中文奖项/DFA/2024/DFA_2024_03_9c215fc2_application_20241030_qOL8R.jpg,DFA_2024_03_9c215fc2_application_20241030_qOL8R.jpg,https://dfaawards.com/lib/uploads/index/application_20241030_qOL8R.jpg,https://dfaa.dfaawards.com/en/lib/ajax/winner-dfa/list/?year=2024&design_category=3,2741407,Gold Award,Park Solo,for&st,,2026-09-02T22:51:17,图包与字体包/图包/中文奖项/DFA/sources.csv,b8a448428c6dde032b3d90a4c556645dd56819d2750a5200ade42fde718871e5,68,[]
source_9c789b55d0a018da620c70a6,DFA,2024,,work_ba4bcb2e5b770f6db163c0f5,图包与字体包/图包/中文奖项/DFA/2024/DFA_2024_04_b92c209d_application_20241030_O23rQ.jpg,DFA_2024_04_b92c209d_application_20241030_O23rQ.jpg,https://dfaawards.com/lib/uploads/index/application_20241030_O23rQ.jpg,https://dfaa.dfaawards.com/en/lib/ajax/winner-dfa/list/?year=2024&design_category=3,3843180,Gold Award,PROUD LIBERICA COFFEE,LIFULL,,2026-09-02T22:51:21,图包与字体包/图包/中文奖项/DFA/sources.csv,b8a448428c6dde032b3d90a4c556645dd56819d2750a5200ade42fde718871e5,69,[]
source_b685a8a9aace1b5208aa9226,DFA,2024,,work_123a2c87a63eeb91e8160986,图包与字体包/图包/中文奖项/DFA/2024/DFA_2024_05_26b76c81_application_20241030_KbnrG.jpg,DFA_2024_05_26b76c81_application_20241030_KbnrG.jpg,https://dfaawards.com/lib/uploads/index/application_20241030_KbnrG.jpg,https://dfaa.dfaawards.com/en/lib/ajax/winner-dfa/list/?year=2024&design_category=3,2201703,Silver Award,Antoni Tapies-Dialogue with Objects,Bai Fengkun,,2026-09-02T22:51:24,图包与字体包/图包/中文奖项/DFA/sources.csv,b8a448428c6dde032b3d90a4c556645dd56819d2750a5200ade42fde718871e5,70,[]
source_520f2a105853ebf0934d7be8,DFA,2024,,work_bf647610b95f2bbe99a98ed3,图包与字体包/图包/中文奖项/DFA/2024/DFA_2024_06_b2a921ba_application_20241030_U5beM.jpg,DFA_2024_06_b2a921ba_application_20241030_U5beM.jpg,https://dfaawards.com/lib/uploads/index/application_20241030_U5beM.jpg,https://dfaa.dfaawards.com/en/lib/ajax/winner-dfa/list/?year=2024&design_category=3,4312475,Silver Award,Aoyama Ototo,bluelake inc.,,2026-09-02T22:51:28,图包与字体包/图包/中文奖项/DFA/sources.csv,b8a448428c6dde032b3d90a4c556645dd56819d2750a5200ade42fde718871e5,71,[]
source_031cb4e3967a500b66a9a609,DFA,2024,,work_d1763b00ec38613be38d238f,图包与字体包/图包/中文奖项/DFA/2024/DFA_2024_07_8ba0652b_application_20241030_BocTb.jpg,DFA_2024_07_8ba0652b_application_20241030_BocTb.jpg,https://dfaawards.com/lib/uploads/index/application_20241030_BocTb.jpg,https://dfaa.dfaawards.com/en/lib/ajax/winner-dfa/list/?year=2024&design_category=3,3648785,Silver Award,JARDINE HOUSE 50TH ANNIVERSARY AND FORWARD,84000 Communications Limited,,2026-09-02T22:51:31,图包与字体包/图包/中文奖项/DFA/sources.csv,b8a448428c6dde032b3d90a4c556645dd56819d2750a5200ade42fde718871e5,72,[]
source_791bdf333813f026d74cdfc4,DFA,2024,,work_8857d42ef0322181b4b848d2,图包与字体包/图包/中文奖项/DFA/2024/DFA_2024_08_82ab12f8_application_20241030_oenXm.jpg,DFA_2024_08_82ab12f8_application_20241030_oenXm.jpg,https://dfaawards.com/lib/uploads/index/application_20241030_oenXm.jpg,https://dfaa.dfaawards.com/en/lib/ajax/winner-dfa/list/?year=2024&design_category=3,2608987,Silver Award,Seoul Construction Fence Design Guideline,SUNNY ISLAND,,2026-09-02T22:51:34,图包与字体包/图包/中文奖项/DFA/sources.csv,b8a448428c6dde032b3d90a4c556645dd56819d2750a5200ade42fde718871e5,73,[]
source_12654a43e221c6a71d2c1a2e,DFA,2024,,work_77c62f650a850dca222d6e94,图包与字体包/图包/中文奖项/DFA/2024/DFA_2024_09_26b7cb54_application_20241031_GGucK.jpg,DFA_2024_09_26b7cb54_application_20241031_GGucK.jpg,https://dfaawards.com/lib/uploads/index/application_20241031_GGucK.jpg,https://dfaa.dfaawards.com/en/lib/ajax/winner-dfa/list/?year=2024&design_category=3,1309160,Bronze Award,Choice of Heart,IDEAFINE,,2026-09-02T22:51:36,图包与字体包/图包/中文奖项/DFA/sources.csv,b8a448428c6dde032b3d90a4c556645dd56819d2750a5200ade42fde718871e5,74,[]
source_e3ebe209f4206e5519f4fca8,DFA,2024,,work_e8da09f0afea048bb9954dee,图包与字体包/图包/中文奖项/DFA/2024/DFA_2024_10_7dab365d_application_20241031_fHJ4X.jpg,DFA_2024_10_7dab365d_application_20241031_fHJ4X.jpg,https://dfaawards.com/lib/uploads/index/application_20241031_fHJ4X.jpg,https://dfaa.dfaawards.com/en/lib/ajax/winner-dfa/list/?year=2024&design_category=3,801683,Bronze Award,CLUB HARIE  Haneda Airport Limited Package,Ono and Associates Inc.,,2026-09-02T22:51:38,图包与字体包/图包/中文奖项/DFA/sources.csv,b8a448428c6dde032b3d90a4c556645dd56819d2750a5200ade42fde718871e5,75,[]
source_43a77472ef00c293d38e350d,DFA,2024,,work_5ab01f41e6364903f03a500c,图包与字体包/图包/中文奖项/DFA/2024/DFA_2024_11_a2826bc7_application_20241031_H2LeG.jpg,DFA_2024_11_a2826bc7_application_20241031_H2LeG.jpg,https://dfaawards.com/lib/uploads/index/application_20241031_H2LeG.jpg,https://dfaa.dfaawards.com/en/lib/ajax/winner-dfa/list/?year=2024&design_category=3,4196291,Bronze Award,FULL MOON__PAST : PRESENT : FUTURE,84000 Communications Limited,,2026-09-02T22:51:42,图包与字体包/图包/中文奖项/DFA/sources.csv,b8a448428c6dde032b3d90a4c556645dd56819d2750a5200ade42fde718871e5,76,[]
source_fa9c68125ab973c8eb20c222,DFA,2024,,work_0e18af8ff5c5e1e28446f71a,图包与字体包/图包/中文奖项/DFA/2024/DFA_2024_12_b8697077_application_20241031_3qwAJ.jpg,DFA_2024_12_b8697077_application_20241031_3qwAJ.jpg,https://dfaawards.com/lib/uploads/index/application_20241031_3qwAJ.jpg,https://dfaa.dfaawards.com/en/lib/ajax/winner-dfa/list/?year=2024&design_category=3,285441,Bronze Award,HUSHIGUANG Art Eco Site,jpgDesign,,2026-09-02T22:51:44,图包与字体包/图包/中文奖项/DFA/sources.csv,b8a448428c6dde032b3d90a4c556645dd56819d2750a5200ade42fde718871e5,77,[]
source_7043f39edb61d420464487f3,DFA,2024,,work_5e9aac41f35e808ed567af30,图包与字体包/图包/中文奖项/DFA/2024/DFA_2024_13_ded234c2_application_20241031_yvECC.jpg,DFA_2024_13_ded234c2_application_20241031_yvECC.jpg,https://dfaawards.com/lib/uploads/index/application_20241031_yvECC.jpg,https://dfaa.dfaawards.com/en/lib/ajax/winner-dfa/list/?year=2024&design_category=3,1743790,Bronze Award,Motion & Graphic Typography 2023 Typocology Design Exhibition,THE END DESIGN,,2026-09-02T22:51:47,图包与字体包/图包/中文奖项/DFA/sources.csv,b8a448428c6dde032b3d90a4c556645dd56819d2750a5200ade42fde718871e5,78,[]
source_9c1c9c020d4fd74a538ea53e,DFA,2024,,work_f04896188703e3678141e413,图包与字体包/图包/中文奖项/DFA/2024/DFA_2024_14_a1c54e69_application_20241031_4fdc7.jpg,DFA_2024_14_a1c54e69_application_20241031_4fdc7.jpg,https://dfaawards.com/lib/uploads/index/application_20241031_4fdc7.jpg,https://dfaa.dfaawards.com/en/lib/ajax/winner-dfa/list/?year=2024&design_category=3,3609257,Bronze Award,MUJI Campsite “Embroidery”,garden inc.,,2026-09-02T22:51:58,图包与字体包/图包/中文奖项/DFA/sources.csv,b8a448428c6dde032b3d90a4c556645dd56819d2750a5200ade42fde718871e5,79,[]
source_dd6d1835f690d4445d29924f,DFA,2024,,work_d1662fc3af05cd1a3396f4cf,图包与字体包/图包/中文奖项/DFA/2024/DFA_2024_15_3709371c_application_20241031_bbTZG.jpg,DFA_2024_15_3709371c_application_20241031_bbTZG.jpg,https://dfaawards.com/lib/uploads/index/application_20241031_bbTZG.jpg,https://dfaa.dfaawards.com/en/lib/ajax/winner-dfa/list/?year=2024&design_category=3,3876599,Bronze Award,MUJI Campsite “Roots”,garden inc.,,2026-09-02T22:52:01,图包与字体包/图包/中文奖项/DFA/sources.csv,b8a448428c6dde032b3d90a4c556645dd56819d2750a5200ade42fde718871e5,80,[]
source_ee6ce6dc9ab5b88d278b15b1,DFA,2024,,work_b8edc1d02ba3cb1b0e1272b3,图包与字体包/图包/中文奖项/DFA/2024/DFA_2024_16_f2cb3c9a_application_20241031_78HWD.png,DFA_2024_16_f2cb3c9a_application_20241031_78HWD.png,https://dfaawards.com/lib/uploads/index/application_20241031_78HWD.png,https://dfaa.dfaawards.com/en/lib/ajax/winner-dfa/list/?year=2024&design_category=3,4766641,Bronze Award,Sakanakaruta,"Chiba Print Co.,Ltd",,2026-09-02T22:52:08,图包与字体包/图包/中文奖项/DFA/sources.csv,b8a448428c6dde032b3d90a4c556645dd56819d2750a5200ade42fde718871e5,81,[]
source_357e3cc2e80bbe615d1aee49,Indigo,2021,,work_aea09830e962600ae907301d,图包与字体包/图包/国际奖项/Indigo/2021/Indigo_2021_01_b9430b22_71198cdc58c03e837a636324d808fd5b.png,Indigo_2021_01_b9430b22_71198cdc58c03e837a636324d808fd5b.png,https://indigoawards.s3.amazonaws.com/cache/cover/7753/image/71198cdc58c03e837a636324d808fd5b.png,https://www.indigoaward.com/winners/competition/2021,55729,,The Exchange E3,Range Left,Real Estate,2026-09-02T23:27:55,图包与字体包/图包/国际奖项/Indigo/sources.csv,7a610073752a22529ed0dc7892ffd7f138a8dcfb9b6069e97529208af954f376,2,[]
source_c68c5902fa12d81dfb1ae6b2,Indigo,2021,,work_b0c5832226f42a2f2723dbbf,图包与字体包/图包/国际奖项/Indigo/2021/Indigo_2021_02_519c3773_401c02b8e3cc44c4d13886cb5fa4c03e.jpg,Indigo_2021_02_519c3773_401c02b8e3cc44c4d13886cb5fa4c03e.jpg,https://indigoawards.s3.amazonaws.com/cache/cover/7762/image/401c02b8e3cc44c4d13886cb5fa4c03e.jpg,https://www.indigoaward.com/winners/competition/2021,1607194,,"Branding for Botanical Lofts, London E1",Range Left,Real Estate,2026-09-02T23:27:58,图包与字体包/图包/国际奖项/Indigo/sources.csv,7a610073752a22529ed0dc7892ffd7f138a8dcfb9b6069e97529208af954f376,3,[]
source_f0ad939a803ce577e7461204,Indigo,2021,,work_aee4b288023f6f28ac89b311,图包与字体包/图包/国际奖项/Indigo/2021/Indigo_2021_03_8b1140c9_aad86f397460a70e9c0efa90dd03ab45.jpg,Indigo_2021_03_8b1140c9_aad86f397460a70e9c0efa90dd03ab45.jpg,https://indigoawards.s3.amazonaws.com/cache/cover/6004/image/aad86f397460a70e9c0efa90dd03ab45.jpg,https://www.indigoaward.com/winners/competition/2021,661395,,Ato DTLA,Kilograph,Real Estate,2026-09-02T23:28:02,图包与字体包/图包/国际奖项/Indigo/sources.csv,7a610073752a22529ed0dc7892ffd7f138a8dcfb9b6069e97529208af954f376,4,[]
source_650d7dbdf9f5e3be05c0d71e,Indigo,2021,,work_237cff28e63717970c2f9879,图包与字体包/图包/国际奖项/Indigo/2021/Indigo_2021_04_8f4cc432_f5afd91d3adac6136784ff84900027e4.jpg,Indigo_2021_04_8f4cc432_f5afd91d3adac6136784ff84900027e4.jpg,https://indigoawards.s3.amazonaws.com/cache/cover/6293/image/f5afd91d3adac6136784ff84900027e4.jpg,https://www.indigoaward.com/winners/competition/2021,606173,,421 East Dilido Drive Property Branding,Compass,Real Estate,2026-09-02T23:28:05,图包与字体包/图包/国际奖项/Indigo/sources.csv,7a610073752a22529ed0dc7892ffd7f138a8dcfb9b6069e97529208af954f376,5,[]
source_d97526657679cfee9a4dfb69,Indigo,2021,,work_1772edd5bc2664d9e0c5c1d2,图包与字体包/图包/国际奖项/Indigo/2021/Indigo_2021_05_5d764ffa_41575e293c7db967bb6ad2a052c405d2.jpg,Indigo_2021_05_5d764ffa_41575e293c7db967bb6ad2a052c405d2.jpg,https://indigoawards.s3.amazonaws.com/cache/cover/6166/image/41575e293c7db967bb6ad2a052c405d2.jpg,https://www.indigoaward.com/winners/competition/2021,301480,,Sienna Branding,Threshold,Real Estate,2026-09-02T23:28:09,图包与字体包/图包/国际奖项/Indigo/sources.csv,7a610073752a22529ed0dc7892ffd7f138a8dcfb9b6069e97529208af954f376,6,[]
source_23ec6022f9be7f4b14a2bd0c,Indigo,2021,,work_afb0812adb010510c0b14652,图包与字体包/图包/国际奖项/Indigo/2021/Indigo_2021_06_07d36722_638cce3e6da0a0798f1882e611502ecb.jpg,Indigo_2021_06_07d36722_638cce3e6da0a0798f1882e611502ecb.jpg,https://indigoawards.s3.amazonaws.com/cache/cover/5978/image/638cce3e6da0a0798f1882e611502ecb.jpg,https://www.indigoaward.com/winners/competition/2021,161375,,McGregor Square Brochure Booklets,Ellen Bruss Design,Real Estate,2026-09-02T23:28:12,图包与字体包/图包/国际奖项/Indigo/sources.csv,7a610073752a22529ed0dc7892ffd7f138a8dcfb9b6069e97529208af954f376,7,[]
source_3bb34e48654afcf9124d0c4e,Indigo,2021,,work_ccd89b3255714c97a2414b4f,图包与字体包/图包/国际奖项/Indigo/2021/Indigo_2021_07_43939138_59dd318d4583a6610efee1c9503ab06f.jpg,Indigo_2021_07_43939138_59dd318d4583a6610efee1c9503ab06f.jpg,https://indigoawards.s3.amazonaws.com/cache/cover/6238/image/59dd318d4583a6610efee1c9503ab06f.jpg,https://www.indigoaward.com/winners/competition/2021,539238,,Torre Student Living,Threshold,Real Estate,2026-09-02T23:28:14,图包与字体包/图包/国际奖项/Indigo/sources.csv,7a610073752a22529ed0dc7892ffd7f138a8dcfb9b6069e97529208af954f376,8,[]
source_5111c2c1d0c63531e2b1c929,Indigo,2021,,work_dba384e4e9b6a29a4de4f278,图包与字体包/图包/国际奖项/Indigo/2021/Indigo_2021_08_ac6870f6_a3e26fc230ec4e3a46696a47fee07dee.jpg,Indigo_2021_08_ac6870f6_a3e26fc230ec4e3a46696a47fee07dee.jpg,https://indigoawards.s3.amazonaws.com/cache/cover/6301/image/a3e26fc230ec4e3a46696a47fee07dee.jpg,https://www.indigoaward.com/winners/competition/2021,3057857,,Casa de Sueño Property Branding,Compass,Real Estate,2026-09-02T23:28:19,图包与字体包/图包/国际奖项/Indigo/sources.csv,7a610073752a22529ed0dc7892ffd7f138a8dcfb9b6069e97529208af954f376,9,[]
source_635d86c502094db1ddab6f2d,Indigo,2021,,work_632691fd557c75b8ce7120df,图包与字体包/图包/国际奖项/Indigo/2021/Indigo_2021_09_ecb4d3bd_36729b2de0fcaf433e182c1369a19b2f.jpg,Indigo_2021_09_ecb4d3bd_36729b2de0fcaf433e182c1369a19b2f.jpg,https://indigoawards.s3.amazonaws.com/cache/cover/7906/image/36729b2de0fcaf433e182c1369a19b2f.jpg,https://www.indigoaward.com/winners/competition/2021,285413,,Highpoint Engineering,Nickerson,Real Estate,2026-09-02T23:28:22,图包与字体包/图包/国际奖项/Indigo/sources.csv,7a610073752a22529ed0dc7892ffd7f138a8dcfb9b6069e97529208af954f376,10,[]
source_e7dd3bdd97fc551c41e04686,Indigo,2021,,work_a305713f8dfe9f7761165b35,图包与字体包/图包/国际奖项/Indigo/2021/Indigo_2021_10_01472696_d9251e806e954d73d08978dc506abd06.png,Indigo_2021_10_01472696_d9251e806e954d73d08978dc506abd06.png,https://indigoawards.s3.amazonaws.com/cache/cover/7790/image/d9251e806e954d73d08978dc506abd06.png,https://www.indigoaward.com/winners/competition/2021,905300,,The Sego Awards,Big Monocle,Events,2026-09-02T23:28:28,图包与字体包/图包/国际奖项/Indigo/sources.csv,7a610073752a22529ed0dc7892ffd7f138a8dcfb9b6069e97529208af954f376,11,[]
source_0a488c181c98b3a63918ef3f,Indigo,2021,,work_5e43e8603696133fe5a5d6e9,图包与字体包/图包/国际奖项/Indigo/2021/Indigo_2021_11_0d8e97b1_2fe375f41ef6dbfdf5354d3c9665e0eb.jpg,Indigo_2021_11_0d8e97b1_2fe375f41ef6dbfdf5354d3c9665e0eb.jpg,https://indigoawards.s3.amazonaws.com/cache/cover/5647/image/2fe375f41ef6dbfdf5354d3c9665e0eb.jpg,https://www.indigoaward.com/winners/competition/2021,1795024,,ALL.I.D. Everybody Dilla,OOO Studios,Events,2026-09-02T23:28:51,图包与字体包/图包/国际奖项/Indigo/sources.csv,7a610073752a22529ed0dc7892ffd7f138a8dcfb9b6069e97529208af954f376,12,[]
source_6a6d3018730868f50dd4611f,Indigo,2021,,work_5a1ca603bec8fe8a9647376c,图包与字体包/图包/国际奖项/Indigo/2021/Indigo_2021_12_ac616167_a2125e609480955e218d11250aaebfa9.jpg,Indigo_2021_12_ac616167_a2125e609480955e218d11250aaebfa9.jpg,https://indigoawards.s3.amazonaws.com/cache/cover/6380/image/a2125e609480955e218d11250aaebfa9.jpg,https://www.indigoaward.com/winners/competition/2021,1185795,,Draft Cafe - Draft Your Beat,Blue Hat,Events,2026-09-02T23:28:54,图包与字体包/图包/国际奖项/Indigo/sources.csv,7a610073752a22529ed0dc7892ffd7f138a8dcfb9b6069e97529208af954f376,13,[]
source_6a7b43d3e449e5e9c923363b,Indigo,2021,,work_d47cf1c9d3495e1aa7b96b97,图包与字体包/图包/国际奖项/Indigo/2021/Indigo_2021_13_6a6c66e9_e00a24f9d52f5185afc1bc18421791df.jpg,Indigo_2021_13_6a6c66e9_e00a24f9d52f5185afc1bc18421791df.jpg,https://indigoawards.s3.amazonaws.com/cache/cover/7078/image/e00a24f9d52f5185afc1bc18421791df.jpg,https://www.indigoaward.com/winners/competition/2021,1714057,,Bluecore Open,Bluecore,Events,2026-09-02T23:28:59,图包与字体包/图包/国际奖项/Indigo/sources.csv,7a610073752a22529ed0dc7892ffd7f138a8dcfb9b6069e97529208af954f376,14,[]
source_ca75d9ade88c9448b0b32b51,Indigo,2021,,work_8f06e118974981c03eb76964,图包与字体包/图包/国际奖项/Indigo/2021/Indigo_2021_14_bac5fd5f_midsize-308ea3a7ad5b6331f6c2f49599a71dde.jpg,Indigo_2021_14_bac5fd5f_midsize-308ea3a7ad5b6331f6c2f49599a71dde.jpg,https://indigoawards.s3.amazonaws.com/store/cover/6995/image/midsize-308ea3a7ad5b6331f6c2f49599a71dde.jpg,https://www.indigoaward.com/winners/competition/2021,85270,,The 2020 Vision,RLD Creative,Events,2026-09-02T23:29:01,图包与字体包/图包/国际奖项/Indigo/sources.csv,7a610073752a22529ed0dc7892ffd7f138a8dcfb9b6069e97529208af954f376,15,[]
source_18d30d705136b329ddaf0750,Indigo,2021,,work_236df21ee9338d32b48cc524,图包与字体包/图包/国际奖项/Indigo/2021/Indigo_2021_15_cc015d08_3b1d3e88fe5e4d3d7d2ad96e3fa85868.jpg,Indigo_2021_15_cc015d08_3b1d3e88fe5e4d3d7d2ad96e3fa85868.jpg,https://indigoawards.s3.amazonaws.com/cache/cover/6447/image/3b1d3e88fe5e4d3d7d2ad96e3fa85868.jpg,https://www.indigoaward.com/winners/competition/2021,276532,,Award Ceremony Branding Identities Design,UC DEVELOPMENT LIMITED,Events,2026-09-02T23:29:04,图包与字体包/图包/国际奖项/Indigo/sources.csv,7a610073752a22529ed0dc7892ffd7f138a8dcfb9b6069e97529208af954f376,16,[]
source_3799f00426eeef6cb63e8f8d,Indigo,2021,,work_1e53e9790db4ebfcc538830e,图包与字体包/图包/国际奖项/Indigo/2021/Indigo_2021_16_a6e9c2aa_2f48f882331c88cb44bc5d7e93d19b46.png,Indigo_2021_16_a6e9c2aa_2f48f882331c88cb44bc5d7e93d19b46.png,https://indigoawards.s3.amazonaws.com/cache/cover/7034/image/2f48f882331c88cb44bc5d7e93d19b46.png,https://www.indigoaward.com/winners/competition/2021,136412,,Design Inspire,ValueLabs,Events,2026-09-02T23:29:07,图包与字体包/图包/国际奖项/Indigo/sources.csv,7a610073752a22529ed0dc7892ffd7f138a8dcfb9b6069e97529208af954f376,17,[]
source_a78be46512f89654bf436529,Indigo,2021,,work_cbf738adeda6cc1a9fbffdac,图包与字体包/图包/国际奖项/Indigo/2021/Indigo_2021_17_f44ff8ab_98549cbe5e0f0bcb8492b92130d788f3.jpg,Indigo_2021_17_f44ff8ab_98549cbe5e0f0bcb8492b92130d788f3.jpg,https://indigoawards.s3.amazonaws.com/cache/cover/6967/image/98549cbe5e0f0bcb8492b92130d788f3.jpg,https://www.indigoaward.com/winners/competition/2021,4992177,,FELIX KITCHEN AND BAR'S IDENTITY,Graphasel Design Studio,Restaurants / Cafe,2026-09-02T23:29:17,图包与字体包/图包/国际奖项/Indigo/sources.csv,7a610073752a22529ed0dc7892ffd7f138a8dcfb9b6069e97529208af954f376,18,[]
source_98572293f99bf0bb48244dba,Indigo,2021,,work_48854c4567c2351836a941cd,图包与字体包/图包/国际奖项/Indigo/2021/Indigo_2021_18_7e44f085_9adda84b3bd919831ed15596a95e1498.jpg,Indigo_2021_18_7e44f085_9adda84b3bd919831ed15596a95e1498.jpg,https://indigoawards.s3.amazonaws.com/cache/cover/7892/image/9adda84b3bd919831ed15596a95e1498.jpg,https://www.indigoaward.com/winners/competition/2021,381212,,Rice 'N Fire,"Chim Media, Inc.",Restaurants / Cafe,2026-09-02T23:29:20,图包与字体包/图包/国际奖项/Indigo/sources.csv,7a610073752a22529ed0dc7892ffd7f138a8dcfb9b6069e97529208af954f376,19,[]
source_ed4f29f20d4e7dc053453a58,Indigo,2022,,work_3c72c85a0df1bfdd39c83f4e,图包与字体包/图包/国际奖项/Indigo/2022/Indigo_2022_01_b48565de_midsize-520db1b797024bd15b8223b06a7d8ff7.png,Indigo_2022_01_b48565de_midsize-520db1b797024bd15b8223b06a7d8ff7.png,https://indigoawards.s3.amazonaws.com/store/cover/8533/image/midsize-520db1b797024bd15b8223b06a7d8ff7.png,https://www.indigoaward.com/winners/competition/2022,180209,,Mercer: Shining new light on a global consulting firm,Lippincott,Services - Other,2026-09-02T23:29:45,图包与字体包/图包/国际奖项/Indigo/sources.csv,7a610073752a22529ed0dc7892ffd7f138a8dcfb9b6069e97529208af954f376,20,[]
source_ea022a6d2bc7d2b96d030f59,Indigo,2022,,work_019f62835808fac556df5386,图包与字体包/图包/国际奖项/Indigo/2022/Indigo_2022_02_40c7a55c_midsize-ca76a5afa3bb7a1ddbee31e6fd21f6a7.png,Indigo_2022_02_40c7a55c_midsize-ca76a5afa3bb7a1ddbee31e6fd21f6a7.png,https://indigoawards.s3.amazonaws.com/store/cover/10006/image/midsize-ca76a5afa3bb7a1ddbee31e6fd21f6a7.png,https://www.indigoaward.com/winners/competition/2022,95793,,Bea's Detroit,Unsold Studio,Services - Other,2026-09-02T23:29:49,图包与字体包/图包/国际奖项/Indigo/sources.csv,7a610073752a22529ed0dc7892ffd7f138a8dcfb9b6069e97529208af954f376,21,[]
source_53acb41afbcc0104510fa26b,Indigo,2022,,work_0b4ecda8e64305cc3b7119d7,图包与字体包/图包/国际奖项/Indigo/2022/Indigo_2022_03_ef6efae9_midsize-b3d22bff9b8116a2e64cd2f4ba707731.jpg,Indigo_2022_03_ef6efae9_midsize-b3d22bff9b8116a2e64cd2f4ba707731.jpg,https://indigoawards.s3.amazonaws.com/store/cover/10362/image/midsize-b3d22bff9b8116a2e64cd2f4ba707731.jpg,https://www.indigoaward.com/winners/competition/2022,1930081,,Kids Cancer Centre Rebrand,SunnySideUp,Services - Other,2026-09-02T23:29:55,图包与字体包/图包/国际奖项/Indigo/sources.csv,7a610073752a22529ed0dc7892ffd7f138a8dcfb9b6069e97529208af954f376,22,[]
source_2524d4548ebde273f5a28c53,Indigo,2022,,work_658ee10ce6b737c033d3160e,图包与字体包/图包/国际奖项/Indigo/2022/Indigo_2022_04_68cda564_midsize-81aae1250fec89acdbe8880deb9cc348.jpg,Indigo_2022_04_68cda564_midsize-81aae1250fec89acdbe8880deb9cc348.jpg,https://indigoawards.s3.amazonaws.com/store/cover/8534/image/midsize-81aae1250fec89acdbe8880deb9cc348.jpg,https://www.indigoaward.com/winners/competition/2022,39059,,UKG: Bringing together two HR leaders for a unified future​  ​,Lippincott,Services - Other,2026-09-02T23:29:57,图包与字体包/图包/国际奖项/Indigo/sources.csv,7a610073752a22529ed0dc7892ffd7f138a8dcfb9b6069e97529208af954f376,23,[]
source_8615dec60709c43a552ca205,Indigo,2022,,work_7f17fcfdd6d510278b68851b,图包与字体包/图包/国际奖项/Indigo/2022/Indigo_2022_05_0d91d297_29a549a3049343460d318f7fb79683bf.jpg,Indigo_2022_05_0d91d297_29a549a3049343460d318f7fb79683bf.jpg,https://indigoawards.s3.amazonaws.com/cache/cover/8126/image/29a549a3049343460d318f7fb79683bf.jpg,https://www.indigoaward.com/winners/competition/2022,220286,,Brand Identity for Invoke Hospitality,Huck Yeah,Services - Other,2026-09-02T23:29:59,图包与字体包/图包/国际奖项/Indigo/sources.csv,7a610073752a22529ed0dc7892ffd7f138a8dcfb9b6069e97529208af954f376,24,[]
source_c6198c2c0e9e7c40cbbdb276,Indigo,2022,,work_4371b451b9fda8a710b529ac,图包与字体包/图包/国际奖项/Indigo/2022/Indigo_2022_06_8f592570_bf4160c5e08baf25a3cb40144d74d990.jpg,Indigo_2022_06_8f592570_bf4160c5e08baf25a3cb40144d74d990.jpg,https://indigoawards.s3.amazonaws.com/cache/cover/8523/image/bf4160c5e08baf25a3cb40144d74d990.jpg,https://www.indigoaward.com/winners/competition/2022,1749153,,Enjoy Happy Food Rebranding,Play Design Lab,Services - Other,2026-09-02T23:30:05,图包与字体包/图包/国际奖项/Indigo/sources.csv,7a610073752a22529ed0dc7892ffd7f138a8dcfb9b6069e97529208af954f376,25,[]
source_c13bd844aef735e2452ead8e,Indigo,2022,,work_c2893782ae0880386c81a2c3,图包与字体包/图包/国际奖项/Indigo/2022/Indigo_2022_07_cedd52e8_f88b307a2adfe551f29bb67f99c18c09.png,Indigo_2022_07_cedd52e8_f88b307a2adfe551f29bb67f99c18c09.png,https://indigoawards.s3.amazonaws.com/cache/cover/8528/image/f88b307a2adfe551f29bb67f99c18c09.png,https://www.indigoaward.com/winners/competition/2022,40783,,GXO: Launching a global leader in logistics,Lippincott,Services - Other,2026-09-02T23:30:07,图包与字体包/图包/国际奖项/Indigo/sources.csv,7a610073752a22529ed0dc7892ffd7f138a8dcfb9b6069e97529208af954f376,26,[]
source_394b8e330a3807fee18844b7,Indigo,2022,,work_814caffce2c85b76942eca36,图包与字体包/图包/国际奖项/Indigo/2022/Indigo_2022_08_be8fbe30_midsize-92c280cafc47896f16e6db91c6fad601.jpg,Indigo_2022_08_be8fbe30_midsize-92c280cafc47896f16e6db91c6fad601.jpg,https://indigoawards.s3.amazonaws.com/store/cover/10370/image/midsize-92c280cafc47896f16e6db91c6fad601.jpg,https://www.indigoaward.com/winners/competition/2022,1937164,,Sydney Children’s Hospitals Foundation Rebrand,SunnySideUp,Services - Other,2026-09-02T23:30:13,图包与字体包/图包/国际奖项/Indigo/sources.csv,7a610073752a22529ed0dc7892ffd7f138a8dcfb9b6069e97529208af954f376,27,[]
source_f2b22003964dd94702229672,Indigo,2022,,work_b66d514c8833ba8cd435d693,图包与字体包/图包/国际奖项/Indigo/2022/Indigo_2022_09_8336db61_midsize-cf2c80daa2790ed6b1fcc2c3d27d6436.png,Indigo_2022_09_8336db61_midsize-cf2c80daa2790ed6b1fcc2c3d27d6436.png,https://indigoawards.s3.amazonaws.com/store/cover/9241/image/midsize-cf2c80daa2790ed6b1fcc2c3d27d6436.png,https://www.indigoaward.com/winners/competition/2022,18555,,The World's Paper Company,Thackway McCord,Services - Other,2026-09-02T23:30:14,图包与字体包/图包/国际奖项/Indigo/sources.csv,7a610073752a22529ed0dc7892ffd7f138a8dcfb9b6069e97529208af954f376,28,[]
source_d2d44d7363debd82e3f8a785,Indigo,2022,,work_3fc39e5b536f10a82208d08f,图包与字体包/图包/国际奖项/Indigo/2022/Indigo_2022_10_7a115231_midsize-4ec8c6a3e06545f210d1edf1ae1a861f.jpeg,Indigo_2022_10_7a115231_midsize-4ec8c6a3e06545f210d1edf1ae1a861f.jpeg,https://indigoawards.s3.amazonaws.com/store/cover/9520/image/midsize-4ec8c6a3e06545f210d1edf1ae1a861f.jpeg,https://www.indigoaward.com/winners/competition/2022,18154,,Scott Shields Architects,Kilograph,Services - Other,2026-09-02T23:30:16,图包与字体包/图包/国际奖项/Indigo/sources.csv,7a610073752a22529ed0dc7892ffd7f138a8dcfb9b6069e97529208af954f376,29,[]
source_1c73a6e187551f2792478401,Indigo,2022,,work_cf5df037c85a5d5b6b7b4b3e,图包与字体包/图包/国际奖项/Indigo/2022/Indigo_2022_11_fed4e936_midsize-05e8040f537d6cffc5a310c626f431af.png,Indigo_2022_11_fed4e936_midsize-05e8040f537d6cffc5a310c626f431af.png,https://indigoawards.s3.amazonaws.com/store/cover/10113/image/midsize-05e8040f537d6cffc5a310c626f431af.png,https://www.indigoaward.com/winners/competition/2022,95256,,Shalem Hospice Care Brand and Website,Undaunted Agency,Services - Other,2026-09-02T23:30:18,图包与字体包/图包/国际奖项/Indigo/sources.csv,7a610073752a22529ed0dc7892ffd7f138a8dcfb9b6069e97529208af954f376,30,[]
source_73771631bf9ee89727a0b9c7,Indigo,2022,,work_e166790359025de6cb55fa2c,图包与字体包/图包/国际奖项/Indigo/2022/Indigo_2022_12_f8b0349f_42ccf3681aadce8fbe65bf7edae3243a.jpg,Indigo_2022_12_f8b0349f_42ccf3681aadce8fbe65bf7edae3243a.jpg,https://indigoawards.s3.amazonaws.com/cache/cover/8362/image/42ccf3681aadce8fbe65bf7edae3243a.jpg,https://www.indigoaward.com/winners/competition/2022,1769100,,AECOM's Brand Refresh,AECOM,Services - Other,2026-09-02T23:30:22,图包与字体包/图包/国际奖项/Indigo/sources.csv,7a610073752a22529ed0dc7892ffd7f138a8dcfb9b6069e97529208af954f376,31,[]
source_bbeecfba3d1f45ecd6e5ed8d,Indigo,2022,,work_104b248d629264b8dccba63e,图包与字体包/图包/国际奖项/Indigo/2022/Indigo_2022_13_f21d2a8c_c53ae6ef188648019fce7febc6577cd2.png,Indigo_2022_13_f21d2a8c_c53ae6ef188648019fce7febc6577cd2.png,https://indigoawards.s3.amazonaws.com/cache/cover/8529/image/c53ae6ef188648019fce7febc6577cd2.png,https://www.indigoaward.com/winners/competition/2022,38455,,A new chapter for a 150-year-old enterprise,Lippincott,Services - Other,2026-09-02T23:30:24,图包与字体包/图包/国际奖项/Indigo/sources.csv,7a610073752a22529ed0dc7892ffd7f138a8dcfb9b6069e97529208af954f376,32,[]
source_f9167dd3f85a2dd3d88eca01,Indigo,2022,,work_e6596c38f112cc7dda67bd1f,图包与字体包/图包/国际奖项/Indigo/2022/Indigo_2022_14_953535bf_e483241ed4662a5d4267443b78e8b64f.jpg,Indigo_2022_14_953535bf_e483241ed4662a5d4267443b78e8b64f.jpg,https://indigoawards.s3.amazonaws.com/cache/cover/8347/image/e483241ed4662a5d4267443b78e8b64f.jpg,https://www.indigoaward.com/winners/competition/2022,754330,,"Junk, Junk, Baby! Unbeatable Junk Removal",Stirling Brandworks,Services - Other,2026-09-02T23:30:28,图包与字体包/图包/国际奖项/Indigo/sources.csv,7a610073752a22529ed0dc7892ffd7f138a8dcfb9b6069e97529208af954f376,33,[]
source_358b659f080298ae7a8a1b70,Indigo,2022,,work_fdcdb43f9a05bc70ad9fb4b3,图包与字体包/图包/国际奖项/Indigo/2022/Indigo_2022_15_10acc81b_28f862d5ffa09fc061ea7f648087e07a.jpg,Indigo_2022_15_10acc81b_28f862d5ffa09fc061ea7f648087e07a.jpg,https://indigoawards.s3.amazonaws.com/cache/cover/8099/image/28f862d5ffa09fc061ea7f648087e07a.jpg,https://www.indigoaward.com/winners/competition/2022,3060307,,SENTRUM,Fikri Mahsul,Services - Other,2026-09-02T23:30:34,图包与字体包/图包/国际奖项/Indigo/sources.csv,7a610073752a22529ed0dc7892ffd7f138a8dcfb9b6069e97529208af954f376,34,[]
source_add01eb84249ac4fb48071af,Indigo,2022,,work_c7a38ebb25392e8981749513,图包与字体包/图包/国际奖项/Indigo/2022/Indigo_2022_16_11424f1a_midsize-265c426b95bcc7a64605f2d18c95f5db.png,Indigo_2022_16_11424f1a_midsize-265c426b95bcc7a64605f2d18c95f5db.png,https://indigoawards.s3.amazonaws.com/store/cover/10383/image/midsize-265c426b95bcc7a64605f2d18c95f5db.png,https://www.indigoaward.com/winners/competition/2022,25619,,Hemuco,Cloud9 Oy,Services - Other,2026-09-02T23:30:37,图包与字体包/图包/国际奖项/Indigo/sources.csv,7a610073752a22529ed0dc7892ffd7f138a8dcfb9b6069e97529208af954f376,35,[]
source_3c10c11be971d42f29094a4e,Indigo,2022,,work_1be5fd250dc73f7d99468d2d,图包与字体包/图包/国际奖项/Indigo/2022/Indigo_2022_17_edde53db_midsize-8c0027807711452d7fb325ef0d025740.png,Indigo_2022_17_edde53db_midsize-8c0027807711452d7fb325ef0d025740.png,https://indigoawards.s3.amazonaws.com/store/cover/8813/image/midsize-8c0027807711452d7fb325ef0d025740.png,https://www.indigoaward.com/winners/competition/2022,29864,,InstaProtection,Creativeans,Technology,2026-09-02T23:30:39,图包与字体包/图包/国际奖项/Indigo/sources.csv,7a610073752a22529ed0dc7892ffd7f138a8dcfb9b6069e97529208af954f376,36,[]
source_e7499df34fcc4a45f11e43a4,Indigo,2022,,work_371bd695a20006fd14dbb3eb,图包与字体包/图包/国际奖项/Indigo/2022/Indigo_2022_18_aa0d93a6_midsize-73b7d7452919d1c839c51ec74132f598.jpg,Indigo_2022_18_aa0d93a6_midsize-73b7d7452919d1c839c51ec74132f598.jpg,https://indigoawards.s3.amazonaws.com/store/cover/9391/image/midsize-73b7d7452919d1c839c51ec74132f598.jpg,https://www.indigoaward.com/winners/competition/2022,9966,,TaxGift Brand,Edition,Technology,2026-09-02T23:30:40,图包与字体包/图包/国际奖项/Indigo/sources.csv,7a610073752a22529ed0dc7892ffd7f138a8dcfb9b6069e97529208af954f376,37,[]
source_b5300c7d7e59de5cfe387006,Indigo,2023,,work_7f8e020f53fa7e9e4f528b55,图包与字体包/图包/国际奖项/Indigo/2023/Indigo_2023_01_6ada6522_midsize-4bced441ce4d1293ca1c53f169063371.png,Indigo_2023_01_6ada6522_midsize-4bced441ce4d1293ca1c53f169063371.png,https://indigoawards.s3.amazonaws.com/store/cover/10918/image/midsize-4bced441ce4d1293ca1c53f169063371.png,https://www.indigoaward.com/winners/competition/2023,156856,,Goodman Future Brand,Yonder,Real Estate,2026-09-02T23:30:46,图包与字体包/图包/国际奖项/Indigo/sources.csv,7a610073752a22529ed0dc7892ffd7f138a8dcfb9b6069e97529208af954f376,38,[]
source_ab111097ef85811febf8ca4c,Indigo,2023,,work_88b2f6d71cf8e3eacf2d522a,图包与字体包/图包/国际奖项/Indigo/2023/Indigo_2023_02_30fccc73_midsize-1a69d3d097f6094c75a63d8151e4d33e.jpg,Indigo_2023_02_30fccc73_midsize-1a69d3d097f6094c75a63d8151e4d33e.jpg,https://indigoawards.s3.amazonaws.com/store/cover/11874/image/midsize-1a69d3d097f6094c75a63d8151e4d33e.jpg,https://www.indigoaward.com/winners/competition/2023,56728,,"Campus, Reading International",Socrates Communications,Real Estate,2026-09-02T23:30:48,图包与字体包/图包/国际奖项/Indigo/sources.csv,7a610073752a22529ed0dc7892ffd7f138a8dcfb9b6069e97529208af954f376,39,[]
source_80fe09e77dfd1bf72359baf3,Indigo,2023,,work_cca7f9f5bd9972080754aae3,图包与字体包/图包/国际奖项/Indigo/2023/Indigo_2023_03_aebb7d68_midsize-6a8a35eb87380156d66c7b1659455481.png,Indigo_2023_03_aebb7d68_midsize-6a8a35eb87380156d66c7b1659455481.png,https://indigoawards.s3.amazonaws.com/store/cover/11204/image/midsize-6a8a35eb87380156d66c7b1659455481.png,https://www.indigoaward.com/winners/competition/2023,16497,,The Jefferson,Think Joule,Real Estate,2026-09-02T23:30:49,图包与字体包/图包/国际奖项/Indigo/sources.csv,7a610073752a22529ed0dc7892ffd7f138a8dcfb9b6069e97529208af954f376,40,[]
source_6a28970e056a3fd7545a24a8,Indigo,2023,,work_75de85a5448386a4b627d00c,图包与字体包/图包/国际奖项/Indigo/2023/Indigo_2023_04_66d68f3e_iZgUTQQEXCNZq68RZjLLPQEy.png,Indigo_2023_04_66d68f3e_iZgUTQQEXCNZq68RZjLLPQEy,https://d3crlhnriidvt.cloudfront.net/iZgUTQQEXCNZq68RZjLLPQEy,https://www.indigoaward.com/winners/competition/2023,215502,,Love how you live,Siegel+Gale,Real Estate,2026-09-02T23:30:51,图包与字体包/图包/国际奖项/Indigo/sources.csv,7a610073752a22529ed0dc7892ffd7f138a8dcfb9b6069e97529208af954f376,41,"[""SOURCE_FILENAME_EXTENSION_REPAIRED""]"
source_330ef9a8dd655e756b35c36d,Indigo,2023,,work_a19591981a64605284a284e3,图包与字体包/图包/国际奖项/Indigo/2023/Indigo_2023_05_90613476_midsize-7051ca6ed0029758ee9b61e4fe0b919c.jpg,Indigo_2023_05_90613476_midsize-7051ca6ed0029758ee9b61e4fe0b919c.jpg,https://indigoawards.s3.amazonaws.com/store/cover/11205/image/midsize-7051ca6ed0029758ee9b61e4fe0b919c.jpg,https://www.indigoaward.com/winners/competition/2023,104965,,Mercato Grove,Think Joule,Real Estate,2026-09-02T23:30:53,图包与字体包/图包/国际奖项/Indigo/sources.csv,7a610073752a22529ed0dc7892ffd7f138a8dcfb9b6069e97529208af954f376,42,[]
source_9569603fe545a62fc49af31e,Indigo,2023,,work_7cde593f3704f032879189c8,图包与字体包/图包/国际奖项/Indigo/2023/Indigo_2023_06_12a6ad0d_midsize-85e1db55f4f902db49a866a4b1fe0404.jpg,Indigo_2023_06_12a6ad0d_midsize-85e1db55f4f902db49a866a4b1fe0404.jpg,https://indigoawards.s3.amazonaws.com/store/cover/11206/image/midsize-85e1db55f4f902db49a866a4b1fe0404.jpg,https://www.indigoaward.com/winners/competition/2023,66752,,Gate510 Wayfinding,Think Joule,Real Estate,2026-09-02T23:30:55,图包与字体包/图包/国际奖项/Indigo/sources.csv,7a610073752a22529ed0dc7892ffd7f138a8dcfb9b6069e97529208af954f376,43,[]
source_68582c0880f828b1e7e17985,Indigo,2023,,work_82ed32c0fe571b6d465b4956,图包与字体包/图包/国际奖项/Indigo/2023/Indigo_2023_07_c5e4929e_9aPKvPJGQELH2AwKbHU6ZwpA.jpg,Indigo_2023_07_c5e4929e_9aPKvPJGQELH2AwKbHU6ZwpA,https://d3crlhnriidvt.cloudfront.net/9aPKvPJGQELH2AwKbHU6ZwpA,https://www.indigoaward.com/winners/competition/2023,616383,,Aire,Kilograph,Real Estate,2026-09-02T23:30:57,图包与字体包/图包/国际奖项/Indigo/sources.csv,7a610073752a22529ed0dc7892ffd7f138a8dcfb9b6069e97529208af954f376,44,"[""SOURCE_FILENAME_EXTENSION_REPAIRED""]"
source_8922aa8d27bd530082193ea6,Indigo,2023,,work_af35e7b337539d85e79c3b78,图包与字体包/图包/国际奖项/Indigo/2023/Indigo_2023_08_cf2957d5_JRb5ksM414Cz9nbTP13h36u8.jpg,Indigo_2023_08_cf2957d5_JRb5ksM414Cz9nbTP13h36u8,https://d3crlhnriidvt.cloudfront.net/JRb5ksM414Cz9nbTP13h36u8,https://www.indigoaward.com/winners/competition/2023,2314152,,Hana Apartments,Think Joule,Real Estate,2026-09-02T23:31:00,图包与字体包/图包/国际奖项/Indigo/sources.csv,7a610073752a22529ed0dc7892ffd7f138a8dcfb9b6069e97529208af954f376,45,"[""SOURCE_FILENAME_EXTENSION_REPAIRED""]"
source_0f6fdd83cdce3be49ea6cc7f,Indigo,2023,,work_ec1db59e7482d472323e63e8,图包与字体包/图包/国际奖项/Indigo/2023/Indigo_2023_09_c92558db_midsize-c2fd09cdfba91e8b64eb207c625e2094.jpg,Indigo_2023_09_c92558db_midsize-c2fd09cdfba91e8b64eb207c625e2094.jpg,https://indigoawards.s3.amazonaws.com/store/cover/11823/image/midsize-c2fd09cdfba91e8b64eb207c625e2094.jpg,https://www.indigoaward.com/winners/competition/2023,62457,,Pathway Devens,,Real Estate,2026-09-02T23:31:02,图包与字体包/图包/国际奖项/Indigo/sources.csv,7a610073752a22529ed0dc7892ffd7f138a8dcfb9b6069e97529208af954f376,46,[]
source_3b88299f608b638478677ee8,Indigo,2023,,work_082f431ebd0d4a92641e042d,图包与字体包/图包/国际奖项/Indigo/2023/Indigo_2023_10_d606bd75_midsize-b6ca80d38752d802b7c2c2a8b39ee67f.jpg,Indigo_2023_10_d606bd75_midsize-b6ca80d38752d802b7c2c2a8b39ee67f.jpg,https://indigoawards.s3.amazonaws.com/store/cover/11202/image/midsize-b6ca80d38752d802b7c2c2a8b39ee67f.jpg,https://www.indigoaward.com/winners/competition/2023,64744,,Edlen & Co.,Think Joule,Real Estate,2026-09-02T23:31:03,图包与字体包/图包/国际奖项/Indigo/sources.csv,7a610073752a22529ed0dc7892ffd7f138a8dcfb9b6069e97529208af954f376,47,[]
source_9a7c1425b907e343ee29e972,Indigo,2023,,work_a1e83cfe6e45596036aedd3f,图包与字体包/图包/国际奖项/Indigo/2023/Indigo_2023_11_041bf802_qmewtD8HAtH1bJQeNxvRHkrx.jpg,Indigo_2023_11_041bf802_qmewtD8HAtH1bJQeNxvRHkrx,https://d3crlhnriidvt.cloudfront.net/qmewtD8HAtH1bJQeNxvRHkrx,https://www.indigoaward.com/winners/competition/2023,4497683,,SWL,Récréation,Real Estate,2026-09-02T23:31:07,图包与字体包/图包/国际奖项/Indigo/sources.csv,7a610073752a22529ed0dc7892ffd7f138a8dcfb9b6069e97529208af954f376,48,"[""SOURCE_FILENAME_EXTENSION_REPAIRED""]"
source_e7168772420419d08da5ffad,Indigo,2023,,work_764aaf6c9d30fdc1c372fae2,图包与字体包/图包/国际奖项/Indigo/2023/Indigo_2023_12_33ba65f1_uYhaBN8Gcuh5f3x2eJmTEifJ.jpg,Indigo_2023_12_33ba65f1_uYhaBN8Gcuh5f3x2eJmTEifJ,https://d3crlhnriidvt.cloudfront.net/uYhaBN8Gcuh5f3x2eJmTEifJ,https://www.indigoaward.com/winners/competition/2023,2743502,,Terwilliger Plaza Design Center,Think Joule,Real Estate,2026-09-02T23:31:10,图包与字体包/图包/国际奖项/Indigo/sources.csv,7a610073752a22529ed0dc7892ffd7f138a8dcfb9b6069e97529208af954f376,49,"[""SOURCE_FILENAME_EXTENSION_REPAIRED""]"
source_55d1ff4cddb254661bd47059,Indigo,2023,,work_f9d3f9ce810655ddf8ed67be,图包与字体包/图包/国际奖项/Indigo/2023/Indigo_2023_13_eccad1fc_midsize-469492e902ce0839ac620a98cca831b7.png,Indigo_2023_13_eccad1fc_midsize-469492e902ce0839ac620a98cca831b7.png,https://indigoawards.s3.amazonaws.com/store/cover/11862/image/midsize-469492e902ce0839ac620a98cca831b7.png,https://www.indigoaward.com/winners/competition/2023,270673,,Future Reimagined for SLK Software - Complete Brand Refresh,Zensciences Business Solutions LLP,Technology,2026-09-02T23:31:13,图包与字体包/图包/国际奖项/Indigo/sources.csv,7a610073752a22529ed0dc7892ffd7f138a8dcfb9b6069e97529208af954f376,50,[]
source_ed0db14af2c3e5491758ffa2,Indigo,2023,,work_0b3476231a6f7905273b4bd7,图包与字体包/图包/国际奖项/Indigo/2023/Indigo_2023_14_f631e299_original-e5532d2bbcbf50f830f2612979245a9f.gif,Indigo_2023_14_f631e299_original-e5532d2bbcbf50f830f2612979245a9f.gif,https://indigoawards.s3.amazonaws.com/store/cover/11740/image/original-e5532d2bbcbf50f830f2612979245a9f.gif,https://www.indigoaward.com/winners/competition/2023,4165437,,VOREL,Creativeans,Technology,2026-09-02T23:31:18,图包与字体包/图包/国际奖项/Indigo/sources.csv,7a610073752a22529ed0dc7892ffd7f138a8dcfb9b6069e97529208af954f376,51,[]
source_d8fab92fcf99b38abcb477ce,Indigo,2023,,work_8f91b3ac643b45bb95ee2c14,图包与字体包/图包/国际奖项/Indigo/2023/Indigo_2023_15_a6bcd4d9_KtBAEpvP4PPp341Mu4z5Dms1.png,Indigo_2023_15_a6bcd4d9_KtBAEpvP4PPp341Mu4z5Dms1,https://d3crlhnriidvt.cloudfront.net/KtBAEpvP4PPp341Mu4z5Dms1,https://www.indigoaward.com/winners/competition/2023,255060,,Brightscout Rebrand,Brightscout,Technology,2026-09-02T23:31:20,图包与字体包/图包/国际奖项/Indigo/sources.csv,7a610073752a22529ed0dc7892ffd7f138a8dcfb9b6069e97529208af954f376,52,"[""SOURCE_FILENAME_EXTENSION_REPAIRED""]"
source_129067a3d762ee331778936b,Indigo,2023,,work_5735473bbc6e5aca96519df4,图包与字体包/图包/国际奖项/Indigo/2023/Indigo_2023_16_841af248_4grtCYAcambki3ct1kNfDN4h.png,Indigo_2023_16_841af248_4grtCYAcambki3ct1kNfDN4h,https://d3crlhnriidvt.cloudfront.net/4grtCYAcambki3ct1kNfDN4h,https://www.indigoaward.com/winners/competition/2023,1526374,,Be in control of your information flow,Ojity,Technology,2026-09-02T23:31:22,图包与字体包/图包/国际奖项/Indigo/sources.csv,7a610073752a22529ed0dc7892ffd7f138a8dcfb9b6069e97529208af954f376,53,"[""SOURCE_FILENAME_EXTENSION_REPAIRED""]"
source_a4fc1a6c65e75652e63c4d0d,Indigo,2023,,work_b004f540b5985d42e816da0d,图包与字体包/图包/国际奖项/Indigo/2023/Indigo_2023_17_be15dda2_midsize-d608c214f5ad61eb85176016b576a793.jpeg,Indigo_2023_17_be15dda2_midsize-d608c214f5ad61eb85176016b576a793.jpeg,https://indigoawards.s3.amazonaws.com/store/cover/10721/image/midsize-d608c214f5ad61eb85176016b576a793.jpeg,https://www.indigoaward.com/winners/competition/2023,19586,,"KitaBeli : Reimagine Buying Experience, Together!",Okular Creative,Technology,2026-09-02T23:31:24,图包与字体包/图包/国际奖项/Indigo/sources.csv,7a610073752a22529ed0dc7892ffd7f138a8dcfb9b6069e97529208af954f376,54,[]
source_2c69b53b74b98634f3750190,Indigo,2023,,work_59f4bf2f835d9828f15cc0a3,图包与字体包/图包/国际奖项/Indigo/2023/Indigo_2023_18_8798a394_original-e1e7bff2177c4d3ee3cf4e6d41fa766d.gif,Indigo_2023_18_8798a394_original-e1e7bff2177c4d3ee3cf4e6d41fa766d.gif,https://indigoawards.s3.amazonaws.com/store/cover/11713/image/original-e1e7bff2177c4d3ee3cf4e6d41fa766d.gif,https://www.indigoaward.com/winners/competition/2023,2310982,,Panda Century Education,Creativeans,Technology,2026-09-02T23:31:28,图包与字体包/图包/国际奖项/Indigo/sources.csv,7a610073752a22529ed0dc7892ffd7f138a8dcfb9b6069e97529208af954f376,55,[]
source_aef4f7adbf0ac656257e1fb4,Indigo,2024,,work_3e88e551340b6a2518f484f4,图包与字体包/图包/国际奖项/Indigo/2024/Indigo_2024_01_2a57f56b_eqmR8o4Lrj1JpAQ9dibBBPxV.png,Indigo_2024_01_2a57f56b_eqmR8o4Lrj1JpAQ9dibBBPxV,https://d3crlhnriidvt.cloudfront.net/eqmR8o4Lrj1JpAQ9dibBBPxV,https://www.indigoaward.com/winners/competition/2024,21686,,Future: Here We Go,Grizzly,Technology,2026-09-02T23:31:32,图包与字体包/图包/国际奖项/Indigo/sources.csv,7a610073752a22529ed0dc7892ffd7f138a8dcfb9b6069e97529208af954f376,56,"[""SOURCE_FILENAME_EXTENSION_REPAIRED""]"
source_a0b2d23d1f6c2c803c8ba6de,Indigo,2024,,work_40eba02eec8ec629e0196d9b,图包与字体包/图包/国际奖项/Indigo/2024/Indigo_2024_02_6cbc3095_FCGjtY5EMrzMUwo2AxzjEP98.png,Indigo_2024_02_6cbc3095_FCGjtY5EMrzMUwo2AxzjEP98,https://d3crlhnriidvt.cloudfront.net/FCGjtY5EMrzMUwo2AxzjEP98,https://www.indigoaward.com/winners/competition/2024,361090,,Walla: Leap Forward,Grizzly,Technology,2026-09-02T23:31:34,图包与字体包/图包/国际奖项/Indigo/sources.csv,7a610073752a22529ed0dc7892ffd7f138a8dcfb9b6069e97529208af954f376,57,"[""SOURCE_FILENAME_EXTENSION_REPAIRED""]"
source_882902472bc900a5cd236361,Indigo,2024,,work_89e6c92d3c829bbb8acfe5d9,图包与字体包/图包/国际奖项/Indigo/2024/Indigo_2024_03_98917b70_U4K3eprZhKQfiuic26ce2GJx.png,Indigo_2024_03_98917b70_U4K3eprZhKQfiuic26ce2GJx,https://d3crlhnriidvt.cloudfront.net/U4K3eprZhKQfiuic26ce2GJx,https://www.indigoaward.com/winners/competition/2024,793843,,Snack POS,GCNY Marketing,Technology,2026-09-02T23:31:36,图包与字体包/图包/国际奖项/Indigo/sources.csv,7a610073752a22529ed0dc7892ffd7f138a8dcfb9b6069e97529208af954f376,58,"[""SOURCE_FILENAME_EXTENSION_REPAIRED""]"
source_7792a98e36454a09dbf852cc,Indigo,2024,,work_dd9ba030f33d931181c5dca3,图包与字体包/图包/国际奖项/Indigo/2024/Indigo_2024_04_26283707_Qc1nT5NdoAj7nsCetC9F7Fuf.png,Indigo_2024_04_26283707_Qc1nT5NdoAj7nsCetC9F7Fuf,https://d3crlhnriidvt.cloudfront.net/Qc1nT5NdoAj7nsCetC9F7Fuf,https://www.indigoaward.com/winners/competition/2024,39517,,Creatie.ai brand identity,Creatie,Technology,2026-09-02T23:31:38,图包与字体包/图包/国际奖项/Indigo/sources.csv,7a610073752a22529ed0dc7892ffd7f138a8dcfb9b6069e97529208af954f376,59,"[""SOURCE_FILENAME_EXTENSION_REPAIRED""]"
source_9de507eda013bbb21d7d8b41,Indigo,2024,,work_a817007c8126640f5da6e411,图包与字体包/图包/国际奖项/Indigo/2024/Indigo_2024_05_215dd232_3cbazef9bp30rhutbp9c34hxw8i0.png,Indigo_2024_05_215dd232_3cbazef9bp30rhutbp9c34hxw8i0,https://d3crlhnriidvt.cloudfront.net/3cbazef9bp30rhutbp9c34hxw8i0,https://www.indigoaward.com/winners/competition/2024,827656,,An identity to reward creativity,Studio Miko,Technology,2026-09-02T23:31:40,图包与字体包/图包/国际奖项/Indigo/sources.csv,7a610073752a22529ed0dc7892ffd7f138a8dcfb9b6069e97529208af954f376,60,"[""SOURCE_FILENAME_EXTENSION_REPAIRED""]"
source_99b845d2e9cdfad7f2a947da,Indigo,2024,,work_456fd49eff1fd3b71ecefa5b,图包与字体包/图包/国际奖项/Indigo/2024/Indigo_2024_06_c8c59719_YJsjxdsiryArk51uM5TVxULV.png,Indigo_2024_06_c8c59719_YJsjxdsiryArk51uM5TVxULV,https://d3crlhnriidvt.cloudfront.net/YJsjxdsiryArk51uM5TVxULV,https://www.indigoaward.com/winners/competition/2024,90281,,CentML - Revolutionizing Machine Learning,Oddbee Inc.,Technology,2026-09-02T23:31:41,图包与字体包/图包/国际奖项/Indigo/sources.csv,7a610073752a22529ed0dc7892ffd7f138a8dcfb9b6069e97529208af954f376,61,"[""SOURCE_FILENAME_EXTENSION_REPAIRED""]"
source_e28e5ba6651a448adb551729,Indigo,2024,,work_40b538e9b293adae3da418a2,图包与字体包/图包/国际奖项/Indigo/2024/Indigo_2024_07_c8724232_ubYNYvLw84vNnBtqC37VLL3f.jpg,Indigo_2024_07_c8724232_ubYNYvLw84vNnBtqC37VLL3f,https://d3crlhnriidvt.cloudfront.net/ubYNYvLw84vNnBtqC37VLL3f,https://www.indigoaward.com/winners/competition/2024,380000,,Launching EVesto: Empowering Success in the EV Industry,Wild Digital,Technology,2026-09-02T23:31:43,图包与字体包/图包/国际奖项/Indigo/sources.csv,7a610073752a22529ed0dc7892ffd7f138a8dcfb9b6069e97529208af954f376,62,"[""SOURCE_FILENAME_EXTENSION_REPAIRED""]"
source_4eae985641ac6c56fbeb5f98,Indigo,2024,,work_c76f48152ed4b8e9f5f452a4,图包与字体包/图包/国际奖项/Indigo/2024/Indigo_2024_08_e1c1c9f3_xggUNcecDfbAEUK6Le6iBPvc.png,Indigo_2024_08_e1c1c9f3_xggUNcecDfbAEUK6Le6iBPvc,https://d3crlhnriidvt.cloudfront.net/xggUNcecDfbAEUK6Le6iBPvc,https://www.indigoaward.com/winners/competition/2024,66075,,COSAC Rebrand,Tiny Hunter,Technology,2026-09-02T23:31:44,图包与字体包/图包/国际奖项/Indigo/sources.csv,7a610073752a22529ed0dc7892ffd7f138a8dcfb9b6069e97529208af954f376,63,"[""SOURCE_FILENAME_EXTENSION_REPAIRED""]"
source_8816f4b7bf5624f9dac9cd4b,Indigo,2024,,work_cb6b63c58e0cb91b74a3db3b,图包与字体包/图包/国际奖项/Indigo/2024/Indigo_2024_09_8228bcd9_BQPJgcMyuw1zfaQDrZWHRXTU.png,Indigo_2024_09_8228bcd9_BQPJgcMyuw1zfaQDrZWHRXTU,https://d3crlhnriidvt.cloudfront.net/BQPJgcMyuw1zfaQDrZWHRXTU,https://www.indigoaward.com/winners/competition/2024,82627,,AccountKit Trade Event Presence,Little Village Creative,Technology,2026-09-02T23:31:46,图包与字体包/图包/国际奖项/Indigo/sources.csv,7a610073752a22529ed0dc7892ffd7f138a8dcfb9b6069e97529208af954f376,64,"[""SOURCE_FILENAME_EXTENSION_REPAIRED""]"
source_c65a76727f5322ed53062504,Indigo,2024,,work_197652473ebea659970a29cd,图包与字体包/图包/国际奖项/Indigo/2024/Indigo_2024_10_d4b76ffc_tWFBnpH1r2e6re7sENZ77rBU.png,Indigo_2024_10_d4b76ffc_tWFBnpH1r2e6re7sENZ77rBU,https://d3crlhnriidvt.cloudfront.net/tWFBnpH1r2e6re7sENZ77rBU,https://www.indigoaward.com/winners/competition/2024,25811,,BluElement - Rebranding,Grafico,Technology,2026-09-02T23:31:47,图包与字体包/图包/国际奖项/Indigo/sources.csv,7a610073752a22529ed0dc7892ffd7f138a8dcfb9b6069e97529208af954f376,65,"[""SOURCE_FILENAME_EXTENSION_REPAIRED""]"
source_3bd6a43b3441706607c0e2c5,Indigo,2024,,work_b0f7decf11361a6eb6aca51a,图包与字体包/图包/国际奖项/Indigo/2024/Indigo_2024_11_90395792_eem4H5DNkAWZM3apiVpyAJ5V.png,Indigo_2024_11_90395792_eem4H5DNkAWZM3apiVpyAJ5V,https://d3crlhnriidvt.cloudfront.net/eem4H5DNkAWZM3apiVpyAJ5V,https://www.indigoaward.com/winners/competition/2024,460648,,Momentus Branding,Atomicdust,Technology,2026-09-02T23:31:49,图包与字体包/图包/国际奖项/Indigo/sources.csv,7a610073752a22529ed0dc7892ffd7f138a8dcfb9b6069e97529208af954f376,66,"[""SOURCE_FILENAME_EXTENSION_REPAIRED""]"
source_36aa1655750977a5298492ed,Indigo,2024,,work_51f76e2d52611cce5351d180,图包与字体包/图包/国际奖项/Indigo/2024/Indigo_2024_12_14e209fd_xaby6iufhfg42gdl6upa5olmbgre.png,Indigo_2024_12_14e209fd_xaby6iufhfg42gdl6upa5olmbgre,https://d3crlhnriidvt.cloudfront.net/xaby6iufhfg42gdl6upa5olmbgre,https://www.indigoaward.com/winners/competition/2024,571191,,Farm Bureau Ag Innovation Challenge Campaign,Farm Credit Council,Technology,2026-09-02T23:31:51,图包与字体包/图包/国际奖项/Indigo/sources.csv,7a610073752a22529ed0dc7892ffd7f138a8dcfb9b6069e97529208af954f376,67,"[""SOURCE_FILENAME_EXTENSION_REPAIRED""]"
source_836fa407ae73acdfaac311da,Indigo,2024,,work_c3a477659474cfced79efeaf,图包与字体包/图包/国际奖项/Indigo/2024/Indigo_2024_13_3caee4e5_pavsyqr5t4i9ag4srtjqlg7uur3q.png,Indigo_2024_13_3caee4e5_pavsyqr5t4i9ag4srtjqlg7uur3q,https://d3crlhnriidvt.cloudfront.net/pavsyqr5t4i9ag4srtjqlg7uur3q,https://www.indigoaward.com/winners/competition/2024,618811,,Oracle Redwood Design System,Oracle,Technology,2026-09-02T23:31:53,图包与字体包/图包/国际奖项/Indigo/sources.csv,7a610073752a22529ed0dc7892ffd7f138a8dcfb9b6069e97529208af954f376,68,"[""SOURCE_FILENAME_EXTENSION_REPAIRED""]"
source_3224ddbdac90945d9f08760b,Indigo,2024,,work_fa1ad8e136d352fdad0c4266,图包与字体包/图包/国际奖项/Indigo/2024/Indigo_2024_14_ebb67b94_2ufmhhm2ohlqgstyrd2rq0e15ycs.png,Indigo_2024_14_ebb67b94_2ufmhhm2ohlqgstyrd2rq0e15ycs,https://d3crlhnriidvt.cloudfront.net/2ufmhhm2ohlqgstyrd2rq0e15ycs,https://www.indigoaward.com/winners/competition/2024,784526,,CStar Line,Mpire,Services - Other,2026-09-02T23:31:55,图包与字体包/图包/国际奖项/Indigo/sources.csv,7a610073752a22529ed0dc7892ffd7f138a8dcfb9b6069e97529208af954f376,69,"[""SOURCE_FILENAME_EXTENSION_REPAIRED""]"
source_9e0bffa58d1bf14321a331ea,Indigo,2024,,work_4892cd98ff65376d9ba5cb4f,图包与字体包/图包/国际奖项/Indigo/2024/Indigo_2024_15_d8f1ef48_zp6exjoegom1clhywyf2zdp9utur.png,Indigo_2024_15_d8f1ef48_zp6exjoegom1clhywyf2zdp9utur,https://d3crlhnriidvt.cloudfront.net/zp6exjoegom1clhywyf2zdp9utur,https://www.indigoaward.com/winners/competition/2024,785394,,Aeris Dynamics,Creativeans Pte Ltd,Services - Other,2026-09-02T23:31:57,图包与字体包/图包/国际奖项/Indigo/sources.csv,7a610073752a22529ed0dc7892ffd7f138a8dcfb9b6069e97529208af954f376,70,"[""SOURCE_FILENAME_EXTENSION_REPAIRED""]"
source_f313caf6ef8329d9a0c4e6ae,Indigo,2024,,work_a905e4f28737bd097cfed267,图包与字体包/图包/国际奖项/Indigo/2024/Indigo_2024_16_868bce34_YwsTqkbqFGhhHyqnYZDbThhK.png,Indigo_2024_16_868bce34_YwsTqkbqFGhhHyqnYZDbThhK,https://d3crlhnriidvt.cloudfront.net/YwsTqkbqFGhhHyqnYZDbThhK,https://www.indigoaward.com/winners/competition/2024,950724,,MOCOM Totally Integrated Communication Agency,MOCOM,Services - Other,2026-09-02T23:31:59,图包与字体包/图包/国际奖项/Indigo/sources.csv,7a610073752a22529ed0dc7892ffd7f138a8dcfb9b6069e97529208af954f376,71,"[""SOURCE_FILENAME_EXTENSION_REPAIRED""]"
source_15da9beb718c0584e87c0c96,Indigo,2024,,work_02015a370f29f5f31caa4385,图包与字体包/图包/国际奖项/Indigo/2024/Indigo_2024_17_e204d0a1_kU53js2LsNy2bFjavRE94WdA.png,Indigo_2024_17_e204d0a1_kU53js2LsNy2bFjavRE94WdA,https://d3crlhnriidvt.cloudfront.net/kU53js2LsNy2bFjavRE94WdA,https://www.indigoaward.com/winners/competition/2024,97300,,Vursor Branding,Famous Victory Branding & Design,Services - Other,2026-09-02T23:32:01,图包与字体包/图包/国际奖项/Indigo/sources.csv,7a610073752a22529ed0dc7892ffd7f138a8dcfb9b6069e97529208af954f376,72,"[""SOURCE_FILENAME_EXTENSION_REPAIRED""]"
source_bfb4a7d6b9e9f16ccca7bf64,Indigo,2024,,work_a82010e43244077f77f38020,图包与字体包/图包/国际奖项/Indigo/2024/Indigo_2024_18_5e00ab1f_tNFYS9EiqkQw71a74rcbR3dJ.png,Indigo_2024_18_5e00ab1f_tNFYS9EiqkQw71a74rcbR3dJ,https://d3crlhnriidvt.cloudfront.net/tNFYS9EiqkQw71a74rcbR3dJ,https://www.indigoaward.com/winners/competition/2024,98240,,Berxi Insurance Rebrand,Famous Victory Branding & Design,Services - Other,2026-09-02T23:32:02,图包与字体包/图包/国际奖项/Indigo/sources.csv,7a610073752a22529ed0dc7892ffd7f138a8dcfb9b6069e97529208af954f376,73,"[""SOURCE_FILENAME_EXTENSION_REPAIRED""]"
source_7d801d505668e60ac7a40fde,Indigo,2020,,work_0010dc6e0ddcedc62fc0bc8f,图包与字体包/图包/国际奖项/Indigo/2020/Indigo_2020_01_682f20e4_00508f76ad0ab905e0a1c025701ffb51.jpg,Indigo_2020_01_682f20e4_00508f76ad0ab905e0a1c025701ffb51.jpg,https://indigoawards.s3.amazonaws.com/cache/cover/4936/image/00508f76ad0ab905e0a1c025701ffb51.jpg,https://www.indigoaward.com/winners/competition/2020,252887,,GoDaddy Brand,GoDaddy Brand Team,Branding,2026-09-02T23:34:39,图包与字体包/图包/国际奖项/Indigo/sources.csv,7a610073752a22529ed0dc7892ffd7f138a8dcfb9b6069e97529208af954f376,74,[]
source_b035cd181bf11e2b12b887a9,Indigo,2020,,work_7db428d41b2cc268ed826051,图包与字体包/图包/国际奖项/Indigo/2020/Indigo_2020_02_6a7b1f0d_6d239ce29ca95be4601bff38cd5151c5.jpg,Indigo_2020_02_6a7b1f0d_6d239ce29ca95be4601bff38cd5151c5.jpg,https://indigoawards.s3.amazonaws.com/cache/cover/1618/image/6d239ce29ca95be4601bff38cd5151c5.jpg,https://www.indigoaward.com/winners/competition/2020,300006,,Destination Paris Bercy,Fanny DE BRAY,Branding,2026-09-02T23:34:42,图包与字体包/图包/国际奖项/Indigo/sources.csv,7a610073752a22529ed0dc7892ffd7f138a8dcfb9b6069e97529208af954f376,75,[]
source_9321959527bce68631a5a782,Indigo,2020,,work_ee4ea3d81a3d6e3d525f8175,图包与字体包/图包/国际奖项/Indigo/2020/Indigo_2020_03_49b588fc_a46ec86fe94186b03079c258ec473779.jpg,Indigo_2020_03_49b588fc_a46ec86fe94186b03079c258ec473779.jpg,https://indigoawards.s3.amazonaws.com/cache/cover/3150/image/a46ec86fe94186b03079c258ec473779.jpg,https://www.indigoaward.com/winners/competition/2020,274441,,Feals,Herman-Scheer,Branding,2026-09-02T23:34:45,图包与字体包/图包/国际奖项/Indigo/sources.csv,7a610073752a22529ed0dc7892ffd7f138a8dcfb9b6069e97529208af954f376,76,[]
source_0235ee7ff43f5c4888e938a0,Indigo,2020,,work_ebf02ab5e170ec645846e873,图包与字体包/图包/国际奖项/Indigo/2020/Indigo_2020_04_ab097035_90da9153430dc4f96a0cd0f414c85781.jpg,Indigo_2020_04_ab097035_90da9153430dc4f96a0cd0f414c85781.jpg,https://indigoawards.s3.amazonaws.com/cache/cover/3481/image/90da9153430dc4f96a0cd0f414c85781.jpg,https://www.indigoaward.com/winners/competition/2020,200493,,Branding Design for the Ladies Purse Day,Clement Young,Branding,2026-09-02T23:34:47,图包与字体包/图包/国际奖项/Indigo/sources.csv,7a610073752a22529ed0dc7892ffd7f138a8dcfb9b6069e97529208af954f376,77,[]
source_3bdcd50aad1043932ef21271,Indigo,2020,,work_312ea5e183ed51efca59c6ba,图包与字体包/图包/国际奖项/Indigo/2020/Indigo_2020_05_eeb9a79f_1ed3b8269ddb5f18ebcf1e6ba3efed4a.jpg,Indigo_2020_05_eeb9a79f_1ed3b8269ddb5f18ebcf1e6ba3efed4a.jpg,https://indigoawards.s3.amazonaws.com/cache/cover/3283/image/1ed3b8269ddb5f18ebcf1e6ba3efed4a.jpg,https://www.indigoaward.com/winners/competition/2020,3194426,,Hsu’s Promise,"Triangler Co., Ltd.",Branding,2026-09-02T23:34:52,图包与字体包/图包/国际奖项/Indigo/sources.csv,7a610073752a22529ed0dc7892ffd7f138a8dcfb9b6069e97529208af954f376,78,[]
source_1696eeda3ef4f4968fe636b8,Indigo,2020,,work_26466bb35e0a58a0bccf0e52,图包与字体包/图包/国际奖项/Indigo/2020/Indigo_2020_06_7697f056_fa7d220b663e0b815340a9b5f512c9d5.jpg,Indigo_2020_06_7697f056_fa7d220b663e0b815340a9b5f512c9d5.jpg,https://indigoawards.s3.amazonaws.com/cache/cover/3285/image/fa7d220b663e0b815340a9b5f512c9d5.jpg,https://www.indigoaward.com/winners/competition/2020,390901,,Deer's Hotpot Bistro,"Triangler Co., Ltd.",Branding,2026-09-02T23:34:55,图包与字体包/图包/国际奖项/Indigo/sources.csv,7a610073752a22529ed0dc7892ffd7f138a8dcfb9b6069e97529208af954f376,79,[]
source_36d37e6d2420b2a959208e5e,Indigo,2020,,work_714b9cb6c8a7759ab034ed66,图包与字体包/图包/国际奖项/Indigo/2020/Indigo_2020_07_de6f4290_c749c10dab0744f2863536c9caac6223.jpg,Indigo_2020_07_de6f4290_c749c10dab0744f2863536c9caac6223.jpg,https://indigoawards.s3.amazonaws.com/cache/cover/3290/image/c749c10dab0744f2863536c9caac6223.jpg,https://www.indigoaward.com/winners/competition/2020,641929,,Restau Renaissance,"Triangler Co., Ltd.",Branding,2026-09-02T23:34:58,图包与字体包/图包/国际奖项/Indigo/sources.csv,7a610073752a22529ed0dc7892ffd7f138a8dcfb9b6069e97529208af954f376,80,[]
source_efb95ac51d20daaed2812dae,Indigo,2020,,work_c7fb05e140471b53b5eadb4f,图包与字体包/图包/国际奖项/Indigo/2020/Indigo_2020_08_b2aa9575_5936db2f5b5bce563c9844c0962c5bce.jpg,Indigo_2020_08_b2aa9575_5936db2f5b5bce563c9844c0962c5bce.jpg,https://indigoawards.s3.amazonaws.com/cache/cover/3284/image/5936db2f5b5bce563c9844c0962c5bce.jpg,https://www.indigoaward.com/winners/competition/2020,3033123,,Enchantée,"Triangler Co., Ltd.",Branding,2026-09-02T23:35:03,图包与字体包/图包/国际奖项/Indigo/sources.csv,7a610073752a22529ed0dc7892ffd7f138a8dcfb9b6069e97529208af954f376,81,[]
source_2203b76f671fba126bebbe7c,Indigo,2020,,work_3436625fc34fa4ebeb5bcaee,图包与字体包/图包/国际奖项/Indigo/2020/Indigo_2020_09_506dab18_6a0e01cc624e1f0ccd76466ef919bf2a.png,Indigo_2020_09_506dab18_6a0e01cc624e1f0ccd76466ef919bf2a.png,https://indigoawards.s3.amazonaws.com/cache/cover/3581/image/6a0e01cc624e1f0ccd76466ef919bf2a.png,https://www.indigoaward.com/winners/competition/2020,4095694,,Luna Atelier Skin,Jackie Huck,Branding,2026-09-02T23:35:19,图包与字体包/图包/国际奖项/Indigo/sources.csv,7a610073752a22529ed0dc7892ffd7f138a8dcfb9b6069e97529208af954f376,82,[]
source_3ad94410ebf00bbd8b43793e,Indigo,2020,,work_ff07436321ee4a597874b2a0,图包与字体包/图包/国际奖项/Indigo/2020/Indigo_2020_10_335759c0_4d4fd460f76ff7f6d77fc6ad4c0e8aab.jpg,Indigo_2020_10_335759c0_4d4fd460f76ff7f6d77fc6ad4c0e8aab.jpg,https://indigoawards.s3.amazonaws.com/cache/cover/3888/image/4d4fd460f76ff7f6d77fc6ad4c0e8aab.jpg,https://www.indigoaward.com/winners/competition/2020,1058286,,Burj Boutique,Dmytro Lynnyk,Branding,2026-09-02T23:35:22,图包与字体包/图包/国际奖项/Indigo/sources.csv,7a610073752a22529ed0dc7892ffd7f138a8dcfb9b6069e97529208af954f376,83,[]
source_d4a49b682b96b30fc453f7c5,Indigo,2020,,work_8b1295e150cf2320de1f184b,图包与字体包/图包/国际奖项/Indigo/2020/Indigo_2020_11_4a0ba224_d2588afa5e28fdf8611f73c11ec82f81.jpg,Indigo_2020_11_4a0ba224_d2588afa5e28fdf8611f73c11ec82f81.jpg,https://indigoawards.s3.amazonaws.com/cache/cover/3960/image/d2588afa5e28fdf8611f73c11ec82f81.jpg,https://www.indigoaward.com/winners/competition/2020,1437738,,"Rebrand: One Building, Three Stories.",Sarah Louise Kinsella,Branding,2026-09-02T23:35:27,图包与字体包/图包/国际奖项/Indigo/sources.csv,7a610073752a22529ed0dc7892ffd7f138a8dcfb9b6069e97529208af954f376,84,[]
source_642c65add0000824afa32fc9,Indigo,2020,,work_d9dcf7bbb8daed9d6b2d6557,图包与字体包/图包/国际奖项/Indigo/2020/Indigo_2020_12_2744aac9_midsize-2941b6a70871a53f77ae76f90e8e090f.jpg,Indigo_2020_12_2744aac9_midsize-2941b6a70871a53f77ae76f90e8e090f.jpg,https://indigoawards.s3.amazonaws.com/store/cover/5255/image/midsize-2941b6a70871a53f77ae76f90e8e090f.jpg,https://www.indigoaward.com/winners/competition/2020,58442,,Puerto Lopez,Federico Pallas,Branding,2026-09-02T23:35:29,图包与字体包/图包/国际奖项/Indigo/sources.csv,7a610073752a22529ed0dc7892ffd7f138a8dcfb9b6069e97529208af954f376,85,[]
source_055eecda95542ca1f04f182d,Indigo,2020,,work_9817316b66fdece0be28cebc,图包与字体包/图包/国际奖项/Indigo/2020/Indigo_2020_13_9b8d2b65_d3e556e36e39486672e89ff89e275cf3.jpg,Indigo_2020_13_9b8d2b65_d3e556e36e39486672e89ff89e275cf3.jpg,https://indigoawards.s3.amazonaws.com/cache/cover/3331/image/d3e556e36e39486672e89ff89e275cf3.jpg,https://www.indigoaward.com/winners/competition/2020,833976,,New York Women's Surf Film Festival,Shanti Sparrow,Branding,2026-09-02T23:35:32,图包与字体包/图包/国际奖项/Indigo/sources.csv,7a610073752a22529ed0dc7892ffd7f138a8dcfb9b6069e97529208af954f376,86,[]
source_f842cdff849f311c9f1cc887,Indigo,2020,,work_23a3b817406382cb8a7b8b92,图包与字体包/图包/国际奖项/Indigo/2020/Indigo_2020_14_c9be75eb_d71fda941d5fa956170bdaf817c1f195.jpg,Indigo_2020_14_c9be75eb_d71fda941d5fa956170bdaf817c1f195.jpg,https://indigoawards.s3.amazonaws.com/cache/cover/3786/image/d71fda941d5fa956170bdaf817c1f195.jpg,https://www.indigoaward.com/winners/competition/2020,252641,,Antibition,Colton Barry,Branding,2026-09-02T23:35:35,图包与字体包/图包/国际奖项/Indigo/sources.csv,7a610073752a22529ed0dc7892ffd7f138a8dcfb9b6069e97529208af954f376,87,[]
source_38c055943d1d344115844c74,Indigo,2020,,work_01a50e3d025657eeef1ddf33,图包与字体包/图包/国际奖项/Indigo/2020/Indigo_2020_15_bd44cdef_midsize-65f351070eb0f4aa58eec7335d7ee6fb.jpg,Indigo_2020_15_bd44cdef_midsize-65f351070eb0f4aa58eec7335d7ee6fb.jpg,https://indigoawards.s3.amazonaws.com/store/cover/3604/image/midsize-65f351070eb0f4aa58eec7335d7ee6fb.jpg,https://www.indigoaward.com/winners/competition/2020,17420,,Impact Lab,Ro Chen,Branding,2026-09-02T23:35:37,图包与字体包/图包/国际奖项/Indigo/sources.csv,7a610073752a22529ed0dc7892ffd7f138a8dcfb9b6069e97529208af954f376,88,[]
source_9881d825388ece4d2b6437e4,Indigo,2020,,work_bf5dd984cc9afc9bd28d5b1e,图包与字体包/图包/国际奖项/Indigo/2020/Indigo_2020_16_f073d7dc_98fad2ff24124c1a138d5f6b98afb1b9.jpg,Indigo_2020_16_f073d7dc_98fad2ff24124c1a138d5f6b98afb1b9.jpg,https://indigoawards.s3.amazonaws.com/cache/cover/3350/image/98fad2ff24124c1a138d5f6b98afb1b9.jpg,https://www.indigoaward.com/winners/competition/2020,2445279,,Peace & Presence Well-being,Lisa Winstanley,Branding,2026-09-02T23:35:41,图包与字体包/图包/国际奖项/Indigo/sources.csv,7a610073752a22529ed0dc7892ffd7f138a8dcfb9b6069e97529208af954f376,89,[]
source_5ce733e61fd8a2dbdb35b788,Indigo,2020,,work_48db4e6ab3eac70164349a16,图包与字体包/图包/国际奖项/Indigo/2020/Indigo_2020_17_cdda5bc9_6c15dd233b942f8d43f064b2e67438b7.jpg,Indigo_2020_17_cdda5bc9_6c15dd233b942f8d43f064b2e67438b7.jpg,https://indigoawards.s3.amazonaws.com/cache/cover/3587/image/6c15dd233b942f8d43f064b2e67438b7.jpg,https://www.indigoaward.com/winners/competition/2020,3300819,,Digital Design Days - Rebranding,Marco Molteni,Branding,2026-09-02T23:35:46,图包与字体包/图包/国际奖项/Indigo/sources.csv,7a610073752a22529ed0dc7892ffd7f138a8dcfb9b6069e97529208af954f376,90,[]
source_884579fceb8c0730df3690ba,Indigo,2020,,work_36a21e01761b53fca8564b21,图包与字体包/图包/国际奖项/Indigo/2020/Indigo_2020_18_236d62e3_235234a64f3b113a2b75f0b0e28b4e22.jpg,Indigo_2020_18_236d62e3_235234a64f3b113a2b75f0b0e28b4e22.jpg,https://indigoawards.s3.amazonaws.com/cache/cover/3782/image/235234a64f3b113a2b75f0b0e28b4e22.jpg,https://www.indigoaward.com/winners/competition/2020,1869379,,Hillside Re-branding,Francisco Arrieta,Branding,2026-09-02T23:35:52,图包与字体包/图包/国际奖项/Indigo/sources.csv,7a610073752a22529ed0dc7892ffd7f138a8dcfb9b6069e97529208af954f376,91,[]
source_3bfb9e0c290fe5e711e757a1,WOLDA,2020,12th,work_3bfb9e0c290fe5e711e757a1,,WOLDA_2020_01_e9f3579c_preloader.png,https://wolda.org/wp-content/uploads/2020/12/preloader.png,https://wolda.org/12-wolda-logos-redesign/,20614,,WOLDA_2020_01_e9f3579c_preloader.png,,,2026-09-02T22:24:06,图包与字体包/图包/国际奖项/WOLDA/sources.csv,964de6fc05f0353b20f9b46aa783555a08746615a3d7fc03987f68a76a465fac,2,[]
source_4a9898111df04039035d81e4,WOLDA,2020,12th,work_4a9898111df04039035d81e4,图包与字体包/图包/国际奖项/WOLDA/2020/WOLDA_2020_02_0f6d1ac3_12th-WOLDA-Cat-1106-1.jpg,WOLDA_2020_02_0f6d1ac3_12th-WOLDA-Cat-1106-1.jpg,https://wolda.org/wp-content/uploads/2021/12/12th-WOLDA-Cat-1106-1.jpg,https://wolda.org/12-wolda-logos-redesign/,182394,,WOLDA_2020_02_0f6d1ac3_12th-WOLDA-Cat-1106-1.jpg,,,2026-09-02T22:24:09,图包与字体包/图包/国际奖项/WOLDA/sources.csv,964de6fc05f0353b20f9b46aa783555a08746615a3d7fc03987f68a76a465fac,3,[]
source_84387992a0014076a29f196f,WOLDA,2020,12th,work_84387992a0014076a29f196f,图包与字体包/图包/国际奖项/WOLDA/2020/WOLDA_2020_03_0d850522_12th-WOLDA-Cat-21.jpg,WOLDA_2020_03_0d850522_12th-WOLDA-Cat-21.jpg,https://wolda.org/wp-content/uploads/2021/12/12th-WOLDA-Cat-21.jpg,https://wolda.org/12-wolda-logos-redesign/,181819,,WOLDA_2020_03_0d850522_12th-WOLDA-Cat-21.jpg,,,2026-09-02T22:24:11,图包与字体包/图包/国际奖项/WOLDA/sources.csv,964de6fc05f0353b20f9b46aa783555a08746615a3d7fc03987f68a76a465fac,4,[]
source_de748b6bf1c0176d84f9ebd9,WOLDA,2020,12th,work_de748b6bf1c0176d84f9ebd9,图包与字体包/图包/国际奖项/WOLDA/2020/WOLDA_2020_04_5cfe5f7f_12th-WOLDA-Cat-210.jpg,WOLDA_2020_04_5cfe5f7f_12th-WOLDA-Cat-210.jpg,https://wolda.org/wp-content/uploads/2021/12/12th-WOLDA-Cat-210.jpg,https://wolda.org/12-wolda-logos-redesign/,212009,,WOLDA_2020_04_5cfe5f7f_12th-WOLDA-Cat-210.jpg,,,2026-09-02T22:24:13,图包与字体包/图包/国际奖项/WOLDA/sources.csv,964de6fc05f0353b20f9b46aa783555a08746615a3d7fc03987f68a76a465fac,5,[]
source_fe30c05446e4c6300eff508d,WOLDA,2020,12th,work_fe30c05446e4c6300eff508d,图包与字体包/图包/国际奖项/WOLDA/2020/WOLDA_2020_05_57f07f61_12th-WOLDA-Cat-211.jpg,WOLDA_2020_05_57f07f61_12th-WOLDA-Cat-211.jpg,https://wolda.org/wp-content/uploads/2021/12/12th-WOLDA-Cat-211.jpg,https://wolda.org/12-wolda-logos-redesign/,355352,,WOLDA_2020_05_57f07f61_12th-WOLDA-Cat-211.jpg,,,2026-09-02T22:24:16,图包与字体包/图包/国际奖项/WOLDA/sources.csv,964de6fc05f0353b20f9b46aa783555a08746615a3d7fc03987f68a76a465fac,6,[]
source_405156956fe7da4e5178172e,WOLDA,2020,12th,work_405156956fe7da4e5178172e,图包与字体包/图包/国际奖项/WOLDA/2020/WOLDA_2020_06_0f81461b_12th-WOLDA-Cat-212.jpg,WOLDA_2020_06_0f81461b_12th-WOLDA-Cat-212.jpg,https://wolda.org/wp-content/uploads/2021/12/12th-WOLDA-Cat-212.jpg,https://wolda.org/12-wolda-logos-redesign/,243135,,WOLDA_2020_06_0f81461b_12th-WOLDA-Cat-212.jpg,,,2026-09-02T22:24:20,图包与字体包/图包/国际奖项/WOLDA/sources.csv,964de6fc05f0353b20f9b46aa783555a08746615a3d7fc03987f68a76a465fac,7,[]
source_d1895fc4b4c0418724d62123,WOLDA,2020,12th,work_d1895fc4b4c0418724d62123,图包与字体包/图包/国际奖项/WOLDA/2020/WOLDA_2020_07_6f5c13b4_12th-WOLDA-Cat-213.jpg,WOLDA_2020_07_6f5c13b4_12th-WOLDA-Cat-213.jpg,https://wolda.org/wp-content/uploads/2021/12/12th-WOLDA-Cat-213.jpg,https://wolda.org/12-wolda-logos-redesign/,355828,,WOLDA_2020_07_6f5c13b4_12th-WOLDA-Cat-213.jpg,,,2026-09-02T22:24:22,图包与字体包/图包/国际奖项/WOLDA/sources.csv,964de6fc05f0353b20f9b46aa783555a08746615a3d7fc03987f68a76a465fac,8,[]
source_73d8ce8c1a9850892273f5d9,WOLDA,2020,12th,work_73d8ce8c1a9850892273f5d9,图包与字体包/图包/国际奖项/WOLDA/2020/WOLDA_2020_08_af4386bb_12th-WOLDA-Cat-214.jpg,WOLDA_2020_08_af4386bb_12th-WOLDA-Cat-214.jpg,https://wolda.org/wp-content/uploads/2021/12/12th-WOLDA-Cat-214.jpg,https://wolda.org/12-wolda-logos-redesign/,230865,,WOLDA_2020_08_af4386bb_12th-WOLDA-Cat-214.jpg,,,2026-09-02T22:24:25,图包与字体包/图包/国际奖项/WOLDA/sources.csv,964de6fc05f0353b20f9b46aa783555a08746615a3d7fc03987f68a76a465fac,9,[]
source_0609fcad3a5e0ed206f02124,WOLDA,2020,12th,work_0609fcad3a5e0ed206f02124,图包与字体包/图包/国际奖项/WOLDA/2020/WOLDA_2020_09_7203b041_12th-WOLDA-Cat-215.jpg,WOLDA_2020_09_7203b041_12th-WOLDA-Cat-215.jpg,https://wolda.org/wp-content/uploads/2021/12/12th-WOLDA-Cat-215.jpg,https://wolda.org/12-wolda-logos-redesign/,314017,,WOLDA_2020_09_7203b041_12th-WOLDA-Cat-215.jpg,,,2026-09-02T22:24:28,图包与字体包/图包/国际奖项/WOLDA/sources.csv,964de6fc05f0353b20f9b46aa783555a08746615a3d7fc03987f68a76a465fac,10,[]
source_594c55d2230f6aacfd52a983,WOLDA,2020,12th,work_594c55d2230f6aacfd52a983,图包与字体包/图包/国际奖项/WOLDA/2020/WOLDA_2020_10_bfa0ccd6_12th-WOLDA-Cat-216.jpg,WOLDA_2020_10_bfa0ccd6_12th-WOLDA-Cat-216.jpg,https://wolda.org/wp-content/uploads/2021/12/12th-WOLDA-Cat-216.jpg,https://wolda.org/12-wolda-logos-redesign/,215648,,WOLDA_2020_10_bfa0ccd6_12th-WOLDA-Cat-216.jpg,,,2026-09-02T22:24:30,图包与字体包/图包/国际奖项/WOLDA/sources.csv,964de6fc05f0353b20f9b46aa783555a08746615a3d7fc03987f68a76a465fac,11,[]
source_6b9e991471e42d51e93722fc,WOLDA,2020,12th,work_6b9e991471e42d51e93722fc,图包与字体包/图包/国际奖项/WOLDA/2020/WOLDA_2020_11_c8c301d3_12th-WOLDA-Cat-217.jpg,WOLDA_2020_11_c8c301d3_12th-WOLDA-Cat-217.jpg,https://wolda.org/wp-content/uploads/2021/12/12th-WOLDA-Cat-217.jpg,https://wolda.org/12-wolda-logos-redesign/,269142,,WOLDA_2020_11_c8c301d3_12th-WOLDA-Cat-217.jpg,,,2026-09-02T22:24:34,图包与字体包/图包/国际奖项/WOLDA/sources.csv,964de6fc05f0353b20f9b46aa783555a08746615a3d7fc03987f68a76a465fac,12,[]
source_7c6c1267ed95c74ead875245,WOLDA,2020,12th,work_7c6c1267ed95c74ead875245,图包与字体包/图包/国际奖项/WOLDA/2020/WOLDA_2020_12_164e296f_12th-WOLDA-Cat-218.jpg,WOLDA_2020_12_164e296f_12th-WOLDA-Cat-218.jpg,https://wolda.org/wp-content/uploads/2021/12/12th-WOLDA-Cat-218.jpg,https://wolda.org/12-wolda-logos-redesign/,209572,,WOLDA_2020_12_164e296f_12th-WOLDA-Cat-218.jpg,,,2026-09-02T22:24:36,图包与字体包/图包/国际奖项/WOLDA/sources.csv,964de6fc05f0353b20f9b46aa783555a08746615a3d7fc03987f68a76a465fac,13,[]
source_7ba7ce1f48ff18a48161cbd5,WOLDA,2020,12th,work_7ba7ce1f48ff18a48161cbd5,图包与字体包/图包/国际奖项/WOLDA/2020/WOLDA_2020_13_63673ec1_12th-WOLDA-Cat-219.jpg,WOLDA_2020_13_63673ec1_12th-WOLDA-Cat-219.jpg,https://wolda.org/wp-content/uploads/2021/12/12th-WOLDA-Cat-219.jpg,https://wolda.org/12-wolda-logos-redesign/,210934,,WOLDA_2020_13_63673ec1_12th-WOLDA-Cat-219.jpg,,,2026-09-02T22:24:39,图包与字体包/图包/国际奖项/WOLDA/sources.csv,964de6fc05f0353b20f9b46aa783555a08746615a3d7fc03987f68a76a465fac,14,[]
source_f29edd14e99d213d29d15230,WOLDA,2020,12th,work_f29edd14e99d213d29d15230,图包与字体包/图包/国际奖项/WOLDA/2020/WOLDA_2020_14_577c49a1_12th-WOLDA-Cat-22.jpg,WOLDA_2020_14_577c49a1_12th-WOLDA-Cat-22.jpg,https://wolda.org/wp-content/uploads/2021/12/12th-WOLDA-Cat-22.jpg,https://wolda.org/12-wolda-logos-redesign/,173337,,WOLDA_2020_14_577c49a1_12th-WOLDA-Cat-22.jpg,,,2026-09-02T22:24:41,图包与字体包/图包/国际奖项/WOLDA/sources.csv,964de6fc05f0353b20f9b46aa783555a08746615a3d7fc03987f68a76a465fac,15,[]
source_bed877f2a7eba1a9c2848d83,WOLDA,2020,12th,work_bed877f2a7eba1a9c2848d83,图包与字体包/图包/国际奖项/WOLDA/2020/WOLDA_2020_15_f763ae71_12th-WOLDA-Cat-220.jpg,WOLDA_2020_15_f763ae71_12th-WOLDA-Cat-220.jpg,https://wolda.org/wp-content/uploads/2021/12/12th-WOLDA-Cat-220.jpg,https://wolda.org/12-wolda-logos-redesign/,244993,,WOLDA_2020_15_f763ae71_12th-WOLDA-Cat-220.jpg,,,2026-09-02T22:24:44,图包与字体包/图包/国际奖项/WOLDA/sources.csv,964de6fc05f0353b20f9b46aa783555a08746615a3d7fc03987f68a76a465fac,16,[]
source_6afe41ba1dae2701516df632,WOLDA,2020,12th,work_6afe41ba1dae2701516df632,图包与字体包/图包/国际奖项/WOLDA/2020/WOLDA_2020_16_acf0201b_12th-WOLDA-Cat-221.jpg,WOLDA_2020_16_acf0201b_12th-WOLDA-Cat-221.jpg,https://wolda.org/wp-content/uploads/2021/12/12th-WOLDA-Cat-221.jpg,https://wolda.org/12-wolda-logos-redesign/,229407,,WOLDA_2020_16_acf0201b_12th-WOLDA-Cat-221.jpg,,,2026-09-02T22:24:47,图包与字体包/图包/国际奖项/WOLDA/sources.csv,964de6fc05f0353b20f9b46aa783555a08746615a3d7fc03987f68a76a465fac,17,[]
source_7cbb0d06685dd064879ddcf9,WOLDA,2020,12th,work_7cbb0d06685dd064879ddcf9,图包与字体包/图包/国际奖项/WOLDA/2020/WOLDA_2020_17_de89929d_12th-WOLDA-Cat-222.jpg,WOLDA_2020_17_de89929d_12th-WOLDA-Cat-222.jpg,https://wolda.org/wp-content/uploads/2021/12/12th-WOLDA-Cat-222.jpg,https://wolda.org/12-wolda-logos-redesign/,230661,,WOLDA_2020_17_de89929d_12th-WOLDA-Cat-222.jpg,,,2026-09-02T22:24:50,图包与字体包/图包/国际奖项/WOLDA/sources.csv,964de6fc05f0353b20f9b46aa783555a08746615a3d7fc03987f68a76a465fac,18,[]
source_0bbad7b30bb25318975c5765,WOLDA,2020,12th,work_0bbad7b30bb25318975c5765,图包与字体包/图包/国际奖项/WOLDA/2020/WOLDA_2020_18_1bc91ba0_12th-WOLDA-Cat-223.jpg,WOLDA_2020_18_1bc91ba0_12th-WOLDA-Cat-223.jpg,https://wolda.org/wp-content/uploads/2021/12/12th-WOLDA-Cat-223.jpg,https://wolda.org/12-wolda-logos-redesign/,221175,,WOLDA_2020_18_1bc91ba0_12th-WOLDA-Cat-223.jpg,,,2026-09-02T22:24:55,图包与字体包/图包/国际奖项/WOLDA/sources.csv,964de6fc05f0353b20f9b46aa783555a08746615a3d7fc03987f68a76a465fac,19,[]
source_3bfb9e0c290fe5e711e757a1,WOLDA,2021,13th,work_3bfb9e0c290fe5e711e757a1,,WOLDA_2021_01_e9f3579c_preloader.png,https://wolda.org/wp-content/uploads/2020/12/preloader.png,https://wolda.org/13-wolda-logos-redesign-2/,20614,,WOLDA_2021_01_e9f3579c_preloader.png,,,2026-09-02T22:25:28,图包与字体包/图包/国际奖项/WOLDA/sources.csv,964de6fc05f0353b20f9b46aa783555a08746615a3d7fc03987f68a76a465fac,20,[]
source_29f64f0a15da4e8f6cc4ebf1,WOLDA,2021,13th,work_29f64f0a15da4e8f6cc4ebf1,图包与字体包/图包/国际奖项/WOLDA/2021/WOLDA_2021_02_6d61e686_12th-WOLDA-Cat-71-1.jpg,WOLDA_2021_02_6d61e686_12th-WOLDA-Cat-71-1.jpg,https://wolda.org/wp-content/uploads/2021/12/12th-WOLDA-Cat-71-1.jpg,https://wolda.org/13-wolda-logos-redesign-2/,186676,,WOLDA_2021_02_6d61e686_12th-WOLDA-Cat-71-1.jpg,,,2026-09-02T22:25:30,图包与字体包/图包/国际奖项/WOLDA/sources.csv,964de6fc05f0353b20f9b46aa783555a08746615a3d7fc03987f68a76a465fac,21,[]
source_d285f2abdfa8b0b70f51bd7a,WOLDA,2021,13th,work_d285f2abdfa8b0b70f51bd7a,图包与字体包/图包/国际奖项/WOLDA/2021/WOLDA_2021_03_7c3cf840_12th-WOLDA-Cat-BoS1-1.jpg,WOLDA_2021_03_7c3cf840_12th-WOLDA-Cat-BoS1-1.jpg,https://wolda.org/wp-content/uploads/2021/12/12th-WOLDA-Cat-BoS1-1.jpg,https://wolda.org/13-wolda-logos-redesign-2/,173337,,WOLDA_2021_03_7c3cf840_12th-WOLDA-Cat-BoS1-1.jpg,,,2026-09-02T22:25:33,图包与字体包/图包/国际奖项/WOLDA/sources.csv,964de6fc05f0353b20f9b46aa783555a08746615a3d7fc03987f68a76a465fac,22,[]
source_a74c822ad428654ff6bc48da,WOLDA,2021,13th,work_a74c822ad428654ff6bc48da,图包与字体包/图包/国际奖项/WOLDA/2021/WOLDA_2021_04_566e7c1e_13-WOLDA-Cat-21.jpg,WOLDA_2021_04_566e7c1e_13-WOLDA-Cat-21.jpg,https://wolda.org/wp-content/uploads/2022/12/13-WOLDA-Cat-21.jpg,https://wolda.org/13-wolda-logos-redesign-2/,196697,,WOLDA_2021_04_566e7c1e_13-WOLDA-Cat-21.jpg,,,2026-09-02T22:25:35,图包与字体包/图包/国际奖项/WOLDA/sources.csv,964de6fc05f0353b20f9b46aa783555a08746615a3d7fc03987f68a76a465fac,23,[]
source_96cf1f949c017a6cd6906c67,WOLDA,2021,13th,work_96cf1f949c017a6cd6906c67,图包与字体包/图包/国际奖项/WOLDA/2021/WOLDA_2021_05_b43b3aa3_13-WOLDA-Cat-210.jpg,WOLDA_2021_05_b43b3aa3_13-WOLDA-Cat-210.jpg,https://wolda.org/wp-content/uploads/2022/12/13-WOLDA-Cat-210.jpg,https://wolda.org/13-wolda-logos-redesign-2/,220789,,WOLDA_2021_05_b43b3aa3_13-WOLDA-Cat-210.jpg,,,2026-09-02T22:25:37,图包与字体包/图包/国际奖项/WOLDA/sources.csv,964de6fc05f0353b20f9b46aa783555a08746615a3d7fc03987f68a76a465fac,24,[]
source_ca4bf8525d66ff28c9d061cc,WOLDA,2021,13th,work_ca4bf8525d66ff28c9d061cc,图包与字体包/图包/国际奖项/WOLDA/2021/WOLDA_2021_06_7b2164fa_13-WOLDA-Cat-211.jpg,WOLDA_2021_06_7b2164fa_13-WOLDA-Cat-211.jpg,https://wolda.org/wp-content/uploads/2022/12/13-WOLDA-Cat-211.jpg,https://wolda.org/13-wolda-logos-redesign-2/,339387,,WOLDA_2021_06_7b2164fa_13-WOLDA-Cat-211.jpg,,,2026-09-02T22:25:42,图包与字体包/图包/国际奖项/WOLDA/sources.csv,964de6fc05f0353b20f9b46aa783555a08746615a3d7fc03987f68a76a465fac,25,[]
source_e649747eb2f87ecc9b6d1df0,WOLDA,2021,13th,work_e649747eb2f87ecc9b6d1df0,图包与字体包/图包/国际奖项/WOLDA/2021/WOLDA_2021_07_1d152cc3_13-WOLDA-Cat-212.jpg,WOLDA_2021_07_1d152cc3_13-WOLDA-Cat-212.jpg,https://wolda.org/wp-content/uploads/2022/12/13-WOLDA-Cat-212.jpg,https://wolda.org/13-wolda-logos-redesign-2/,221731,,WOLDA_2021_07_1d152cc3_13-WOLDA-Cat-212.jpg,,,2026-09-02T22:25:44,图包与字体包/图包/国际奖项/WOLDA/sources.csv,964de6fc05f0353b20f9b46aa783555a08746615a3d7fc03987f68a76a465fac,26,[]
source_cc2c1ee62824a90520116b73,WOLDA,2021,13th,work_cc2c1ee62824a90520116b73,图包与字体包/图包/国际奖项/WOLDA/2021/WOLDA_2021_08_52c0059b_13-WOLDA-Cat-213.jpg,WOLDA_2021_08_52c0059b_13-WOLDA-Cat-213.jpg,https://wolda.org/wp-content/uploads/2022/12/13-WOLDA-Cat-213.jpg,https://wolda.org/13-wolda-logos-redesign-2/,295167,,WOLDA_2021_08_52c0059b_13-WOLDA-Cat-213.jpg,,,2026-09-02T22:25:47,图包与字体包/图包/国际奖项/WOLDA/sources.csv,964de6fc05f0353b20f9b46aa783555a08746615a3d7fc03987f68a76a465fac,27,[]
source_be6c836a9db052967ff677ac,WOLDA,2021,13th,work_be6c836a9db052967ff677ac,图包与字体包/图包/国际奖项/WOLDA/2021/WOLDA_2021_09_b6068652_13-WOLDA-Cat-214.jpg,WOLDA_2021_09_b6068652_13-WOLDA-Cat-214.jpg,https://wolda.org/wp-content/uploads/2022/12/13-WOLDA-Cat-214.jpg,https://wolda.org/13-wolda-logos-redesign-2/,243603,,WOLDA_2021_09_b6068652_13-WOLDA-Cat-214.jpg,,,2026-09-02T22:25:49,图包与字体包/图包/国际奖项/WOLDA/sources.csv,964de6fc05f0353b20f9b46aa783555a08746615a3d7fc03987f68a76a465fac,28,[]
source_812e00463fa516de49af26db,WOLDA,2021,13th,work_812e00463fa516de49af26db,图包与字体包/图包/国际奖项/WOLDA/2021/WOLDA_2021_10_6ee1c757_13-WOLDA-Cat-215.jpg,WOLDA_2021_10_6ee1c757_13-WOLDA-Cat-215.jpg,https://wolda.org/wp-content/uploads/2022/12/13-WOLDA-Cat-215.jpg,https://wolda.org/13-wolda-logos-redesign-2/,287278,,WOLDA_2021_10_6ee1c757_13-WOLDA-Cat-215.jpg,,,2026-09-02T22:25:54,图包与字体包/图包/国际奖项/WOLDA/sources.csv,964de6fc05f0353b20f9b46aa783555a08746615a3d7fc03987f68a76a465fac,29,[]
source_a548f22fe7bede1c0cf77ae6,WOLDA,2021,13th,work_a548f22fe7bede1c0cf77ae6,图包与字体包/图包/国际奖项/WOLDA/2021/WOLDA_2021_11_8cf6a3d4_13-WOLDA-Cat-216.jpg,WOLDA_2021_11_8cf6a3d4_13-WOLDA-Cat-216.jpg,https://wolda.org/wp-content/uploads/2022/12/13-WOLDA-Cat-216.jpg,https://wolda.org/13-wolda-logos-redesign-2/,216461,,WOLDA_2021_11_8cf6a3d4_13-WOLDA-Cat-216.jpg,,,2026-09-02T22:25:57,图包与字体包/图包/国际奖项/WOLDA/sources.csv,964de6fc05f0353b20f9b46aa783555a08746615a3d7fc03987f68a76a465fac,30,[]
source_85756a2867a2bcd21f39b7c0,WOLDA,2021,13th,work_85756a2867a2bcd21f39b7c0,图包与字体包/图包/国际奖项/WOLDA/2021/WOLDA_2021_12_b002b8d9_13-WOLDA-Cat-217.jpg,WOLDA_2021_12_b002b8d9_13-WOLDA-Cat-217.jpg,https://wolda.org/wp-content/uploads/2022/12/13-WOLDA-Cat-217.jpg,https://wolda.org/13-wolda-logos-redesign-2/,325412,,WOLDA_2021_12_b002b8d9_13-WOLDA-Cat-217.jpg,,,2026-09-02T22:25:59,图包与字体包/图包/国际奖项/WOLDA/sources.csv,964de6fc05f0353b20f9b46aa783555a08746615a3d7fc03987f68a76a465fac,31,[]
source_a80944cbce93075179079ba6,WOLDA,2021,13th,work_a80944cbce93075179079ba6,图包与字体包/图包/国际奖项/WOLDA/2021/WOLDA_2021_13_4c6700eb_13-WOLDA-Cat-218.jpg,WOLDA_2021_13_4c6700eb_13-WOLDA-Cat-218.jpg,https://wolda.org/wp-content/uploads/2022/12/13-WOLDA-Cat-218.jpg,https://wolda.org/13-wolda-logos-redesign-2/,233946,,WOLDA_2021_13_4c6700eb_13-WOLDA-Cat-218.jpg,,,2026-09-02T22:26:01,图包与字体包/图包/国际奖项/WOLDA/sources.csv,964de6fc05f0353b20f9b46aa783555a08746615a3d7fc03987f68a76a465fac,32,[]
source_6f3989e1cab9e1324551ccfc,WOLDA,2021,13th,work_6f3989e1cab9e1324551ccfc,图包与字体包/图包/国际奖项/WOLDA/2021/WOLDA_2021_14_255d928c_13-WOLDA-Cat-219.jpg,WOLDA_2021_14_255d928c_13-WOLDA-Cat-219.jpg,https://wolda.org/wp-content/uploads/2022/12/13-WOLDA-Cat-219.jpg,https://wolda.org/13-wolda-logos-redesign-2/,249893,,WOLDA_2021_14_255d928c_13-WOLDA-Cat-219.jpg,,,2026-09-02T22:26:04,图包与字体包/图包/国际奖项/WOLDA/sources.csv,964de6fc05f0353b20f9b46aa783555a08746615a3d7fc03987f68a76a465fac,33,[]
source_a8adf71f4fda7acb65ba7053,WOLDA,2021,13th,work_a8adf71f4fda7acb65ba7053,图包与字体包/图包/国际奖项/WOLDA/2021/WOLDA_2021_15_13dd18d0_13-WOLDA-Cat-22.jpg,WOLDA_2021_15_13dd18d0_13-WOLDA-Cat-22.jpg,https://wolda.org/wp-content/uploads/2022/12/13-WOLDA-Cat-22.jpg,https://wolda.org/13-wolda-logos-redesign-2/,242737,,WOLDA_2021_15_13dd18d0_13-WOLDA-Cat-22.jpg,,,2026-09-02T22:26:06,图包与字体包/图包/国际奖项/WOLDA/sources.csv,964de6fc05f0353b20f9b46aa783555a08746615a3d7fc03987f68a76a465fac,34,[]
source_bdb474dda411e4fab356cc2b,WOLDA,2021,13th,work_bdb474dda411e4fab356cc2b,图包与字体包/图包/国际奖项/WOLDA/2021/WOLDA_2021_16_c7efb619_13-WOLDA-Cat-220.jpg,WOLDA_2021_16_c7efb619_13-WOLDA-Cat-220.jpg,https://wolda.org/wp-content/uploads/2022/12/13-WOLDA-Cat-220.jpg,https://wolda.org/13-wolda-logos-redesign-2/,237591,,WOLDA_2021_16_c7efb619_13-WOLDA-Cat-220.jpg,,,2026-09-02T22:26:09,图包与字体包/图包/国际奖项/WOLDA/sources.csv,964de6fc05f0353b20f9b46aa783555a08746615a3d7fc03987f68a76a465fac,35,[]
source_c8102dbdc04a073f05aa2dcf,WOLDA,2021,13th,work_c8102dbdc04a073f05aa2dcf,图包与字体包/图包/国际奖项/WOLDA/2021/WOLDA_2021_17_f1a080be_13-WOLDA-Cat-221.jpg,WOLDA_2021_17_f1a080be_13-WOLDA-Cat-221.jpg,https://wolda.org/wp-content/uploads/2022/12/13-WOLDA-Cat-221.jpg,https://wolda.org/13-wolda-logos-redesign-2/,263912,,WOLDA_2021_17_f1a080be_13-WOLDA-Cat-221.jpg,,,2026-09-02T22:26:12,图包与字体包/图包/国际奖项/WOLDA/sources.csv,964de6fc05f0353b20f9b46aa783555a08746615a3d7fc03987f68a76a465fac,36,[]
source_892573e3991469c6c0f95407,WOLDA,2021,13th,work_892573e3991469c6c0f95407,图包与字体包/图包/国际奖项/WOLDA/2021/WOLDA_2021_18_397c7398_13-WOLDA-Cat-222.jpg,WOLDA_2021_18_397c7398_13-WOLDA-Cat-222.jpg,https://wolda.org/wp-content/uploads/2022/12/13-WOLDA-Cat-222.jpg,https://wolda.org/13-wolda-logos-redesign-2/,204580,,WOLDA_2021_18_397c7398_13-WOLDA-Cat-222.jpg,,,2026-09-02T22:26:15,图包与字体包/图包/国际奖项/WOLDA/sources.csv,964de6fc05f0353b20f9b46aa783555a08746615a3d7fc03987f68a76a465fac,37,[]
source_3bfb9e0c290fe5e711e757a1,WOLDA,2024,16th,work_3bfb9e0c290fe5e711e757a1,,WOLDA_2024_01_e9f3579c_preloader.png,https://wolda.org/wp-content/uploads/2020/12/preloader.png,https://wolda.org/16-wolda-logos-redesign/,20614,,WOLDA_2024_01_e9f3579c_preloader.png,,,2026-09-02T22:27:51,图包与字体包/图包/国际奖项/WOLDA/sources.csv,964de6fc05f0353b20f9b46aa783555a08746615a3d7fc03987f68a76a465fac,38,[]
source_09f19992f115f8815d727964,WOLDA,2024,16th,work_09f19992f115f8815d727964,图包与字体包/图包/国际奖项/WOLDA/2024/WOLDA_2024_02_24808a0c_16-WOLDA-Results-Cat-211.jpg,WOLDA_2024_02_24808a0c_16-WOLDA-Results-Cat-211.jpg,https://wolda.org/wp-content/uploads/2025/12/16-WOLDA-Results-Cat-211.jpg,https://wolda.org/16-wolda-logos-redesign/,248724,,WOLDA_2024_02_24808a0c_16-WOLDA-Results-Cat-211.jpg,,,2026-09-02T22:27:54,图包与字体包/图包/国际奖项/WOLDA/sources.csv,964de6fc05f0353b20f9b46aa783555a08746615a3d7fc03987f68a76a465fac,39,[]
source_bf32193bd1f10f0b66133db0,WOLDA,2024,16th,work_bf32193bd1f10f0b66133db0,图包与字体包/图包/国际奖项/WOLDA/2024/WOLDA_2024_03_acce3edb_16-WOLDA-Results-Cat-213.jpg,WOLDA_2024_03_acce3edb_16-WOLDA-Results-Cat-213.jpg,https://wolda.org/wp-content/uploads/2025/12/16-WOLDA-Results-Cat-213.jpg,https://wolda.org/16-wolda-logos-redesign/,257134,,WOLDA_2024_03_acce3edb_16-WOLDA-Results-Cat-213.jpg,,,2026-09-02T22:27:57,图包与字体包/图包/国际奖项/WOLDA/sources.csv,964de6fc05f0353b20f9b46aa783555a08746615a3d7fc03987f68a76a465fac,40,[]
source_b140be21f3aa42d51e030d79,WOLDA,2024,16th,work_b140be21f3aa42d51e030d79,图包与字体包/图包/国际奖项/WOLDA/2024/WOLDA_2024_04_ca455a6d_16-WOLDA-Results-Cat-215.jpg,WOLDA_2024_04_ca455a6d_16-WOLDA-Results-Cat-215.jpg,https://wolda.org/wp-content/uploads/2025/12/16-WOLDA-Results-Cat-215.jpg,https://wolda.org/16-wolda-logos-redesign/,258481,,WOLDA_2024_04_ca455a6d_16-WOLDA-Results-Cat-215.jpg,,,2026-09-02T22:28:00,图包与字体包/图包/国际奖项/WOLDA/sources.csv,964de6fc05f0353b20f9b46aa783555a08746615a3d7fc03987f68a76a465fac,41,[]
source_b0808679158d7377422cadde,WOLDA,2024,16th,work_b0808679158d7377422cadde,图包与字体包/图包/国际奖项/WOLDA/2024/WOLDA_2024_05_82130522_16-WOLDA-Results-Cat-217.jpg,WOLDA_2024_05_82130522_16-WOLDA-Results-Cat-217.jpg,https://wolda.org/wp-content/uploads/2025/12/16-WOLDA-Results-Cat-217.jpg,https://wolda.org/16-wolda-logos-redesign/,305732,,WOLDA_2024_05_82130522_16-WOLDA-Results-Cat-217.jpg,,,2026-09-02T22:28:03,图包与字体包/图包/国际奖项/WOLDA/sources.csv,964de6fc05f0353b20f9b46aa783555a08746615a3d7fc03987f68a76a465fac,42,[]
source_cc2727af3e6e9ee638a60792,WOLDA,2024,16th,work_cc2727af3e6e9ee638a60792,图包与字体包/图包/国际奖项/WOLDA/2024/WOLDA_2024_06_67718b2e_16-WOLDA-Results-Cat-219.jpg,WOLDA_2024_06_67718b2e_16-WOLDA-Results-Cat-219.jpg,https://wolda.org/wp-content/uploads/2025/12/16-WOLDA-Results-Cat-219.jpg,https://wolda.org/16-wolda-logos-redesign/,284900,,WOLDA_2024_06_67718b2e_16-WOLDA-Results-Cat-219.jpg,,,2026-09-02T22:28:09,图包与字体包/图包/国际奖项/WOLDA/sources.csv,964de6fc05f0353b20f9b46aa783555a08746615a3d7fc03987f68a76a465fac,43,[]
source_6b23ba06c29fa6f813c2ece1,WOLDA,2024,16th,work_6b23ba06c29fa6f813c2ece1,图包与字体包/图包/国际奖项/WOLDA/2024/WOLDA_2024_07_e56fbe23_16-WOLDA-Results-Cat-221.jpg,WOLDA_2024_07_e56fbe23_16-WOLDA-Results-Cat-221.jpg,https://wolda.org/wp-content/uploads/2025/12/16-WOLDA-Results-Cat-221.jpg,https://wolda.org/16-wolda-logos-redesign/,242403,,WOLDA_2024_07_e56fbe23_16-WOLDA-Results-Cat-221.jpg,,,2026-09-02T22:28:11,图包与字体包/图包/国际奖项/WOLDA/sources.csv,964de6fc05f0353b20f9b46aa783555a08746615a3d7fc03987f68a76a465fac,44,[]
source_48c1b396d36cf655d465b1fd,WOLDA,2024,16th,work_48c1b396d36cf655d465b1fd,图包与字体包/图包/国际奖项/WOLDA/2024/WOLDA_2024_08_9921b4ee_16-WOLDA-Results-Cat-223.jpg,WOLDA_2024_08_9921b4ee_16-WOLDA-Results-Cat-223.jpg,https://wolda.org/wp-content/uploads/2025/12/16-WOLDA-Results-Cat-223.jpg,https://wolda.org/16-wolda-logos-redesign/,258900,,WOLDA_2024_08_9921b4ee_16-WOLDA-Results-Cat-223.jpg,,,2026-09-02T22:28:15,图包与字体包/图包/国际奖项/WOLDA/sources.csv,964de6fc05f0353b20f9b46aa783555a08746615a3d7fc03987f68a76a465fac,45,[]
source_ec7ff44c7a7cfcd585a0db89,WOLDA,2024,16th,work_ec7ff44c7a7cfcd585a0db89,图包与字体包/图包/国际奖项/WOLDA/2024/WOLDA_2024_09_8d83c0ce_16-WOLDA-Results-Cat-225.jpg,WOLDA_2024_09_8d83c0ce_16-WOLDA-Results-Cat-225.jpg,https://wolda.org/wp-content/uploads/2025/12/16-WOLDA-Results-Cat-225.jpg,https://wolda.org/16-wolda-logos-redesign/,215547,,WOLDA_2024_09_8d83c0ce_16-WOLDA-Results-Cat-225.jpg,,,2026-09-02T22:28:17,图包与字体包/图包/国际奖项/WOLDA/sources.csv,964de6fc05f0353b20f9b46aa783555a08746615a3d7fc03987f68a76a465fac,46,[]
source_5f98d32fc73a5c6ee2afc70e,WOLDA,2024,16th,work_5f98d32fc73a5c6ee2afc70e,图包与字体包/图包/国际奖项/WOLDA/2024/WOLDA_2024_10_6411b550_16-WOLDA-Results-Cat-227.jpg,WOLDA_2024_10_6411b550_16-WOLDA-Results-Cat-227.jpg,https://wolda.org/wp-content/uploads/2025/12/16-WOLDA-Results-Cat-227.jpg,https://wolda.org/16-wolda-logos-redesign/,213843,,WOLDA_2024_10_6411b550_16-WOLDA-Results-Cat-227.jpg,,,2026-09-02T22:28:20,图包与字体包/图包/国际奖项/WOLDA/sources.csv,964de6fc05f0353b20f9b46aa783555a08746615a3d7fc03987f68a76a465fac,47,[]
source_7e6b1d619b677557e252ba47,WOLDA,2024,16th,work_7e6b1d619b677557e252ba47,图包与字体包/图包/国际奖项/WOLDA/2024/WOLDA_2024_11_7a53fa32_16-WOLDA-Results-Cat-229.jpg,WOLDA_2024_11_7a53fa32_16-WOLDA-Results-Cat-229.jpg,https://wolda.org/wp-content/uploads/2025/12/16-WOLDA-Results-Cat-229.jpg,https://wolda.org/16-wolda-logos-redesign/,271384,,WOLDA_2024_11_7a53fa32_16-WOLDA-Results-Cat-229.jpg,,,2026-09-02T22:28:23,图包与字体包/图包/国际奖项/WOLDA/sources.csv,964de6fc05f0353b20f9b46aa783555a08746615a3d7fc03987f68a76a465fac,48,[]
source_b30cac170cf88d43b34d6f39,WOLDA,2024,16th,work_b30cac170cf88d43b34d6f39,图包与字体包/图包/国际奖项/WOLDA/2024/WOLDA_2024_12_339140be_16-WOLDA-Results-Cat-231.jpg,WOLDA_2024_12_339140be_16-WOLDA-Results-Cat-231.jpg,https://wolda.org/wp-content/uploads/2025/12/16-WOLDA-Results-Cat-231.jpg,https://wolda.org/16-wolda-logos-redesign/,251009,,WOLDA_2024_12_339140be_16-WOLDA-Results-Cat-231.jpg,,,2026-09-02T22:28:26,图包与字体包/图包/国际奖项/WOLDA/sources.csv,964de6fc05f0353b20f9b46aa783555a08746615a3d7fc03987f68a76a465fac,49,[]
source_2ba2bda8524a97f7cdc22788,WOLDA,2024,16th,work_2ba2bda8524a97f7cdc22788,图包与字体包/图包/国际奖项/WOLDA/2024/WOLDA_2024_13_fb49af55_16-WOLDA-Results-Cat-233.jpg,WOLDA_2024_13_fb49af55_16-WOLDA-Results-Cat-233.jpg,https://wolda.org/wp-content/uploads/2025/12/16-WOLDA-Results-Cat-233.jpg,https://wolda.org/16-wolda-logos-redesign/,263908,,WOLDA_2024_13_fb49af55_16-WOLDA-Results-Cat-233.jpg,,,2026-09-02T22:28:29,图包与字体包/图包/国际奖项/WOLDA/sources.csv,964de6fc05f0353b20f9b46aa783555a08746615a3d7fc03987f68a76a465fac,50,[]
source_dc2dc8c396f71fec25c39115,WOLDA,2024,16th,work_dc2dc8c396f71fec25c39115,图包与字体包/图包/国际奖项/WOLDA/2024/WOLDA_2024_14_050e2dd8_16-WOLDA-Results-Cat-235.jpg,WOLDA_2024_14_050e2dd8_16-WOLDA-Results-Cat-235.jpg,https://wolda.org/wp-content/uploads/2025/12/16-WOLDA-Results-Cat-235.jpg,https://wolda.org/16-wolda-logos-redesign/,265620,,WOLDA_2024_14_050e2dd8_16-WOLDA-Results-Cat-235.jpg,,,2026-09-02T22:28:32,图包与字体包/图包/国际奖项/WOLDA/sources.csv,964de6fc05f0353b20f9b46aa783555a08746615a3d7fc03987f68a76a465fac,51,[]
source_8bec3b0449b740289893f569,WOLDA,2024,16th,work_8bec3b0449b740289893f569,图包与字体包/图包/国际奖项/WOLDA/2024/WOLDA_2024_15_48e500c2_16-WOLDA-Results-Cat-237.jpg,WOLDA_2024_15_48e500c2_16-WOLDA-Results-Cat-237.jpg,https://wolda.org/wp-content/uploads/2025/12/16-WOLDA-Results-Cat-237.jpg,https://wolda.org/16-wolda-logos-redesign/,268697,,WOLDA_2024_15_48e500c2_16-WOLDA-Results-Cat-237.jpg,,,2026-09-02T22:28:35,图包与字体包/图包/国际奖项/WOLDA/sources.csv,964de6fc05f0353b20f9b46aa783555a08746615a3d7fc03987f68a76a465fac,52,[]
source_1cbc8dd6bf0841c1591eb76d,WOLDA,2024,16th,work_1cbc8dd6bf0841c1591eb76d,图包与字体包/图包/国际奖项/WOLDA/2024/WOLDA_2024_16_188f4501_16-WOLDA-Results-Cat-25.jpg,WOLDA_2024_16_188f4501_16-WOLDA-Results-Cat-25.jpg,https://wolda.org/wp-content/uploads/2025/12/16-WOLDA-Results-Cat-25.jpg,https://wolda.org/16-wolda-logos-redesign/,219799,,WOLDA_2024_16_188f4501_16-WOLDA-Results-Cat-25.jpg,,,2026-09-02T22:28:38,图包与字体包/图包/国际奖项/WOLDA/sources.csv,964de6fc05f0353b20f9b46aa783555a08746615a3d7fc03987f68a76a465fac,53,[]
source_6ac01d7e0570898e39613983,WOLDA,2024,16th,work_6ac01d7e0570898e39613983,图包与字体包/图包/国际奖项/WOLDA/2024/WOLDA_2024_17_2835c0b7_16-WOLDA-Results-Cat-27.jpg,WOLDA_2024_17_2835c0b7_16-WOLDA-Results-Cat-27.jpg,https://wolda.org/wp-content/uploads/2025/12/16-WOLDA-Results-Cat-27.jpg,https://wolda.org/16-wolda-logos-redesign/,234533,,WOLDA_2024_17_2835c0b7_16-WOLDA-Results-Cat-27.jpg,,,2026-09-02T22:28:41,图包与字体包/图包/国际奖项/WOLDA/sources.csv,964de6fc05f0353b20f9b46aa783555a08746615a3d7fc03987f68a76a465fac,54,[]
source_657d05ae985f15e3574bd7cf,WOLDA,2024,16th,work_657d05ae985f15e3574bd7cf,图包与字体包/图包/国际奖项/WOLDA/2024/WOLDA_2024_18_d247745e_16-WOLDA-Results-Cat-29.jpg,WOLDA_2024_18_d247745e_16-WOLDA-Results-Cat-29.jpg,https://wolda.org/wp-content/uploads/2025/12/16-WOLDA-Results-Cat-29.jpg,https://wolda.org/16-wolda-logos-redesign/,244368,,WOLDA_2024_18_d247745e_16-WOLDA-Results-Cat-29.jpg,,,2026-09-02T22:28:44,图包与字体包/图包/国际奖项/WOLDA/sources.csv,964de6fc05f0353b20f9b46aa783555a08746615a3d7fc03987f68a76a465fac,55,[]
source_e577212ddb32bd3e2a8eb98f,WOLDA,2022,14th,work_e577212ddb32bd3e2a8eb98f,图包与字体包/图包/国际奖项/WOLDA/2022/WOLDA_2022_01_5cfa08d7_0012thWOLDA1.jpg,WOLDA_2022_01_5cfa08d7_0012thWOLDA1.jpg,https://wolda.org/wp-content/uploads/2021/12/0012thWOLDA1.jpg,https://wolda.org/14-wolda-logos-redesign/,182548,,WOLDA_2022_01_5cfa08d7_0012thWOLDA1.jpg,,,2026-09-02T22:30:34,图包与字体包/图包/国际奖项/WOLDA/sources.csv,964de6fc05f0353b20f9b46aa783555a08746615a3d7fc03987f68a76a465fac,56,[]
source_93aa5c860044e7db946e749d,WOLDA,2022,14th,work_93aa5c860044e7db946e749d,图包与字体包/图包/国际奖项/WOLDA/2022/WOLDA_2022_02_86f708c6_13-WOLDA-Call-for-Entries.jpg,WOLDA_2022_02_86f708c6_13-WOLDA-Call-for-Entries.jpg,https://wolda.org/wp-content/uploads/2022/06/13-WOLDA-Call-for-Entries.jpg,https://wolda.org/14-wolda-logos-redesign/,167392,,WOLDA_2022_02_86f708c6_13-WOLDA-Call-for-Entries.jpg,,,2026-09-02T22:30:36,图包与字体包/图包/国际奖项/WOLDA/sources.csv,964de6fc05f0353b20f9b46aa783555a08746615a3d7fc03987f68a76a465fac,57,[]
source_82fd7822a547f6a51e995a32,WOLDA,2022,14th,work_82fd7822a547f6a51e995a32,图包与字体包/图包/国际奖项/WOLDA/2022/WOLDA_2022_03_a8743fde_14-WOLDA-Results-Cat-21.jpg,WOLDA_2022_03_a8743fde_14-WOLDA-Results-Cat-21.jpg,https://wolda.org/wp-content/uploads/2023/12/14-WOLDA-Results-Cat-21.jpg,https://wolda.org/14-wolda-logos-redesign/,198186,,WOLDA_2022_03_a8743fde_14-WOLDA-Results-Cat-21.jpg,,,2026-09-02T22:30:38,图包与字体包/图包/国际奖项/WOLDA/sources.csv,964de6fc05f0353b20f9b46aa783555a08746615a3d7fc03987f68a76a465fac,58,[]
source_4f774b357c1d2c6f80c9d324,WOLDA,2022,14th,work_4f774b357c1d2c6f80c9d324,图包与字体包/图包/国际奖项/WOLDA/2022/WOLDA_2022_04_1b74a468_14-WOLDA-Results-Cat-210.jpg,WOLDA_2022_04_1b74a468_14-WOLDA-Results-Cat-210.jpg,https://wolda.org/wp-content/uploads/2023/12/14-WOLDA-Results-Cat-210.jpg,https://wolda.org/14-wolda-logos-redesign/,255466,,WOLDA_2022_04_1b74a468_14-WOLDA-Results-Cat-210.jpg,,,2026-09-02T22:30:41,图包与字体包/图包/国际奖项/WOLDA/sources.csv,964de6fc05f0353b20f9b46aa783555a08746615a3d7fc03987f68a76a465fac,59,[]
source_cff5f026351f89a9e8c38e33,WOLDA,2022,14th,work_cff5f026351f89a9e8c38e33,图包与字体包/图包/国际奖项/WOLDA/2022/WOLDA_2022_05_64ebecff_14-WOLDA-Results-Cat-211.jpg,WOLDA_2022_05_64ebecff_14-WOLDA-Results-Cat-211.jpg,https://wolda.org/wp-content/uploads/2023/12/14-WOLDA-Results-Cat-211.jpg,https://wolda.org/14-wolda-logos-redesign/,355882,,WOLDA_2022_05_64ebecff_14-WOLDA-Results-Cat-211.jpg,,,2026-09-02T22:30:43,图包与字体包/图包/国际奖项/WOLDA/sources.csv,964de6fc05f0353b20f9b46aa783555a08746615a3d7fc03987f68a76a465fac,60,[]
source_0b1b6b26181f5cad7c805a0a,WOLDA,2022,14th,work_0b1b6b26181f5cad7c805a0a,图包与字体包/图包/国际奖项/WOLDA/2022/WOLDA_2022_06_8389337c_14-WOLDA-Results-Cat-212.jpg,WOLDA_2022_06_8389337c_14-WOLDA-Results-Cat-212.jpg,https://wolda.org/wp-content/uploads/2023/12/14-WOLDA-Results-Cat-212.jpg,https://wolda.org/14-wolda-logos-redesign/,211514,,WOLDA_2022_06_8389337c_14-WOLDA-Results-Cat-212.jpg,,,2026-09-02T22:30:45,图包与字体包/图包/国际奖项/WOLDA/sources.csv,964de6fc05f0353b20f9b46aa783555a08746615a3d7fc03987f68a76a465fac,61,[]
source_3a658c34dc168e8f2bc31e52,WOLDA,2022,14th,work_3a658c34dc168e8f2bc31e52,图包与字体包/图包/国际奖项/WOLDA/2022/WOLDA_2022_07_9e16aeae_14-WOLDA-Results-Cat-213.jpg,WOLDA_2022_07_9e16aeae_14-WOLDA-Results-Cat-213.jpg,https://wolda.org/wp-content/uploads/2023/12/14-WOLDA-Results-Cat-213.jpg,https://wolda.org/14-wolda-logos-redesign/,477480,,WOLDA_2022_07_9e16aeae_14-WOLDA-Results-Cat-213.jpg,,,2026-09-02T22:30:48,图包与字体包/图包/国际奖项/WOLDA/sources.csv,964de6fc05f0353b20f9b46aa783555a08746615a3d7fc03987f68a76a465fac,62,[]
source_91e7096503f900c9a3290413,WOLDA,2022,14th,work_91e7096503f900c9a3290413,图包与字体包/图包/国际奖项/WOLDA/2022/WOLDA_2022_08_a6412802_14-WOLDA-Results-Cat-214.jpg,WOLDA_2022_08_a6412802_14-WOLDA-Results-Cat-214.jpg,https://wolda.org/wp-content/uploads/2023/12/14-WOLDA-Results-Cat-214.jpg,https://wolda.org/14-wolda-logos-redesign/,226999,,WOLDA_2022_08_a6412802_14-WOLDA-Results-Cat-214.jpg,,,2026-09-02T22:30:50,图包与字体包/图包/国际奖项/WOLDA/sources.csv,964de6fc05f0353b20f9b46aa783555a08746615a3d7fc03987f68a76a465fac,63,[]
source_050e4b4cfac9b63eeb4c631b,WOLDA,2022,14th,work_050e4b4cfac9b63eeb4c631b,图包与字体包/图包/国际奖项/WOLDA/2022/WOLDA_2022_09_13fe10ac_14-WOLDA-Results-Cat-215.jpg,WOLDA_2022_09_13fe10ac_14-WOLDA-Results-Cat-215.jpg,https://wolda.org/wp-content/uploads/2023/12/14-WOLDA-Results-Cat-215.jpg,https://wolda.org/14-wolda-logos-redesign/,276202,,WOLDA_2022_09_13fe10ac_14-WOLDA-Results-Cat-215.jpg,,,2026-09-02T22:30:52,图包与字体包/图包/国际奖项/WOLDA/sources.csv,964de6fc05f0353b20f9b46aa783555a08746615a3d7fc03987f68a76a465fac,64,[]
source_83e12b3be1610166f6401794,WOLDA,2022,14th,work_83e12b3be1610166f6401794,图包与字体包/图包/国际奖项/WOLDA/2022/WOLDA_2022_10_3286721f_14-WOLDA-Results-Cat-216.jpg,WOLDA_2022_10_3286721f_14-WOLDA-Results-Cat-216.jpg,https://wolda.org/wp-content/uploads/2023/12/14-WOLDA-Results-Cat-216.jpg,https://wolda.org/14-wolda-logos-redesign/,215939,,WOLDA_2022_10_3286721f_14-WOLDA-Results-Cat-216.jpg,,,2026-09-02T22:30:54,图包与字体包/图包/国际奖项/WOLDA/sources.csv,964de6fc05f0353b20f9b46aa783555a08746615a3d7fc03987f68a76a465fac,65,[]
source_433172518396ffad40bf6ffe,WOLDA,2022,14th,work_433172518396ffad40bf6ffe,图包与字体包/图包/国际奖项/WOLDA/2022/WOLDA_2022_11_b9cd4038_14-WOLDA-Results-Cat-217.jpg,WOLDA_2022_11_b9cd4038_14-WOLDA-Results-Cat-217.jpg,https://wolda.org/wp-content/uploads/2023/12/14-WOLDA-Results-Cat-217.jpg,https://wolda.org/14-wolda-logos-redesign/,202229,,WOLDA_2022_11_b9cd4038_14-WOLDA-Results-Cat-217.jpg,,,2026-09-02T22:30:57,图包与字体包/图包/国际奖项/WOLDA/sources.csv,964de6fc05f0353b20f9b46aa783555a08746615a3d7fc03987f68a76a465fac,66,[]
source_566001f3d5876b41aab93569,WOLDA,2022,14th,work_566001f3d5876b41aab93569,图包与字体包/图包/国际奖项/WOLDA/2022/WOLDA_2022_12_9177c2eb_14-WOLDA-Results-Cat-218.jpg,WOLDA_2022_12_9177c2eb_14-WOLDA-Results-Cat-218.jpg,https://wolda.org/wp-content/uploads/2023/12/14-WOLDA-Results-Cat-218.jpg,https://wolda.org/14-wolda-logos-redesign/,215121,,WOLDA_2022_12_9177c2eb_14-WOLDA-Results-Cat-218.jpg,,,2026-09-02T22:31:00,图包与字体包/图包/国际奖项/WOLDA/sources.csv,964de6fc05f0353b20f9b46aa783555a08746615a3d7fc03987f68a76a465fac,67,[]
source_c3dbf5f77df502cb8774f778,WOLDA,2022,14th,work_c3dbf5f77df502cb8774f778,图包与字体包/图包/国际奖项/WOLDA/2022/WOLDA_2022_13_81e591cc_14-WOLDA-Results-Cat-219.jpg,WOLDA_2022_13_81e591cc_14-WOLDA-Results-Cat-219.jpg,https://wolda.org/wp-content/uploads/2023/12/14-WOLDA-Results-Cat-219.jpg,https://wolda.org/14-wolda-logos-redesign/,486122,,WOLDA_2022_13_81e591cc_14-WOLDA-Results-Cat-219.jpg,,,2026-09-02T22:31:03,图包与字体包/图包/国际奖项/WOLDA/sources.csv,964de6fc05f0353b20f9b46aa783555a08746615a3d7fc03987f68a76a465fac,68,[]
source_8646b57e56381222d9869b2e,WOLDA,2022,14th,work_8646b57e56381222d9869b2e,图包与字体包/图包/国际奖项/WOLDA/2022/WOLDA_2022_14_cf55c885_14-WOLDA-Results-Cat-22.jpg,WOLDA_2022_14_cf55c885_14-WOLDA-Results-Cat-22.jpg,https://wolda.org/wp-content/uploads/2023/12/14-WOLDA-Results-Cat-22.jpg,https://wolda.org/14-wolda-logos-redesign/,218564,,WOLDA_2022_14_cf55c885_14-WOLDA-Results-Cat-22.jpg,,,2026-09-02T22:31:05,图包与字体包/图包/国际奖项/WOLDA/sources.csv,964de6fc05f0353b20f9b46aa783555a08746615a3d7fc03987f68a76a465fac,69,[]
source_00ecc3848546aa15baa0c17f,WOLDA,2022,14th,work_00ecc3848546aa15baa0c17f,图包与字体包/图包/国际奖项/WOLDA/2022/WOLDA_2022_15_f84b5e00_14-WOLDA-Results-Cat-220.jpg,WOLDA_2022_15_f84b5e00_14-WOLDA-Results-Cat-220.jpg,https://wolda.org/wp-content/uploads/2023/12/14-WOLDA-Results-Cat-220.jpg,https://wolda.org/14-wolda-logos-redesign/,303519,,WOLDA_2022_15_f84b5e00_14-WOLDA-Results-Cat-220.jpg,,,2026-09-02T22:31:08,图包与字体包/图包/国际奖项/WOLDA/sources.csv,964de6fc05f0353b20f9b46aa783555a08746615a3d7fc03987f68a76a465fac,70,[]
source_f1824e6a63a0fc9d14494ea1,WOLDA,2022,14th,work_f1824e6a63a0fc9d14494ea1,图包与字体包/图包/国际奖项/WOLDA/2022/WOLDA_2022_16_29b270b5_14-WOLDA-Results-Cat-221.jpg,WOLDA_2022_16_29b270b5_14-WOLDA-Results-Cat-221.jpg,https://wolda.org/wp-content/uploads/2023/12/14-WOLDA-Results-Cat-221.jpg,https://wolda.org/14-wolda-logos-redesign/,248480,,WOLDA_2022_16_29b270b5_14-WOLDA-Results-Cat-221.jpg,,,2026-09-02T22:31:11,图包与字体包/图包/国际奖项/WOLDA/sources.csv,964de6fc05f0353b20f9b46aa783555a08746615a3d7fc03987f68a76a465fac,71,[]
source_cde8bb17172b744dc7022dae,WOLDA,2022,14th,work_cde8bb17172b744dc7022dae,图包与字体包/图包/国际奖项/WOLDA/2022/WOLDA_2022_17_6ec8f7a0_14-WOLDA-Results-Cat-222.jpg,WOLDA_2022_17_6ec8f7a0_14-WOLDA-Results-Cat-222.jpg,https://wolda.org/wp-content/uploads/2023/12/14-WOLDA-Results-Cat-222.jpg,https://wolda.org/14-wolda-logos-redesign/,228693,,WOLDA_2022_17_6ec8f7a0_14-WOLDA-Results-Cat-222.jpg,,,2026-09-02T22:31:14,图包与字体包/图包/国际奖项/WOLDA/sources.csv,964de6fc05f0353b20f9b46aa783555a08746615a3d7fc03987f68a76a465fac,72,[]
source_cdd41d6962e9b3e05d224d0f,WOLDA,2022,14th,work_cdd41d6962e9b3e05d224d0f,图包与字体包/图包/国际奖项/WOLDA/2022/WOLDA_2022_18_4482cdc6_14-WOLDA-Results-Cat-223.jpg,WOLDA_2022_18_4482cdc6_14-WOLDA-Results-Cat-223.jpg,https://wolda.org/wp-content/uploads/2023/12/14-WOLDA-Results-Cat-223.jpg,https://wolda.org/14-wolda-logos-redesign/,382456,,WOLDA_2022_18_4482cdc6_14-WOLDA-Results-Cat-223.jpg,,,2026-09-02T22:31:17,图包与字体包/图包/国际奖项/WOLDA/sources.csv,964de6fc05f0353b20f9b46aa783555a08746615a3d7fc03987f68a76a465fac,73,[]
source_e577212ddb32bd3e2a8eb98f,WOLDA,2023,15th,work_e577212ddb32bd3e2a8eb98f,图包与字体包/图包/国际奖项/WOLDA/2023/WOLDA_2023_01_5cfa08d7_0012thWOLDA1.jpg,WOLDA_2023_01_5cfa08d7_0012thWOLDA1.jpg,https://wolda.org/wp-content/uploads/2021/12/0012thWOLDA1.jpg,https://wolda.org/15-wolda-logos-redesign-2/,182548,,WOLDA_2023_01_5cfa08d7_0012thWOLDA1.jpg,,,2026-09-02T22:31:49,图包与字体包/图包/国际奖项/WOLDA/sources.csv,964de6fc05f0353b20f9b46aa783555a08746615a3d7fc03987f68a76a465fac,74,[]
source_93aa5c860044e7db946e749d,WOLDA,2023,15th,work_93aa5c860044e7db946e749d,图包与字体包/图包/国际奖项/WOLDA/2023/WOLDA_2023_02_86f708c6_13-WOLDA-Call-for-Entries.jpg,WOLDA_2023_02_86f708c6_13-WOLDA-Call-for-Entries.jpg,https://wolda.org/wp-content/uploads/2022/06/13-WOLDA-Call-for-Entries.jpg,https://wolda.org/15-wolda-logos-redesign-2/,167392,,WOLDA_2023_02_86f708c6_13-WOLDA-Call-for-Entries.jpg,,,2026-09-02T22:31:51,图包与字体包/图包/国际奖项/WOLDA/sources.csv,964de6fc05f0353b20f9b46aa783555a08746615a3d7fc03987f68a76a465fac,75,[]
source_ec753992256ed257c98b3321,WOLDA,2023,15th,work_ec753992256ed257c98b3321,图包与字体包/图包/国际奖项/WOLDA/2023/WOLDA_2023_03_191d8bd7_15-WOLDA-Cat-21.jpg,WOLDA_2023_03_191d8bd7_15-WOLDA-Cat-21.jpg,https://wolda.org/wp-content/uploads/2024/11/15-WOLDA-Cat-21.jpg,https://wolda.org/15-wolda-logos-redesign-2/,184507,,WOLDA_2023_03_191d8bd7_15-WOLDA-Cat-21.jpg,,,2026-09-02T22:31:53,图包与字体包/图包/国际奖项/WOLDA/sources.csv,964de6fc05f0353b20f9b46aa783555a08746615a3d7fc03987f68a76a465fac,76,[]
source_6bd931994818bf3bfd3a0e28,WOLDA,2023,15th,work_6bd931994818bf3bfd3a0e28,图包与字体包/图包/国际奖项/WOLDA/2023/WOLDA_2023_04_23f34836_15-WOLDA-Cat-210.jpg,WOLDA_2023_04_23f34836_15-WOLDA-Cat-210.jpg,https://wolda.org/wp-content/uploads/2024/11/15-WOLDA-Cat-210.jpg,https://wolda.org/15-wolda-logos-redesign-2/,230371,,WOLDA_2023_04_23f34836_15-WOLDA-Cat-210.jpg,,,2026-09-02T22:31:55,图包与字体包/图包/国际奖项/WOLDA/sources.csv,964de6fc05f0353b20f9b46aa783555a08746615a3d7fc03987f68a76a465fac,77,[]
source_75bfab56895a38fca69316bb,WOLDA,2023,15th,work_75bfab56895a38fca69316bb,图包与字体包/图包/国际奖项/WOLDA/2023/WOLDA_2023_05_be5878b8_15-WOLDA-Cat-211.jpg,WOLDA_2023_05_be5878b8_15-WOLDA-Cat-211.jpg,https://wolda.org/wp-content/uploads/2024/11/15-WOLDA-Cat-211.jpg,https://wolda.org/15-wolda-logos-redesign-2/,328720,,WOLDA_2023_05_be5878b8_15-WOLDA-Cat-211.jpg,,,2026-09-02T22:31:59,图包与字体包/图包/国际奖项/WOLDA/sources.csv,964de6fc05f0353b20f9b46aa783555a08746615a3d7fc03987f68a76a465fac,78,[]
source_c498fe74936f89214f7ef1b1,WOLDA,2023,15th,work_c498fe74936f89214f7ef1b1,图包与字体包/图包/国际奖项/WOLDA/2023/WOLDA_2023_06_108122b0_15-WOLDA-Cat-212.jpg,WOLDA_2023_06_108122b0_15-WOLDA-Cat-212.jpg,https://wolda.org/wp-content/uploads/2024/11/15-WOLDA-Cat-212.jpg,https://wolda.org/15-wolda-logos-redesign-2/,261941,,WOLDA_2023_06_108122b0_15-WOLDA-Cat-212.jpg,,,2026-09-02T22:32:08,图包与字体包/图包/国际奖项/WOLDA/sources.csv,964de6fc05f0353b20f9b46aa783555a08746615a3d7fc03987f68a76a465fac,79,[]
source_0fe6be3098c7c77028034ccd,WOLDA,2023,15th,work_0fe6be3098c7c77028034ccd,图包与字体包/图包/国际奖项/WOLDA/2023/WOLDA_2023_07_94357ccc_15-WOLDA-Cat-213.jpg,WOLDA_2023_07_94357ccc_15-WOLDA-Cat-213.jpg,https://wolda.org/wp-content/uploads/2024/11/15-WOLDA-Cat-213.jpg,https://wolda.org/15-wolda-logos-redesign-2/,392556,,WOLDA_2023_07_94357ccc_15-WOLDA-Cat-213.jpg,,,2026-09-02T22:32:10,图包与字体包/图包/国际奖项/WOLDA/sources.csv,964de6fc05f0353b20f9b46aa783555a08746615a3d7fc03987f68a76a465fac,80,[]
source_ef9bce860ca8d5e36da27aee,WOLDA,2023,15th,work_ef9bce860ca8d5e36da27aee,图包与字体包/图包/国际奖项/WOLDA/2023/WOLDA_2023_08_7388da58_15-WOLDA-Cat-214.jpg,WOLDA_2023_08_7388da58_15-WOLDA-Cat-214.jpg,https://wolda.org/wp-content/uploads/2024/11/15-WOLDA-Cat-214.jpg,https://wolda.org/15-wolda-logos-redesign-2/,234194,,WOLDA_2023_08_7388da58_15-WOLDA-Cat-214.jpg,,,2026-09-02T22:32:12,图包与字体包/图包/国际奖项/WOLDA/sources.csv,964de6fc05f0353b20f9b46aa783555a08746615a3d7fc03987f68a76a465fac,81,[]
source_4f79751f2a1b115f91551464,WOLDA,2023,15th,work_4f79751f2a1b115f91551464,图包与字体包/图包/国际奖项/WOLDA/2023/WOLDA_2023_09_857fafda_15-WOLDA-Cat-215.jpg,WOLDA_2023_09_857fafda_15-WOLDA-Cat-215.jpg,https://wolda.org/wp-content/uploads/2024/11/15-WOLDA-Cat-215.jpg,https://wolda.org/15-wolda-logos-redesign-2/,252591,,WOLDA_2023_09_857fafda_15-WOLDA-Cat-215.jpg,,,2026-09-02T22:32:19,图包与字体包/图包/国际奖项/WOLDA/sources.csv,964de6fc05f0353b20f9b46aa783555a08746615a3d7fc03987f68a76a465fac,82,[]
source_9bdf1970f38cb6ab824b3c2f,WOLDA,2023,15th,work_9bdf1970f38cb6ab824b3c2f,图包与字体包/图包/国际奖项/WOLDA/2023/WOLDA_2023_10_b00f92ad_15-WOLDA-Cat-216.jpg,WOLDA_2023_10_b00f92ad_15-WOLDA-Cat-216.jpg,https://wolda.org/wp-content/uploads/2024/11/15-WOLDA-Cat-216.jpg,https://wolda.org/15-wolda-logos-redesign-2/,242845,,WOLDA_2023_10_b00f92ad_15-WOLDA-Cat-216.jpg,,,2026-09-02T22:32:21,图包与字体包/图包/国际奖项/WOLDA/sources.csv,964de6fc05f0353b20f9b46aa783555a08746615a3d7fc03987f68a76a465fac,83,[]
source_0d081a7678c443b90a8c4241,WOLDA,2023,15th,work_0d081a7678c443b90a8c4241,图包与字体包/图包/国际奖项/WOLDA/2023/WOLDA_2023_11_c61bbf5a_15-WOLDA-Cat-217.jpg,WOLDA_2023_11_c61bbf5a_15-WOLDA-Cat-217.jpg,https://wolda.org/wp-content/uploads/2024/11/15-WOLDA-Cat-217.jpg,https://wolda.org/15-wolda-logos-redesign-2/,197477,,WOLDA_2023_11_c61bbf5a_15-WOLDA-Cat-217.jpg,,,2026-09-02T22:32:24,图包与字体包/图包/国际奖项/WOLDA/sources.csv,964de6fc05f0353b20f9b46aa783555a08746615a3d7fc03987f68a76a465fac,84,[]
source_4bebe4ee699f14556d702116,WOLDA,2023,15th,work_4bebe4ee699f14556d702116,图包与字体包/图包/国际奖项/WOLDA/2023/WOLDA_2023_12_e95395ea_15-WOLDA-Cat-218.jpg,WOLDA_2023_12_e95395ea_15-WOLDA-Cat-218.jpg,https://wolda.org/wp-content/uploads/2024/11/15-WOLDA-Cat-218.jpg,https://wolda.org/15-wolda-logos-redesign-2/,410034,,WOLDA_2023_12_e95395ea_15-WOLDA-Cat-218.jpg,,,2026-09-02T22:32:27,图包与字体包/图包/国际奖项/WOLDA/sources.csv,964de6fc05f0353b20f9b46aa783555a08746615a3d7fc03987f68a76a465fac,85,[]
source_92a3ca23157f024c0dc8ff0a,WOLDA,2023,15th,work_92a3ca23157f024c0dc8ff0a,图包与字体包/图包/国际奖项/WOLDA/2023/WOLDA_2023_13_af081d02_15-WOLDA-Cat-219.jpg,WOLDA_2023_13_af081d02_15-WOLDA-Cat-219.jpg,https://wolda.org/wp-content/uploads/2024/11/15-WOLDA-Cat-219.jpg,https://wolda.org/15-wolda-logos-redesign-2/,231841,,WOLDA_2023_13_af081d02_15-WOLDA-Cat-219.jpg,,,2026-09-02T22:32:30,图包与字体包/图包/国际奖项/WOLDA/sources.csv,964de6fc05f0353b20f9b46aa783555a08746615a3d7fc03987f68a76a465fac,86,[]
source_d91b1d9fd99cd2fdccee2429,WOLDA,2023,15th,work_d91b1d9fd99cd2fdccee2429,图包与字体包/图包/国际奖项/WOLDA/2023/WOLDA_2023_14_04f454df_15-WOLDA-Cat-22.jpg,WOLDA_2023_14_04f454df_15-WOLDA-Cat-22.jpg,https://wolda.org/wp-content/uploads/2024/11/15-WOLDA-Cat-22.jpg,https://wolda.org/15-wolda-logos-redesign-2/,231069,,WOLDA_2023_14_04f454df_15-WOLDA-Cat-22.jpg,,,2026-09-02T22:32:32,图包与字体包/图包/国际奖项/WOLDA/sources.csv,964de6fc05f0353b20f9b46aa783555a08746615a3d7fc03987f68a76a465fac,87,[]
source_1554191bf39973719c9558fc,WOLDA,2023,15th,work_1554191bf39973719c9558fc,图包与字体包/图包/国际奖项/WOLDA/2023/WOLDA_2023_15_54872e7a_15-WOLDA-Cat-220.jpg,WOLDA_2023_15_54872e7a_15-WOLDA-Cat-220.jpg,https://wolda.org/wp-content/uploads/2024/11/15-WOLDA-Cat-220.jpg,https://wolda.org/15-wolda-logos-redesign-2/,359212,,WOLDA_2023_15_54872e7a_15-WOLDA-Cat-220.jpg,,,2026-09-02T22:32:35,图包与字体包/图包/国际奖项/WOLDA/sources.csv,964de6fc05f0353b20f9b46aa783555a08746615a3d7fc03987f68a76a465fac,88,[]
source_f02f5edab4516c37fb1068d5,WOLDA,2023,15th,work_f02f5edab4516c37fb1068d5,图包与字体包/图包/国际奖项/WOLDA/2023/WOLDA_2023_16_7fcf474c_15-WOLDA-Cat-221.jpg,WOLDA_2023_16_7fcf474c_15-WOLDA-Cat-221.jpg,https://wolda.org/wp-content/uploads/2024/11/15-WOLDA-Cat-221.jpg,https://wolda.org/15-wolda-logos-redesign-2/,231217,,WOLDA_2023_16_7fcf474c_15-WOLDA-Cat-221.jpg,,,2026-09-02T22:32:38,图包与字体包/图包/国际奖项/WOLDA/sources.csv,964de6fc05f0353b20f9b46aa783555a08746615a3d7fc03987f68a76a465fac,89,[]
source_c4f12b0d9e15d0ba4bc840c1,WOLDA,2023,15th,work_c4f12b0d9e15d0ba4bc840c1,图包与字体包/图包/国际奖项/WOLDA/2023/WOLDA_2023_17_b4106a9d_15-WOLDA-Cat-223.jpg,WOLDA_2023_17_b4106a9d_15-WOLDA-Cat-223.jpg,https://wolda.org/wp-content/uploads/2024/11/15-WOLDA-Cat-223.jpg,https://wolda.org/15-wolda-logos-redesign-2/,236409,,WOLDA_2023_17_b4106a9d_15-WOLDA-Cat-223.jpg,,,2026-09-02T22:32:40,图包与字体包/图包/国际奖项/WOLDA/sources.csv,964de6fc05f0353b20f9b46aa783555a08746615a3d7fc03987f68a76a465fac,90,[]
source_d7637f95895e193347c5715d,WOLDA,2023,15th,work_d7637f95895e193347c5715d,图包与字体包/图包/国际奖项/WOLDA/2023/WOLDA_2023_18_be08e1d3_15-WOLDA-Cat-224.jpg,WOLDA_2023_18_be08e1d3_15-WOLDA-Cat-224.jpg,https://wolda.org/wp-content/uploads/2024/11/15-WOLDA-Cat-224.jpg,https://wolda.org/15-wolda-logos-redesign-2/,375160,,WOLDA_2023_18_be08e1d3_15-WOLDA-Cat-224.jpg,,,2026-09-02T22:32:43,图包与字体包/图包/国际奖项/WOLDA/sources.csv,964de6fc05f0353b20f9b46aa783555a08746615a3d7fc03987f68a76a465fac,91,[]
source_36c2a5030a494c74dfbe353b,Golden Pin,2023,,work_db9207d7dde3ea40b552a9a5,图包与字体包/图包/中文奖项/Golden Pin/2023/GoldenPin_2023_01_a1e2fa9d_image_96e87a.png,GoldenPin_2023_01_a1e2fa9d_image_96e87a.png,https://storage.googleapis.com/goldenpin/award_work/list_image/1080/image_96e87a.png,https://goldenpin.org.tw/goldenpin/zh-TW/winners/#2023/comm/brand-identity,5146033,,The 34th Golden Melody Awards Key Visual,,,2026-09-02T22:45:54,图包与字体包/图包/中文奖项/Golden Pin/sources.csv,4528b82f826794eaa3d44e45c36170bddfad3fc99680f7740f443871abb327d1,2,[]
source_0d47cba03e0c996fc8d32c50,Golden Pin,2023,,work_b2e86bed5e7b82dd49ca1f27,图包与字体包/图包/中文奖项/Golden Pin/2023/GoldenPin_2023_02_5f366859_image_a0d7d6.jpeg,GoldenPin_2023_02_5f366859_image_a0d7d6.jpeg,https://storage.googleapis.com/goldenpin/award_work/list_image/1081/image_a0d7d6.jpeg,https://goldenpin.org.tw/goldenpin/zh-TW/winners/#2023/comm/brand-identity,3412969,,Hualien Art Museum,,,2026-09-02T22:45:58,图包与字体包/图包/中文奖项/Golden Pin/sources.csv,4528b82f826794eaa3d44e45c36170bddfad3fc99680f7740f443871abb327d1,3,[]
source_af47117edf1079685b03ab76,Golden Pin,2023,,work_4ad17140e07b70ae00634090,图包与字体包/图包/中文奖项/Golden Pin/2023/GoldenPin_2023_03_36b8772b_image_a6e6b2.jpeg,GoldenPin_2023_03_36b8772b_image_a6e6b2.jpeg,https://storage.googleapis.com/goldenpin/award_work/list_image/1131/image_a6e6b2.jpeg,https://goldenpin.org.tw/goldenpin/zh-TW/winners/#2023/comm/brand-identity,3470996,,ADM Show 2022,,,2026-09-02T22:46:03,图包与字体包/图包/中文奖项/Golden Pin/sources.csv,4528b82f826794eaa3d44e45c36170bddfad3fc99680f7740f443871abb327d1,4,[]
source_4cc04abb01d9b1b2c184abf2,Golden Pin,2023,,work_73e714b89740e9bd6577234f,图包与字体包/图包/中文奖项/Golden Pin/2023/GoldenPin_2023_04_35da42c7_image_89738b.jpeg,GoldenPin_2023_04_35da42c7_image_89738b.jpeg,https://storage.googleapis.com/goldenpin/award_work/list_image/1128/image_89738b.jpeg,https://goldenpin.org.tw/goldenpin/zh-TW/winners/#2023/comm/brand-identity,3007483,,8th Singapore International Photography Festival,,,2026-09-02T22:46:08,图包与字体包/图包/中文奖项/Golden Pin/sources.csv,4528b82f826794eaa3d44e45c36170bddfad3fc99680f7740f443871abb327d1,5,[]
source_8f47afab2d833cd3e98f09ce,Golden Pin,2023,,work_ccaa198c31996c196a678b37,图包与字体包/图包/中文奖项/Golden Pin/2023/GoldenPin_2023_05_253491f4_image_a3614f.jpeg,GoldenPin_2023_05_253491f4_image_a3614f.jpeg,https://storage.googleapis.com/goldenpin/award_work/list_image/1102/image_a3614f.jpeg,https://goldenpin.org.tw/goldenpin/zh-TW/winners/#2023/comm/brand-identity,6045268,,YOO BEER,,,2026-09-02T22:46:16,图包与字体包/图包/中文奖项/Golden Pin/sources.csv,4528b82f826794eaa3d44e45c36170bddfad3fc99680f7740f443871abb327d1,6,[]
source_751b95f7f0199f14d9469858,Golden Pin,2023,,work_9bb71be03be93c4628e51206,图包与字体包/图包/中文奖项/Golden Pin/2023/GoldenPin_2023_06_cfa1720c_image_b810d2.png,GoldenPin_2023_06_cfa1720c_image_b810d2.png,https://storage.googleapis.com/goldenpin/award_work/list_image/1101/image_b810d2.png,https://goldenpin.org.tw/goldenpin/zh-TW/winners/#2023/comm/brand-identity,34469,,Expo 2028 Phuket Thailand,,,2026-09-02T22:46:18,图包与字体包/图包/中文奖项/Golden Pin/sources.csv,4528b82f826794eaa3d44e45c36170bddfad3fc99680f7740f443871abb327d1,7,[]
source_255d97eb910f410f577d6e9b,Golden Pin,2023,,work_1cbe402f4a693e9e4c7f4ef6,图包与字体包/图包/中文奖项/Golden Pin/2023/GoldenPin_2023_07_af38eb84_image_40ba47.jpeg,GoldenPin_2023_07_af38eb84_image_40ba47.jpeg,https://storage.googleapis.com/goldenpin/award_work/list_image/1112/image_40ba47.jpeg,https://goldenpin.org.tw/goldenpin/zh-TW/winners/#2023/comm/brand-identity,4575647,,PolyU School of Fashion and Textiles,,,2026-09-02T22:46:25,图包与字体包/图包/中文奖项/Golden Pin/sources.csv,4528b82f826794eaa3d44e45c36170bddfad3fc99680f7740f443871abb327d1,8,[]
source_8a5d8335e0fa6f29fe85360e,Golden Pin,2023,,work_fafe901974774bc721e7206b,图包与字体包/图包/中文奖项/Golden Pin/2023/GoldenPin_2023_08_297743d8_image_bc7947.jpeg,GoldenPin_2023_08_297743d8_image_bc7947.jpeg,https://storage.googleapis.com/goldenpin/award_work/list_image/1103/image_bc7947.jpeg,https://goldenpin.org.tw/goldenpin/zh-TW/winners/#2023/comm/brand-identity,488442,,Such A Beautiful Land Branding,,,2026-09-02T22:46:28,图包与字体包/图包/中文奖项/Golden Pin/sources.csv,4528b82f826794eaa3d44e45c36170bddfad3fc99680f7740f443871abb327d1,9,[]
source_30413719cf902d88582b6e9c,Golden Pin,2023,,work_3e75b9bc4ae701aff63c5dce,图包与字体包/图包/中文奖项/Golden Pin/2023/GoldenPin_2023_09_4e68cacd_image_8ffdc4.jpeg,GoldenPin_2023_09_4e68cacd_image_8ffdc4.jpeg,https://storage.googleapis.com/goldenpin/award_work/list_image/1092/image_8ffdc4.jpeg,https://goldenpin.org.tw/goldenpin/zh-TW/winners/#2023/comm/brand-identity,3318097,,TRA：FUTURE IS NOW,,,2026-09-02T22:46:33,图包与字体包/图包/中文奖项/Golden Pin/sources.csv,4528b82f826794eaa3d44e45c36170bddfad3fc99680f7740f443871abb327d1,10,[]
source_c0b3a86791f5124476723eee,Golden Pin,2023,,work_abd6684b7c5cb17b00556e0a,图包与字体包/图包/中文奖项/Golden Pin/2023/GoldenPin_2023_10_c07978e8_image_6c1db7.jpeg,GoldenPin_2023_10_c07978e8_image_6c1db7.jpeg,https://storage.googleapis.com/goldenpin/award_work/list_image/1118/image_6c1db7.jpeg,https://goldenpin.org.tw/goldenpin/zh-TW/winners/#2023/comm/brand-identity,4891555,,"Hey, kids !",,,2026-09-02T22:46:48,图包与字体包/图包/中文奖项/Golden Pin/sources.csv,4528b82f826794eaa3d44e45c36170bddfad3fc99680f7740f443871abb327d1,11,[]
source_fad60210fa71e9ed2729f4ea,Golden Pin,2023,,work_398034a2d391e62ffa666c0d,图包与字体包/图包/中文奖项/Golden Pin/2023/GoldenPin_2023_11_80cf8fa4_image_361383.jpeg,GoldenPin_2023_11_80cf8fa4_image_361383.jpeg,https://storage.googleapis.com/goldenpin/award_work/list_image/1088/image_361383.jpeg,https://goldenpin.org.tw/goldenpin/zh-TW/winners/#2023/comm/brand-identity,1062043,,CLOUD GATE 50TH ANNIVERSARY,,,2026-09-02T22:46:54,图包与字体包/图包/中文奖项/Golden Pin/sources.csv,4528b82f826794eaa3d44e45c36170bddfad3fc99680f7740f443871abb327d1,12,[]
source_f4390940943a6fda4429ed19,Golden Pin,2023,,work_1ddc43b952d53d99ff90a349,图包与字体包/图包/中文奖项/Golden Pin/2023/GoldenPin_2023_12_1655b79b_image_94e96b.jpeg,GoldenPin_2023_12_1655b79b_image_94e96b.jpeg,https://storage.googleapis.com/goldenpin/award_work/list_image/1130/image_94e96b.jpeg,https://goldenpin.org.tw/goldenpin/zh-TW/winners/#2023/comm/brand-identity,2843553,,MOMOKAWA,,,2026-09-02T22:46:59,图包与字体包/图包/中文奖项/Golden Pin/sources.csv,4528b82f826794eaa3d44e45c36170bddfad3fc99680f7740f443871abb327d1,13,[]
source_8c362ca0c4e2c73a29cb7200,Golden Pin,2023,,work_0d1d8577e859598c8a2ac2ef,图包与字体包/图包/中文奖项/Golden Pin/2023/GoldenPin_2023_13_42b7eb99_image_120ce7.jpeg,GoldenPin_2023_13_42b7eb99_image_120ce7.jpeg,https://storage.googleapis.com/goldenpin/award_work/list_image/1086/image_120ce7.jpeg,https://goldenpin.org.tw/goldenpin/zh-TW/winners/#2023/comm/brand-identity,1344115,,The Taitung Arts and Culture Center Image Identity,,,2026-09-02T22:47:03,图包与字体包/图包/中文奖项/Golden Pin/sources.csv,4528b82f826794eaa3d44e45c36170bddfad3fc99680f7740f443871abb327d1,14,[]
source_a9b8f46b76f5d1d1d60508b9,Golden Pin,2023,,work_264c18e12103119861c38fce,图包与字体包/图包/中文奖项/Golden Pin/2023/GoldenPin_2023_14_14b4994f_image_a8d2e8.jpeg,GoldenPin_2023_14_14b4994f_image_a8d2e8.jpeg,https://storage.googleapis.com/goldenpin/award_work/list_image/1084/image_a8d2e8.jpeg,https://goldenpin.org.tw/goldenpin/zh-TW/winners/#2023/comm/brand-identity,622998,,Key Visual of 2022 National Day,,,2026-09-02T22:47:06,图包与字体包/图包/中文奖项/Golden Pin/sources.csv,4528b82f826794eaa3d44e45c36170bddfad3fc99680f7740f443871abb327d1,15,[]
source_819dbdd9ae68ece5eae653f7,Golden Pin,2023,,work_e654c969e463221319452363,图包与字体包/图包/中文奖项/Golden Pin/2023/GoldenPin_2023_15_a70fd585_image_ac3292.jpeg,GoldenPin_2023_15_a70fd585_image_ac3292.jpeg,https://storage.googleapis.com/goldenpin/award_work/list_image/1114/image_ac3292.jpeg,https://goldenpin.org.tw/goldenpin/zh-TW/winners/#2023/comm/brand-identity,3959785,,Child Welfare League Foundation Brand Identity Visual Design,,,2026-09-02T22:47:12,图包与字体包/图包/中文奖项/Golden Pin/sources.csv,4528b82f826794eaa3d44e45c36170bddfad3fc99680f7740f443871abb327d1,16,[]
source_87c5907ff3c6f5d4399333ee,Golden Pin,2023,,work_5107c6716360d8b82d458a22,图包与字体包/图包/中文奖项/Golden Pin/2023/GoldenPin_2023_16_054063f5_image_a43a10.jpeg,GoldenPin_2023_16_054063f5_image_a43a10.jpeg,https://storage.googleapis.com/goldenpin/award_work/list_image/1111/image_a43a10.jpeg,https://goldenpin.org.tw/goldenpin/zh-TW/winners/#2023/comm/brand-identity,3459963,,HINGE．BOOK DESIGN EXHIBITION,,,2026-09-02T22:47:17,图包与字体包/图包/中文奖项/Golden Pin/sources.csv,4528b82f826794eaa3d44e45c36170bddfad3fc99680f7740f443871abb327d1,17,[]
source_e350641f5abfc4b0ad27e682,Golden Pin,2023,,work_12759a1b6318bf72bcd9e2ed,图包与字体包/图包/中文奖项/Golden Pin/2023/GoldenPin_2023_17_e8c95b2c_image_79fa6b.jpeg,GoldenPin_2023_17_e8c95b2c_image_79fa6b.jpeg,https://storage.googleapis.com/goldenpin/award_work/list_image/1110/image_79fa6b.jpeg,https://goldenpin.org.tw/goldenpin/zh-TW/winners/#2023/comm/brand-identity,2765244,,Vote62: Protect Our Vote,,,2026-09-02T22:47:22,图包与字体包/图包/中文奖项/Golden Pin/sources.csv,4528b82f826794eaa3d44e45c36170bddfad3fc99680f7740f443871abb327d1,18,[]
source_bd6335f9914ab211a07896ad,Golden Pin,2023,,work_b15b3fb1ebb81cfa1c6c1738,图包与字体包/图包/中文奖项/Golden Pin/2023/GoldenPin_2023_18_84eda414_image_f14ba1.jpeg,GoldenPin_2023_18_84eda414_image_f14ba1.jpeg,https://storage.googleapis.com/goldenpin/award_work/list_image/1120/image_f14ba1.jpeg,https://goldenpin.org.tw/goldenpin/zh-TW/winners/#2023/comm/brand-identity,135319,,real food,,,2026-09-02T22:47:25,图包与字体包/图包/中文奖项/Golden Pin/sources.csv,4528b82f826794eaa3d44e45c36170bddfad3fc99680f7740f443871abb327d1,19,[]
source_4a8e9c139301d7555a217133,Golden Pin,2024,,work_4b56fdfdbe9ad59a0056455f,图包与字体包/图包/中文奖项/Golden Pin/2024/GoldenPin_2024_01_d2c0c0f5_image_90df2c.jpeg,GoldenPin_2024_01_d2c0c0f5_image_90df2c.jpeg,https://storage.googleapis.com/goldenpin/award_work/list_image/1946/image_90df2c.jpeg,https://goldenpin.org.tw/goldenpin/zh-TW/winners/#2024/comm/brand-identity,5664958,,"“Hello, Human!”",,,2026-09-02T22:47:36,图包与字体包/图包/中文奖项/Golden Pin/sources.csv,4528b82f826794eaa3d44e45c36170bddfad3fc99680f7740f443871abb327d1,20,[]
source_070451815c7e093fd4fa4d9d,Golden Pin,2024,,work_ecbe0ffbbb2dc070cd9cbce7,图包与字体包/图包/中文奖项/Golden Pin/2024/GoldenPin_2024_02_c97c281d_image_0abb43.jpeg,GoldenPin_2024_02_c97c281d_image_0abb43.jpeg,https://storage.googleapis.com/goldenpin/award_work/list_image/1952/image_0abb43.jpeg,https://goldenpin.org.tw/goldenpin/zh-TW/winners/#2024/comm/brand-identity,734054,,The National Museum in Kraków—brand identity,,,2026-09-02T22:47:40,图包与字体包/图包/中文奖项/Golden Pin/sources.csv,4528b82f826794eaa3d44e45c36170bddfad3fc99680f7740f443871abb327d1,21,[]
source_a738b5311217cd5186ef48c6,Golden Pin,2024,,work_3a9a1b65fb06c8ff3104cd2b,图包与字体包/图包/中文奖项/Golden Pin/2024/GoldenPin_2024_03_609bee83_image_03e6cf.jpeg,GoldenPin_2024_03_609bee83_image_03e6cf.jpeg,https://storage.googleapis.com/goldenpin/award_work/list_image/2043/image_03e6cf.jpeg,https://goldenpin.org.tw/goldenpin/zh-TW/winners/#2024/comm/brand-identity,3627753,,@®©,,,2026-09-02T22:47:47,图包与字体包/图包/中文奖项/Golden Pin/sources.csv,4528b82f826794eaa3d44e45c36170bddfad3fc99680f7740f443871abb327d1,22,[]
source_a59c3b470635473504c3f259,Golden Pin,2024,,work_00d2d56cbf7c531772e97245,图包与字体包/图包/中文奖项/Golden Pin/2024/GoldenPin_2024_04_ea42c3a4_image_12f6f7.png,GoldenPin_2024_04_ea42c3a4_image_12f6f7.png,https://storage.googleapis.com/goldenpin/award_work/list_image/1913/image_12f6f7.png,https://goldenpin.org.tw/goldenpin/zh-TW/winners/#2024/comm/brand-identity,43530,,Stupid Stay,,,2026-09-02T22:47:49,图包与字体包/图包/中文奖项/Golden Pin/sources.csv,4528b82f826794eaa3d44e45c36170bddfad3fc99680f7740f443871abb327d1,23,[]
source_e678f70149d366c482e6e278,Golden Pin,2024,,work_eeab4d5730ecc2cc9f2b44b3,图包与字体包/图包/中文奖项/Golden Pin/2024/GoldenPin_2024_05_91f49174_image_512eea.jpeg,GoldenPin_2024_05_91f49174_image_512eea.jpeg,https://storage.googleapis.com/goldenpin/award_work/list_image/1918/image_512eea.jpeg,https://goldenpin.org.tw/goldenpin/zh-TW/winners/#2024/comm/brand-identity,284371,,Rebranding Beartai to BT Beartai,,,2026-09-02T22:47:52,图包与字体包/图包/中文奖项/Golden Pin/sources.csv,4528b82f826794eaa3d44e45c36170bddfad3fc99680f7740f443871abb327d1,24,[]
source_aabf236335417d3856aa9183,Golden Pin,2024,,work_7ed58ace87799295cf00ac54,图包与字体包/图包/中文奖项/Golden Pin/2024/GoldenPin_2024_06_d73f6f38_image_c36a17.jpeg,GoldenPin_2024_06_d73f6f38_image_c36a17.jpeg,https://storage.googleapis.com/goldenpin/award_work/list_image/1919/image_c36a17.jpeg,https://goldenpin.org.tw/goldenpin/zh-TW/winners/#2024/comm/brand-identity,3861320,,Franoe Rebranding,,,2026-09-02T22:48:01,图包与字体包/图包/中文奖项/Golden Pin/sources.csv,4528b82f826794eaa3d44e45c36170bddfad3fc99680f7740f443871abb327d1,25,[]
source_f4cabd541479fe1fbe464412,Golden Pin,2024,,work_abbf30dbcf50ea04422d27b1,图包与字体包/图包/中文奖项/Golden Pin/2024/GoldenPin_2024_07_6d736d68_image_1eae27.jpeg,GoldenPin_2024_07_6d736d68_image_1eae27.jpeg,https://storage.googleapis.com/goldenpin/award_work/list_image/1922/image_1eae27.jpeg,https://goldenpin.org.tw/goldenpin/zh-TW/winners/#2024/comm/brand-identity,3047285,,FLOWING CURRENT & WASTE LAND,,,2026-09-02T22:48:07,图包与字体包/图包/中文奖项/Golden Pin/sources.csv,4528b82f826794eaa3d44e45c36170bddfad3fc99680f7740f443871abb327d1,26,[]
source_511ba89247e7a68acd2e0b3f,Golden Pin,2024,,work_38f7da1d44099e7ad6195886,图包与字体包/图包/中文奖项/Golden Pin/2024/GoldenPin_2024_08_558c6e46_image_a6225b.jpeg,GoldenPin_2024_08_558c6e46_image_a6225b.jpeg,https://storage.googleapis.com/goldenpin/award_work/list_image/1924/image_a6225b.jpeg,https://goldenpin.org.tw/goldenpin/zh-TW/winners/#2024/comm/brand-identity,1150656,,BANGKOK DESIGN WEEK 2024,,,2026-09-02T22:48:11,图包与字体包/图包/中文奖项/Golden Pin/sources.csv,4528b82f826794eaa3d44e45c36170bddfad3fc99680f7740f443871abb327d1,27,[]
source_ed41329f411fcf80ff5cdf8a,Golden Pin,2024,,work_86c2d13ed0b6605fdecbcdea,图包与字体包/图包/中文奖项/Golden Pin/2024/GoldenPin_2024_09_656f49ef_image_1f5340.jpeg,GoldenPin_2024_09_656f49ef_image_1f5340.jpeg,https://storage.googleapis.com/goldenpin/award_work/list_image/1925/image_1f5340.jpeg,https://goldenpin.org.tw/goldenpin/zh-TW/winners/#2024/comm/brand-identity,2755840,,Architect Expo 2022 : CO-WITH CREATORS,,,2026-09-02T22:48:19,图包与字体包/图包/中文奖项/Golden Pin/sources.csv,4528b82f826794eaa3d44e45c36170bddfad3fc99680f7740f443871abb327d1,28,[]
source_1f7f6281cc7dea95bd4c630a,Golden Pin,2024,,work_5a6d94e1067de21fe3e382cb,图包与字体包/图包/中文奖项/Golden Pin/2024/GoldenPin_2024_10_af3fe1ab_image_88094d.png,GoldenPin_2024_10_af3fe1ab_image_88094d.png,https://storage.googleapis.com/goldenpin/award_work/list_image/1926/image_88094d.png,https://goldenpin.org.tw/goldenpin/zh-TW/winners/#2024/comm/brand-identity,1227042,,Identity System for Bangkok Metropolitan Administration (BMA),,,2026-09-02T22:48:23,图包与字体包/图包/中文奖项/Golden Pin/sources.csv,4528b82f826794eaa3d44e45c36170bddfad3fc99680f7740f443871abb327d1,29,[]
source_908260252b3e82652276fb70,Golden Pin,2024,,work_a7c83bef6de359365a5cf4f3,图包与字体包/图包/中文奖项/Golden Pin/2024/GoldenPin_2024_11_402cec97_image_8206eb.jpeg,GoldenPin_2024_11_402cec97_image_8206eb.jpeg,https://storage.googleapis.com/goldenpin/award_work/list_image/1931/image_8206eb.jpeg,https://goldenpin.org.tw/goldenpin/zh-TW/winners/#2024/comm/brand-identity,3110003,,Park Solo,,,2026-09-02T22:48:31,图包与字体包/图包/中文奖项/Golden Pin/sources.csv,4528b82f826794eaa3d44e45c36170bddfad3fc99680f7740f443871abb327d1,30,[]
source_e1ece67eba643b0810887b93,Golden Pin,2024,,work_d5794e6a63dae826c961c388,图包与字体包/图包/中文奖项/Golden Pin/2024/GoldenPin_2024_12_7c9e0014_image_e281c5.jpeg,GoldenPin_2024_12_7c9e0014_image_e281c5.jpeg,https://storage.googleapis.com/goldenpin/award_work/list_image/1932/image_e281c5.jpeg,https://goldenpin.org.tw/goldenpin/zh-TW/winners/#2024/comm/brand-identity,2968748,,Landscape of haven,,,2026-09-02T22:48:38,图包与字体包/图包/中文奖项/Golden Pin/sources.csv,4528b82f826794eaa3d44e45c36170bddfad3fc99680f7740f443871abb327d1,31,[]
source_fce7559f700602d11014b90d,Golden Pin,2024,,work_94f2d2f5c1392847e33fc4db,图包与字体包/图包/中文奖项/Golden Pin/2024/GoldenPin_2024_13_8f96a5b2_image_e1c646.jpeg,GoldenPin_2024_13_8f96a5b2_image_e1c646.jpeg,https://storage.googleapis.com/goldenpin/award_work/list_image/1933/image_e1c646.jpeg,https://goldenpin.org.tw/goldenpin/zh-TW/winners/#2024/comm/brand-identity,7811839,,On the Plain of Plenty,,,2026-09-02T22:48:48,图包与字体包/图包/中文奖项/Golden Pin/sources.csv,4528b82f826794eaa3d44e45c36170bddfad3fc99680f7740f443871abb327d1,32,[]
source_d9f10ec61ed3ddaddbfd9b68,Golden Pin,2024,,work_86929edc71726ad91688568b,图包与字体包/图包/中文奖项/Golden Pin/2024/GoldenPin_2024_14_f61211be_image_1ae0a9.jpeg,GoldenPin_2024_14_f61211be_image_1ae0a9.jpeg,https://storage.googleapis.com/goldenpin/award_work/list_image/1941/image_1ae0a9.jpeg,https://goldenpin.org.tw/goldenpin/zh-TW/winners/#2024/comm/brand-identity,148034,,“(CUA)rchitect” Exhibition Visual Identity,,,2026-09-02T22:48:51,图包与字体包/图包/中文奖项/Golden Pin/sources.csv,4528b82f826794eaa3d44e45c36170bddfad3fc99680f7740f443871abb327d1,33,[]
source_d4fa249965eaf21eb2aca003,Golden Pin,2024,,work_486c4abf89f0f84fed7615f8,图包与字体包/图包/中文奖项/Golden Pin/2024/GoldenPin_2024_15_f41f2fa7_image_6bdeaa.jpeg,GoldenPin_2024_15_f41f2fa7_image_6bdeaa.jpeg,https://storage.googleapis.com/goldenpin/award_work/list_image/1942/image_6bdeaa.jpeg,https://goldenpin.org.tw/goldenpin/zh-TW/winners/#2024/comm/brand-identity,171340,,HKU Faculty of Social Sciences Information Day for Undergraduate Admission 2023 Identity,,,2026-09-02T22:48:54,图包与字体包/图包/中文奖项/Golden Pin/sources.csv,4528b82f826794eaa3d44e45c36170bddfad3fc99680f7740f443871abb327d1,34,[]
source_91d1a76a6475024af17bdb50,Golden Pin,2024,,work_ed05b4855c07fce5d7eb4512,图包与字体包/图包/中文奖项/Golden Pin/2024/GoldenPin_2024_16_0266658c_image_7ba93d.jpeg,GoldenPin_2024_16_0266658c_image_7ba93d.jpeg,https://storage.googleapis.com/goldenpin/award_work/list_image/1951/image_7ba93d.jpeg,https://goldenpin.org.tw/goldenpin/zh-TW/winners/#2024/comm/brand-identity,4190101,,Kapihan,,,2026-09-02T22:49:02,图包与字体包/图包/中文奖项/Golden Pin/sources.csv,4528b82f826794eaa3d44e45c36170bddfad3fc99680f7740f443871abb327d1,35,[]
source_5bc65bb63062dd402e574e90,Golden Pin,2024,,work_a4ecefc156bc6bf0552ff545,图包与字体包/图包/中文奖项/Golden Pin/2024/GoldenPin_2024_17_5e0bd228_image_653dcc.jpeg,GoldenPin_2024_17_5e0bd228_image_653dcc.jpeg,https://storage.googleapis.com/goldenpin/award_work/list_image/1953/image_653dcc.jpeg,https://goldenpin.org.tw/goldenpin/zh-TW/winners/#2024/comm/brand-identity,3398817,,Coffee—Brand Identity,,,2026-09-02T22:49:07,图包与字体包/图包/中文奖项/Golden Pin/sources.csv,4528b82f826794eaa3d44e45c36170bddfad3fc99680f7740f443871abb327d1,36,[]
source_5bda46f3a5f95befdd621e96,Golden Pin,2024,,work_f6ee6877983c8a67b4312d4a,图包与字体包/图包/中文奖项/Golden Pin/2024/GoldenPin_2024_18_3fa57b7b_image_99b72f.jpeg,GoldenPin_2024_18_3fa57b7b_image_99b72f.jpeg,https://storage.googleapis.com/goldenpin/award_work/list_image/1955/image_99b72f.jpeg,https://goldenpin.org.tw/goldenpin/zh-TW/winners/#2024/comm/brand-identity,1145639,,The Nature Valley – the brand identity & packaging,,,2026-09-02T22:49:11,图包与字体包/图包/中文奖项/Golden Pin/sources.csv,4528b82f826794eaa3d44e45c36170bddfad3fc99680f7740f443871abb327d1,37,[]
source_aa80a4f65cef1b780446ef6e,Golden Pin,2025,,work_2f5a1fec016164d6fb6f4e70,图包与字体包/图包/中文奖项/Golden Pin/2025/GoldenPin_2025_01_1e51027f_image_fb0783.jpeg,GoldenPin_2025_01_1e51027f_image_fb0783.jpeg,https://storage.googleapis.com/goldenpin/award_work/list_image/2547/image_fb0783.jpeg,https://goldenpin.org.tw/goldenpin/zh-TW/winners/#2025/comm/brand-identity,3332456,,FUJIYA,,,2026-09-02T22:49:18,图包与字体包/图包/中文奖项/Golden Pin/sources.csv,4528b82f826794eaa3d44e45c36170bddfad3fc99680f7740f443871abb327d1,38,[]
source_05660fd1257bd8b285bd29e3,Golden Pin,2025,,work_63a618314fe81e7cae0ec0b2,图包与字体包/图包/中文奖项/Golden Pin/2025/GoldenPin_2025_02_28dfccb2_image_169ba0.jpeg,GoldenPin_2025_02_28dfccb2_image_169ba0.jpeg,https://storage.googleapis.com/goldenpin/award_work/list_image/2888/image_169ba0.jpeg,https://goldenpin.org.tw/goldenpin/zh-TW/winners/#2025/comm/brand-identity,2106799,,2025 YODEX : Preferred Future — Exhibition Identity Design,,,2026-09-02T22:49:23,图包与字体包/图包/中文奖项/Golden Pin/sources.csv,4528b82f826794eaa3d44e45c36170bddfad3fc99680f7740f443871abb327d1,39,[]
source_54e8b9d121daa4fa950e51d6,Golden Pin,2025,,work_94a6898d0af99c6cd62a2c88,图包与字体包/图包/中文奖项/Golden Pin/2025/GoldenPin_2025_03_fa9fb4c1_image_b273f7.jpeg,GoldenPin_2025_03_fa9fb4c1_image_b273f7.jpeg,https://storage.googleapis.com/goldenpin/award_work/list_image/2460/image_b273f7.jpeg,https://goldenpin.org.tw/goldenpin/zh-TW/winners/#2025/comm/brand-identity,4030846,,Guide to filming in Hong Kong,,,2026-09-02T22:49:29,图包与字体包/图包/中文奖项/Golden Pin/sources.csv,4528b82f826794eaa3d44e45c36170bddfad3fc99680f7740f443871abb327d1,40,[]
source_0865e05da5faed49e67d2d33,Golden Pin,2025,,work_2632f89ae8ca631f2d554f7c,图包与字体包/图包/中文奖项/Golden Pin/2025/GoldenPin_2025_04_67e2d7c1_image_252fe1.jpeg,GoldenPin_2025_04_67e2d7c1_image_252fe1.jpeg,https://storage.googleapis.com/goldenpin/award_work/list_image/2461/image_252fe1.jpeg,https://goldenpin.org.tw/goldenpin/zh-TW/winners/#2025/comm/brand-identity,1488662,,Minna no Tsukemono,,,2026-09-02T22:49:33,图包与字体包/图包/中文奖项/Golden Pin/sources.csv,4528b82f826794eaa3d44e45c36170bddfad3fc99680f7740f443871abb327d1,41,[]
source_3c755a589801e96cb85b63d3,Golden Pin,2025,,work_e6ea7c55e09defc535ffe425,图包与字体包/图包/中文奖项/Golden Pin/2025/GoldenPin_2025_05_c129c4b2_image_436ed9.jpeg,GoldenPin_2025_05_c129c4b2_image_436ed9.jpeg,https://storage.googleapis.com/goldenpin/award_work/list_image/2463/image_436ed9.jpeg,https://goldenpin.org.tw/goldenpin/zh-TW/winners/#2025/comm/brand-identity,2517356,,oi! spotlight: The Golden Realm by Toyofuku,,,2026-09-02T22:49:38,图包与字体包/图包/中文奖项/Golden Pin/sources.csv,4528b82f826794eaa3d44e45c36170bddfad3fc99680f7740f443871abb327d1,42,[]
source_85fd973fc684941f25c4e7bc,Golden Pin,2025,,work_509acb3d97c09653f086f027,图包与字体包/图包/中文奖项/Golden Pin/2025/GoldenPin_2025_06_10b799ca_image_280775.jpeg,GoldenPin_2025_06_10b799ca_image_280775.jpeg,https://storage.googleapis.com/goldenpin/award_work/list_image/2467/image_280775.jpeg,https://goldenpin.org.tw/goldenpin/zh-TW/winners/#2025/comm/brand-identity,569827,,Ateli – A Human-Centered Identity for Community-Focused Housing,,,2026-09-02T22:49:42,图包与字体包/图包/中文奖项/Golden Pin/sources.csv,4528b82f826794eaa3d44e45c36170bddfad3fc99680f7740f443871abb327d1,43,[]
source_59b414664796b28bed7608e1,Golden Pin,2025,,work_ba584dfa1dc3d255c5fc48b4,图包与字体包/图包/中文奖项/Golden Pin/2025/GoldenPin_2025_07_36be7c7e_image_c21405.jpeg,GoldenPin_2025_07_36be7c7e_image_c21405.jpeg,https://storage.googleapis.com/goldenpin/award_work/list_image/2468/image_c21405.jpeg,https://goldenpin.org.tw/goldenpin/zh-TW/winners/#2025/comm/brand-identity,1935345,,CLEAN CITY GDANSK,,,2026-09-02T22:49:48,图包与字体包/图包/中文奖项/Golden Pin/sources.csv,4528b82f826794eaa3d44e45c36170bddfad3fc99680f7740f443871abb327d1,44,[]
source_211ba248ef08f9efe9b817f7,Golden Pin,2025,,work_b63dd739c7cc401778f7b2d4,图包与字体包/图包/中文奖项/Golden Pin/2025/GoldenPin_2025_08_f7493458_image_276ea4.jpeg,GoldenPin_2025_08_f7493458_image_276ea4.jpeg,https://storage.googleapis.com/goldenpin/award_work/list_image/2472/image_276ea4.jpeg,https://goldenpin.org.tw/goldenpin/zh-TW/winners/#2025/comm/brand-identity,164727,,Hanlin Rebranding,,,2026-09-02T22:49:51,图包与字体包/图包/中文奖项/Golden Pin/sources.csv,4528b82f826794eaa3d44e45c36170bddfad3fc99680f7740f443871abb327d1,45,[]
source_2091f84c702773ad1ccea1ae,Golden Pin,2025,,work_ef94acc5c5d4aef168b82a18,图包与字体包/图包/中文奖项/Golden Pin/2025/GoldenPin_2025_09_97ea6c90_image_e77c52.jpeg,GoldenPin_2025_09_97ea6c90_image_e77c52.jpeg,https://storage.googleapis.com/goldenpin/award_work/list_image/2473/image_e77c52.jpeg,https://goldenpin.org.tw/goldenpin/zh-TW/winners/#2025/comm/brand-identity,125747,,Visual Identity for the Taichung Green Museumbrary (Taichung Public Library + Taichung Art Museum),,,2026-09-02T22:49:53,图包与字体包/图包/中文奖项/Golden Pin/sources.csv,4528b82f826794eaa3d44e45c36170bddfad3fc99680f7740f443871abb327d1,46,[]
source_88932431236b80a88d6150f5,Golden Pin,2025,,work_1984829a62da39e107cd75fa,图包与字体包/图包/中文奖项/Golden Pin/2025/GoldenPin_2025_10_01511b66_image_af1a63.jpeg,GoldenPin_2025_10_01511b66_image_af1a63.jpeg,https://storage.googleapis.com/goldenpin/award_work/list_image/2474/image_af1a63.jpeg,https://goldenpin.org.tw/goldenpin/zh-TW/winners/#2025/comm/brand-identity,2431559,,Bau-Jie Agarwood Brand Design,,,2026-09-02T22:50:01,图包与字体包/图包/中文奖项/Golden Pin/sources.csv,4528b82f826794eaa3d44e45c36170bddfad3fc99680f7740f443871abb327d1,47,[]
source_fc2b9dc6e800ca0b8119ba0e,Golden Pin,2025,,work_67106a3d766708f0b99cee46,图包与字体包/图包/中文奖项/Golden Pin/2025/GoldenPin_2025_11_f8e9fdf5_image_8ed56f.jpeg,GoldenPin_2025_11_f8e9fdf5_image_8ed56f.jpeg,https://storage.googleapis.com/goldenpin/award_work/list_image/2476/image_8ed56f.jpeg,https://goldenpin.org.tw/goldenpin/zh-TW/winners/#2025/comm/brand-identity,5342535,,ZenU Design Rebranding,,,2026-09-02T22:50:07,图包与字体包/图包/中文奖项/Golden Pin/sources.csv,4528b82f826794eaa3d44e45c36170bddfad3fc99680f7740f443871abb327d1,48,[]
source_dd9d41d8f2057a84b764f1f7,Golden Pin,2025,,work_eeab6703596c1eaa13c90480,图包与字体包/图包/中文奖项/Golden Pin/2025/GoldenPin_2025_12_04bf128d_image_f6fc0f.jpeg,GoldenPin_2025_12_04bf128d_image_f6fc0f.jpeg,https://storage.googleapis.com/goldenpin/award_work/list_image/2477/image_f6fc0f.jpeg,https://goldenpin.org.tw/goldenpin/zh-TW/winners/#2025/comm/brand-identity,4724027,,Terzo Brand Design,,,2026-09-02T22:50:15,图包与字体包/图包/中文奖项/Golden Pin/sources.csv,4528b82f826794eaa3d44e45c36170bddfad3fc99680f7740f443871abb327d1,49,[]
source_d928cc374ecc0d9d1f9865f1,Golden Pin,2025,,work_371fec785389aa5775c474e7,图包与字体包/图包/中文奖项/Golden Pin/2025/GoldenPin_2025_13_1847786d_image_0d0470.jpeg,GoldenPin_2025_13_1847786d_image_0d0470.jpeg,https://storage.googleapis.com/goldenpin/award_work/list_image/2478/image_0d0470.jpeg,https://goldenpin.org.tw/goldenpin/zh-TW/winners/#2025/comm/brand-identity,3465217,,Astre Dental,,,2026-09-02T22:50:20,图包与字体包/图包/中文奖项/Golden Pin/sources.csv,4528b82f826794eaa3d44e45c36170bddfad3fc99680f7740f443871abb327d1,50,[]
source_19c3f8cf93f7ff9279b9ea46,Golden Pin,2025,,work_2af594ed5484634f77df21a9,图包与字体包/图包/中文奖项/Golden Pin/2025/GoldenPin_2025_14_a0b79f4f_image_e82d58.jpeg,GoldenPin_2025_14_a0b79f4f_image_e82d58.jpeg,https://storage.googleapis.com/goldenpin/award_work/list_image/2479/image_e82d58.jpeg,https://goldenpin.org.tw/goldenpin/zh-TW/winners/#2025/comm/brand-identity,4256251,,Molecure Branding,,,2026-09-02T22:50:29,图包与字体包/图包/中文奖项/Golden Pin/sources.csv,4528b82f826794eaa3d44e45c36170bddfad3fc99680f7740f443871abb327d1,51,[]
source_2c3d326ccbebad8e571fbaf9,Golden Pin,2025,,work_7c6b71370fccfe96d3482243,图包与字体包/图包/中文奖项/Golden Pin/2025/GoldenPin_2025_15_60f20e39_image_9ba205.jpeg,GoldenPin_2025_15_60f20e39_image_9ba205.jpeg,https://storage.googleapis.com/goldenpin/award_work/list_image/2480/image_9ba205.jpeg,https://goldenpin.org.tw/goldenpin/zh-TW/winners/#2025/comm/brand-identity,4768882,,Future Gelato_Visual Packaging,,,2026-09-02T22:50:37,图包与字体包/图包/中文奖项/Golden Pin/sources.csv,4528b82f826794eaa3d44e45c36170bddfad3fc99680f7740f443871abb327d1,52,[]
source_4aa859da9f1666ad787d4ee0,Golden Pin,2025,,work_7c2b805e4a6cf8a3af1a8a0e,图包与字体包/图包/中文奖项/Golden Pin/2025/GoldenPin_2025_16_32efd78c_image_72c7d5.jpeg,GoldenPin_2025_16_32efd78c_image_72c7d5.jpeg,https://storage.googleapis.com/goldenpin/award_work/list_image/2481/image_72c7d5.jpeg,https://goldenpin.org.tw/goldenpin/zh-TW/winners/#2025/comm/brand-identity,1916353,,Taiwanese Roadside Banquet,,,2026-09-02T22:50:41,图包与字体包/图包/中文奖项/Golden Pin/sources.csv,4528b82f826794eaa3d44e45c36170bddfad3fc99680f7740f443871abb327d1,53,[]
source_4fae3dd9ead16bec945747dd,Golden Pin,2025,,work_fdc1e085e05ee51ea4aaf3c5,图包与字体包/图包/中文奖项/Golden Pin/2025/GoldenPin_2025_17_d8ecb719_image_bbfcfc.jpeg,GoldenPin_2025_17_d8ecb719_image_bbfcfc.jpeg,https://storage.googleapis.com/goldenpin/award_work/list_image/2482/image_bbfcfc.jpeg,https://goldenpin.org.tw/goldenpin/zh-TW/winners/#2025/comm/brand-identity,5000787,,MUSEUM STORE | Yingge Ceramics Museum,,,2026-09-02T22:50:48,图包与字体包/图包/中文奖项/Golden Pin/sources.csv,4528b82f826794eaa3d44e45c36170bddfad3fc99680f7740f443871abb327d1,54,[]
source_e7fbd513052e5e7cfaae320d,Golden Pin,2025,,work_0214c9cff673ab5fe8ce7963,图包与字体包/图包/中文奖项/Golden Pin/2025/GoldenPin_2025_18_7c4c557c_image_dcac9d.jpeg,GoldenPin_2025_18_7c4c557c_image_dcac9d.jpeg,https://storage.googleapis.com/goldenpin/award_work/list_image/2483/image_dcac9d.jpeg,https://goldenpin.org.tw/goldenpin/zh-TW/winners/#2025/comm/brand-identity,1568241,,KYOKU HAKU Visual Identity and Fabric Pattern Integration,,,2026-09-02T22:50:53,图包与字体包/图包/中文奖项/Golden Pin/sources.csv,4528b82f826794eaa3d44e45c36170bddfad3fc99680f7740f443871abb327d1,55,[]
source_fb2adefd555633c54703f5ce,Golden Pin,2022,,work_3f0c148338f64860060b515a,图包与字体包/图包/中文奖项/Golden Pin/2022/GoldenPin_2022_01_e16cc567_6b3021ee61bfdef34133913145ee1b91.jpg,GoldenPin_2022_01_e16cc567_6b3021ee61bfdef34133913145ee1b91.jpg,https://storage.googleapis.com/goldenpin/award_work/list_image/415/6b3021ee61bfdef34133913145ee1b91.jpg,https://goldenpin.org.tw/goldenpin/zh-TW/winners/#2022/comm/brand-identity,1228555,,HELLO I AM Z WAVE,,,2026-09-02T22:52:12,图包与字体包/图包/中文奖项/Golden Pin/sources.csv,4528b82f826794eaa3d44e45c36170bddfad3fc99680f7740f443871abb327d1,56,[]
source_5dbc5c1159c75a7ac48323dc,Golden Pin,2022,,work_8c824003b5b2e14a5e393171,图包与字体包/图包/中文奖项/Golden Pin/2022/GoldenPin_2022_02_42aecbd7_list_image.jpeg,GoldenPin_2022_02_42aecbd7_list_image.jpeg,https://storage.googleapis.com/goldenpin/award_work/list_image/414/list_image.jpeg,https://goldenpin.org.tw/goldenpin/zh-TW/winners/#2022/comm/brand-identity,2138162,,Enjoy the Night,,,2026-09-02T22:52:17,图包与字体包/图包/中文奖项/Golden Pin/sources.csv,4528b82f826794eaa3d44e45c36170bddfad3fc99680f7740f443871abb327d1,57,[]
source_bcda1f25505761b822f35730,Golden Pin,2022,,work_55d45db297e4a073ccc097e0,图包与字体包/图包/中文奖项/Golden Pin/2022/GoldenPin_2022_03_d8614abb_259440e193294a2fb5e21d5702daaf51.jpg,GoldenPin_2022_03_d8614abb_259440e193294a2fb5e21d5702daaf51.jpg,https://storage.googleapis.com/goldenpin/award_work/list_image/413/259440e193294a2fb5e21d5702daaf51.jpg,https://goldenpin.org.tw/goldenpin/zh-TW/winners/#2022/comm/brand-identity,1541039,,Pinghu Economic Development Zone Kindergarten,,,2026-09-02T22:52:21,图包与字体包/图包/中文奖项/Golden Pin/sources.csv,4528b82f826794eaa3d44e45c36170bddfad3fc99680f7740f443871abb327d1,58,[]
source_3c13f980f4fa78d825f513d6,Golden Pin,2022,,work_b4db5a1612abce05acff8052,图包与字体包/图包/中文奖项/Golden Pin/2022/GoldenPin_2022_04_91587fc5_2e05bf1b9680006d9c135bf28f803993.jpg,GoldenPin_2022_04_91587fc5_2e05bf1b9680006d9c135bf28f803993.jpg,https://storage.googleapis.com/goldenpin/award_work/list_image/412/2e05bf1b9680006d9c135bf28f803993.jpg,https://goldenpin.org.tw/goldenpin/zh-TW/winners/#2022/comm/brand-identity,3713078,,Technical City - visual identity system,,,2026-09-02T22:52:27,图包与字体包/图包/中文奖项/Golden Pin/sources.csv,4528b82f826794eaa3d44e45c36170bddfad3fc99680f7740f443871abb327d1,59,[]
source_8b523a99dd72dc12c27eab06,Golden Pin,2022,,work_ff9f43f3fd1ac717ae86e2ad,图包与字体包/图包/中文奖项/Golden Pin/2022/GoldenPin_2022_05_23940807_1fa8176e8d8d02f5b5478836adec5930.jpg,GoldenPin_2022_05_23940807_1fa8176e8d8d02f5b5478836adec5930.jpg,https://storage.googleapis.com/goldenpin/award_work/list_image/411/1fa8176e8d8d02f5b5478836adec5930.jpg,https://goldenpin.org.tw/goldenpin/zh-TW/winners/#2022/comm/brand-identity,4268588,,RE:RISO Naughty Roll Featured Works Exhibiton,,,2026-09-02T22:52:36,图包与字体包/图包/中文奖项/Golden Pin/sources.csv,4528b82f826794eaa3d44e45c36170bddfad3fc99680f7740f443871abb327d1,60,[]
source_148ed98a38e7382f7741cdd8,Golden Pin,2022,,work_914049dabf83285db80d742a,图包与字体包/图包/中文奖项/Golden Pin/2022/GoldenPin_2022_06_90cd8428_22b3fd827700dcd785ef600a31b7ceda.jpg,GoldenPin_2022_06_90cd8428_22b3fd827700dcd785ef600a31b7ceda.jpg,https://storage.googleapis.com/goldenpin/award_work/list_image/410/22b3fd827700dcd785ef600a31b7ceda.jpg,https://goldenpin.org.tw/goldenpin/zh-TW/winners/#2022/comm/brand-identity,2674794,,MACAO DESIGN WEEK 2021,,,2026-09-02T22:52:42,图包与字体包/图包/中文奖项/Golden Pin/sources.csv,4528b82f826794eaa3d44e45c36170bddfad3fc99680f7740f443871abb327d1,61,[]
source_f8b2a0fb54fcff024dcdce68,Golden Pin,2022,,work_46e0d86d5d40e1dc5dd118f8,图包与字体包/图包/中文奖项/Golden Pin/2022/GoldenPin_2022_07_cc7c220c_0e87fdbb66f4c8b9ac16ed9bae7ddfb1.jpg,GoldenPin_2022_07_cc7c220c_0e87fdbb66f4c8b9ac16ed9bae7ddfb1.jpg,https://storage.googleapis.com/goldenpin/award_work/list_image/409/0e87fdbb66f4c8b9ac16ed9bae7ddfb1.jpg,https://goldenpin.org.tw/goldenpin/zh-TW/winners/#2022/comm/brand-identity,320704,,VVG VILLAGE BAZAAR BRAND IDENTITY,,,2026-09-02T22:52:45,图包与字体包/图包/中文奖项/Golden Pin/sources.csv,4528b82f826794eaa3d44e45c36170bddfad3fc99680f7740f443871abb327d1,62,[]
source_d101da3a7dc5c240f676a060,Golden Pin,2022,,work_401fbb0f832f195459f4dd47,图包与字体包/图包/中文奖项/Golden Pin/2022/GoldenPin_2022_08_877b92e9_0095eacf02a5ed91f084b57f69334d73.jpg,GoldenPin_2022_08_877b92e9_0095eacf02a5ed91f084b57f69334d73.jpg,https://storage.googleapis.com/goldenpin/award_work/list_image/407/0095eacf02a5ed91f084b57f69334d73.jpg,https://goldenpin.org.tw/goldenpin/zh-TW/winners/#2022/comm/brand-identity,4572146,,Taitung Mambo Project,,,2026-09-02T22:52:53,图包与字体包/图包/中文奖项/Golden Pin/sources.csv,4528b82f826794eaa3d44e45c36170bddfad3fc99680f7740f443871abb327d1,63,[]
source_904a58f35c2a4ebd2e59727a,Golden Pin,2022,,work_c4bafe64d2777221a9ae540b,图包与字体包/图包/中文奖项/Golden Pin/2022/GoldenPin_2022_09_75de342c_cbbf06f1e16001912e003a8ba3ed43bb.jpg,GoldenPin_2022_09_75de342c_cbbf06f1e16001912e003a8ba3ed43bb.jpg,https://storage.googleapis.com/goldenpin/award_work/list_image/406/cbbf06f1e16001912e003a8ba3ed43bb.jpg,https://goldenpin.org.tw/goldenpin/zh-TW/winners/#2022/comm/brand-identity,359640,,AOKKA VISUAL IDENTITY AND PACKAGING,,,2026-09-02T22:52:57,图包与字体包/图包/中文奖项/Golden Pin/sources.csv,4528b82f826794eaa3d44e45c36170bddfad3fc99680f7740f443871abb327d1,64,[]
source_db1be8c9a28b793ca6bc8a7e,Golden Pin,2022,,work_b817642f37b0682b513f5e48,图包与字体包/图包/中文奖项/Golden Pin/2022/GoldenPin_2022_10_c7529d59_01c9b51e7f0d6aa45e5fa7639962981e.jpg,GoldenPin_2022_10_c7529d59_01c9b51e7f0d6aa45e5fa7639962981e.jpg,https://storage.googleapis.com/goldenpin/award_work/list_image/405/01c9b51e7f0d6aa45e5fa7639962981e.jpg,https://goldenpin.org.tw/goldenpin/zh-TW/winners/#2022/comm/brand-identity,884321,,BREADROCKS,,,2026-09-02T22:53:01,图包与字体包/图包/中文奖项/Golden Pin/sources.csv,4528b82f826794eaa3d44e45c36170bddfad3fc99680f7740f443871abb327d1,65,[]
source_3af813fbdf5598a16774f4d3,Golden Pin,2022,,work_360fbbb4a0382bac860a4eca,图包与字体包/图包/中文奖项/Golden Pin/2022/GoldenPin_2022_11_970cedbc_285b668352c863e0430e424372bc3ea7.jpg,GoldenPin_2022_11_970cedbc_285b668352c863e0430e424372bc3ea7.jpg,https://storage.googleapis.com/goldenpin/award_work/list_image/404/285b668352c863e0430e424372bc3ea7.jpg,https://goldenpin.org.tw/goldenpin/zh-TW/winners/#2022/comm/brand-identity,3116006,,FEEEEL MACAU 2021,,,2026-09-02T22:53:08,图包与字体包/图包/中文奖项/Golden Pin/sources.csv,4528b82f826794eaa3d44e45c36170bddfad3fc99680f7740f443871abb327d1,66,[]
source_a7d187fa4708671008d3b3c6,Golden Pin,2022,,work_e0d0aa50f46f1d52d08b4c6c,图包与字体包/图包/中文奖项/Golden Pin/2022/GoldenPin_2022_12_87433597_1f9c1ddaa2605ef7bbd2715b221d5df3.jpg,GoldenPin_2022_12_87433597_1f9c1ddaa2605ef7bbd2715b221d5df3.jpg,https://storage.googleapis.com/goldenpin/award_work/list_image/403/1f9c1ddaa2605ef7bbd2715b221d5df3.jpg,https://goldenpin.org.tw/goldenpin/zh-TW/winners/#2022/comm/brand-identity,4639690,,The unbearable lightness,,,2026-09-02T22:53:17,图包与字体包/图包/中文奖项/Golden Pin/sources.csv,4528b82f826794eaa3d44e45c36170bddfad3fc99680f7740f443871abb327d1,67,[]
source_a9517cf06dea3047f9d0c581,Golden Pin,2022,,work_58d301e53ed51d276b63dc18,图包与字体包/图包/中文奖项/Golden Pin/2022/GoldenPin_2022_13_d2b92b79_0741a00f307d84a715abc3ce1e559dab.jpg,GoldenPin_2022_13_d2b92b79_0741a00f307d84a715abc3ce1e559dab.jpg,https://storage.googleapis.com/goldenpin/award_work/list_image/402/0741a00f307d84a715abc3ce1e559dab.jpg,https://goldenpin.org.tw/goldenpin/zh-TW/winners/#2022/comm/brand-identity,1753876,,PAUSE - Chan Po Fung's Metalsmith Solo Exhibition,,,2026-09-02T22:53:24,图包与字体包/图包/中文奖项/Golden Pin/sources.csv,4528b82f826794eaa3d44e45c36170bddfad3fc99680f7740f443871abb327d1,68,[]
source_162624b7a3807b3c534e3eb3,Golden Pin,2022,,work_93c75aff0d0d9675f777ae78,图包与字体包/图包/中文奖项/Golden Pin/2022/GoldenPin_2022_14_75414269_1c7e862f8f888e82b0c6044d28e87330.jpg,GoldenPin_2022_14_75414269_1c7e862f8f888e82b0c6044d28e87330.jpg,https://storage.googleapis.com/goldenpin/award_work/list_image/401/1c7e862f8f888e82b0c6044d28e87330.jpg,https://goldenpin.org.tw/goldenpin/zh-TW/winners/#2022/comm/brand-identity,2247924,,ONE TEA ROOM,,,2026-09-02T22:53:29,图包与字体包/图包/中文奖项/Golden Pin/sources.csv,4528b82f826794eaa3d44e45c36170bddfad3fc99680f7740f443871abb327d1,69,[]
source_9962089a61ba9df28d3381b8,Golden Pin,2022,,work_1f50507975d5c9505a77da68,图包与字体包/图包/中文奖项/Golden Pin/2022/GoldenPin_2022_15_c684d206_30c9b02ad40cfca9a4ab9e5de1c9c299.jpg,GoldenPin_2022_15_c684d206_30c9b02ad40cfca9a4ab9e5de1c9c299.jpg,https://storage.googleapis.com/goldenpin/award_work/list_image/400/30c9b02ad40cfca9a4ab9e5de1c9c299.jpg,https://goldenpin.org.tw/goldenpin/zh-TW/winners/#2022/comm/brand-identity,201256,,"Taiwan National Day 2021 Key Visual: Major League Democracy, Befriending the World",,,2026-09-02T22:53:33,图包与字体包/图包/中文奖项/Golden Pin/sources.csv,4528b82f826794eaa3d44e45c36170bddfad3fc99680f7740f443871abb327d1,70,[]
source_608e5cc746f2da7efe33f435,Golden Pin,2022,,work_81d2ad4b18a6977a99695368,图包与字体包/图包/中文奖项/Golden Pin/2022/GoldenPin_2022_16_61ee0d87_42672e3c73aec1313bc69a3e103abf44.jpg,GoldenPin_2022_16_61ee0d87_42672e3c73aec1313bc69a3e103abf44.jpg,https://storage.googleapis.com/goldenpin/award_work/list_image/399/42672e3c73aec1313bc69a3e103abf44.jpg,https://goldenpin.org.tw/goldenpin/zh-TW/winners/#2022/comm/brand-identity,5009586,,Lamma Mia,,,2026-09-02T22:53:41,图包与字体包/图包/中文奖项/Golden Pin/sources.csv,4528b82f826794eaa3d44e45c36170bddfad3fc99680f7740f443871abb327d1,71,[]
source_057ea0150ccfcb294fe976ff,Golden Pin,2022,,work_0a5c32ee92e7acb74b7e86b7,图包与字体包/图包/中文奖项/Golden Pin/2022/GoldenPin_2022_17_1d2963a8_0000cf84ea8d09b120c273fbd29dc4c9.jpg,GoldenPin_2022_17_1d2963a8_0000cf84ea8d09b120c273fbd29dc4c9.jpg,https://storage.googleapis.com/goldenpin/award_work/list_image/398/0000cf84ea8d09b120c273fbd29dc4c9.jpg,https://goldenpin.org.tw/goldenpin/zh-TW/winners/#2022/comm/brand-identity,907331,,Alishan Forest Railway,,,2026-09-02T22:53:45,图包与字体包/图包/中文奖项/Golden Pin/sources.csv,4528b82f826794eaa3d44e45c36170bddfad3fc99680f7740f443871abb327d1,72,[]
source_0a07becf61364da9bb40bdb1,Golden Pin,2022,,work_5030759aa265fc6bc162c4bd,图包与字体包/图包/中文奖项/Golden Pin/2022/GoldenPin_2022_18_31a80d58_5322ea1f4c7222041c4494c2a28e8b6e.jpg,GoldenPin_2022_18_31a80d58_5322ea1f4c7222041c4494c2a28e8b6e.jpg,https://storage.googleapis.com/goldenpin/award_work/list_image/397/5322ea1f4c7222041c4494c2a28e8b6e.jpg,https://goldenpin.org.tw/goldenpin/zh-TW/winners/#2022/comm/brand-identity,4003180,,Satellite Exhibitions,,,2026-09-02T22:53:52,图包与字体包/图包/中文奖项/Golden Pin/sources.csv,4528b82f826794eaa3d44e45c36170bddfad3fc99680f7740f443871abb327d1,73,[]
source_aa5db653fccf09a6eaaee3a3,GDC,2023,bo8,work_18e447054a3ddf3be8eb1f49,,GDC_2023_01_9e27a122_40973cb0933f2e52aa224bf98507e5eb.webp,https://www.gdcaward.com/media/tmp/webp/detail/40973cb0933f2e52aa224bf98507e5eb.webp,https://www.gdcaward.com/op/before_works/detail?id=748&bo=8&lang=cn,12298,,GDC_2023_01_9e27a122_40973cb0933f2e52aa224bf98507e5eb.webp,,,2026-09-02T23:09:59,图包与字体包/图包/中文奖项/GDC/sources.csv,9361bf76d9648e50b208fc40e9c6f64c62d633fd9449521cc8f6b68bad2657b7,2,[]
source_3d6b5f4fa8b332e7e24b1eb8,GDC,2023,bo8,work_18e447054a3ddf3be8eb1f49,,GDC_2023_02_1fe9c81b_b661b48258baf0a6de9d3a8bd3c0d6d6.webp,https://www.gdcaward.com/media/tmp/webp/detail/b661b48258baf0a6de9d3a8bd3c0d6d6.webp,https://www.gdcaward.com/op/before_works/detail?id=748&bo=8&lang=cn,31062,,GDC_2023_02_1fe9c81b_b661b48258baf0a6de9d3a8bd3c0d6d6.webp,,,2026-09-02T23:10:00,图包与字体包/图包/中文奖项/GDC/sources.csv,9361bf76d9648e50b208fc40e9c6f64c62d633fd9449521cc8f6b68bad2657b7,3,[]
source_fb73c1c1cc6a059662459e8a,GDC,2023,bo8,work_0b6ab0c1e78770d850ebd943,,GDC_2023_01_d9f8ca86_5f5e83d55212ba202316ebc5e7b856f2.webp,https://www.gdcaward.com/media/tmp/webp/detail/5f5e83d55212ba202316ebc5e7b856f2.webp,https://www.gdcaward.com/op/before_works/detail?id=750&bo=8&lang=cn,56968,,GDC_2023_01_d9f8ca86_5f5e83d55212ba202316ebc5e7b856f2.webp,,,2026-09-02T23:10:35,图包与字体包/图包/中文奖项/GDC/sources.csv,9361bf76d9648e50b208fc40e9c6f64c62d633fd9449521cc8f6b68bad2657b7,4,[]
source_7384c0d4fa6c6057a12cba70,GDC,2023,bo8,work_0b6ab0c1e78770d850ebd943,,GDC_2023_02_1d71f0c3_92b44f7c0bab371855c8da559397e685.webp,https://www.gdcaward.com/media/tmp/webp/detail/92b44f7c0bab371855c8da559397e685.webp,https://www.gdcaward.com/op/before_works/detail?id=750&bo=8&lang=cn,16918,,GDC_2023_02_1d71f0c3_92b44f7c0bab371855c8da559397e685.webp,,,2026-09-02T23:10:36,图包与字体包/图包/中文奖项/GDC/sources.csv,9361bf76d9648e50b208fc40e9c6f64c62d633fd9449521cc8f6b68bad2657b7,5,[]
source_3202a79e3e759aaa5046c69d,GDC,2023,bo8,work_c9d1f49ead2639e9d578f91b,,GDC_2023_01_27afd559_293cb5300e283da556cbcd16a0dbc2e9.webp,https://www.gdcaward.com/media/tmp/webp/detail/293cb5300e283da556cbcd16a0dbc2e9.webp,https://www.gdcaward.com/op/before_works/detail?id=752&bo=8&lang=cn,64000,,GDC_2023_01_27afd559_293cb5300e283da556cbcd16a0dbc2e9.webp,,,2026-09-02T23:10:44,图包与字体包/图包/中文奖项/GDC/sources.csv,9361bf76d9648e50b208fc40e9c6f64c62d633fd9449521cc8f6b68bad2657b7,6,[]
source_8aa999922bdb442b9b80f37c,GDC,2023,bo8,work_c9d1f49ead2639e9d578f91b,,GDC_2023_02_b5d7aff5_361a169e0a9d12e75f2dfd272223fd72.webp,https://www.gdcaward.com/media/tmp/webp/detail/361a169e0a9d12e75f2dfd272223fd72.webp,https://www.gdcaward.com/op/before_works/detail?id=752&bo=8&lang=cn,10130,,GDC_2023_02_b5d7aff5_361a169e0a9d12e75f2dfd272223fd72.webp,,,2026-09-02T23:10:44,图包与字体包/图包/中文奖项/GDC/sources.csv,9361bf76d9648e50b208fc40e9c6f64c62d633fd9449521cc8f6b68bad2657b7,7,[]
source_9ab19e6bda470380d51effaf,GDC,2023,bo8,work_cb6d959709fba392d290cc9b,,GDC_2023_01_689c62bd_0726ad9bcaaf6aaa23568b145399514e.webp,https://www.gdcaward.com/media/tmp/webp/detail/0726ad9bcaaf6aaa23568b145399514e.webp,https://www.gdcaward.com/op/before_works/detail?id=753&bo=8&lang=cn,267678,,GDC_2023_01_689c62bd_0726ad9bcaaf6aaa23568b145399514e.webp,,,2026-09-02T23:10:53,图包与字体包/图包/中文奖项/GDC/sources.csv,9361bf76d9648e50b208fc40e9c6f64c62d633fd9449521cc8f6b68bad2657b7,8,[]
source_4e4ba0d059a75a41c11d1320,GDC,2023,bo8,work_cb6d959709fba392d290cc9b,图包与字体包/图包/中文奖项/GDC/2023/GDC_2023_02_c581dd20_2e58bb0332756d6e0e0f0824fb9359be.webp,GDC_2023_02_c581dd20_2e58bb0332756d6e0e0f0824fb9359be.webp,https://www.gdcaward.com/media/tmp/webp/detail/2e58bb0332756d6e0e0f0824fb9359be.webp,https://www.gdcaward.com/op/before_works/detail?id=753&bo=8&lang=cn,90346,,GDC_2023_02_c581dd20_2e58bb0332756d6e0e0f0824fb9359be.webp,,,2026-09-02T23:10:55,图包与字体包/图包/中文奖项/GDC/sources.csv,9361bf76d9648e50b208fc40e9c6f64c62d633fd9449521cc8f6b68bad2657b7,9,[]
source_80542031f9a7c95061d54cad,GDC,2023,bo8,work_064beeed930b3ee289409b09,图包与字体包/图包/中文奖项/GDC/2023/GDC_2023_01_b764a427_06e7875845a74b2398bbe37491c71aba.webp,GDC_2023_01_b764a427_06e7875845a74b2398bbe37491c71aba.webp,https://www.gdcaward.com/media/tmp/webp/detail/06e7875845a74b2398bbe37491c71aba.webp,https://www.gdcaward.com/op/before_works/detail?id=754&bo=8&lang=cn,40814,,GDC_2023_01_b764a427_06e7875845a74b2398bbe37491c71aba.webp,,,2026-09-02T23:11:02,图包与字体包/图包/中文奖项/GDC/sources.csv,9361bf76d9648e50b208fc40e9c6f64c62d633fd9449521cc8f6b68bad2657b7,10,[]
source_83928cd0fa50b0d87af78150,GDC,2023,bo8,work_064beeed930b3ee289409b09,图包与字体包/图包/中文奖项/GDC/2023/GDC_2023_02_baf72253_2ad3eacee6128fa0a80389c5e5a147e6.webp,GDC_2023_02_baf72253_2ad3eacee6128fa0a80389c5e5a147e6.webp,https://www.gdcaward.com/media/tmp/webp/detail/2ad3eacee6128fa0a80389c5e5a147e6.webp,https://www.gdcaward.com/op/before_works/detail?id=754&bo=8&lang=cn,34892,,GDC_2023_02_baf72253_2ad3eacee6128fa0a80389c5e5a147e6.webp,,,2026-09-02T23:11:02,图包与字体包/图包/中文奖项/GDC/sources.csv,9361bf76d9648e50b208fc40e9c6f64c62d633fd9449521cc8f6b68bad2657b7,11,[]
source_120bd071b563d281acd3ae08,GDC,2023,bo8,work_467768f9377ca12c361ba6af,图包与字体包/图包/中文奖项/GDC/2023/GDC_2023_01_122741ad_05d00456b9c2aa81d4fed78cdf17c041.webp,GDC_2023_01_122741ad_05d00456b9c2aa81d4fed78cdf17c041.webp,https://www.gdcaward.com/media/tmp/webp/detail/05d00456b9c2aa81d4fed78cdf17c041.webp,https://www.gdcaward.com/op/before_works/detail?id=989&bo=8&lang=cn,186614,,GDC_2023_01_122741ad_05d00456b9c2aa81d4fed78cdf17c041.webp,,,2026-09-02T23:11:31,图包与字体包/图包/中文奖项/GDC/sources.csv,9361bf76d9648e50b208fc40e9c6f64c62d633fd9449521cc8f6b68bad2657b7,12,[]
source_1797792e29f9a4a49a96edfd,GDC,2023,bo8,work_467768f9377ca12c361ba6af,图包与字体包/图包/中文奖项/GDC/2023/GDC_2023_02_b6700236_1578b34cd2ac7842a2c81cbf11ddf114.webp,GDC_2023_02_b6700236_1578b34cd2ac7842a2c81cbf11ddf114.webp,https://www.gdcaward.com/media/tmp/webp/detail/1578b34cd2ac7842a2c81cbf11ddf114.webp,https://www.gdcaward.com/op/before_works/detail?id=989&bo=8&lang=cn,162906,,GDC_2023_02_b6700236_1578b34cd2ac7842a2c81cbf11ddf114.webp,,,2026-09-02T23:11:35,图包与字体包/图包/中文奖项/GDC/sources.csv,9361bf76d9648e50b208fc40e9c6f64c62d633fd9449521cc8f6b68bad2657b7,13,[]
source_f1513df63ae6bef03b496f5d,GDC,2023,bo8,work_4a8afa9f89266ecf92ff287e,图包与字体包/图包/中文奖项/GDC/2023/GDC_2023_01_9bd16934_07867b0490332874b26414e88259807e.webp,GDC_2023_01_9bd16934_07867b0490332874b26414e88259807e.webp,https://www.gdcaward.com/media/tmp/webp/detail/07867b0490332874b26414e88259807e.webp,https://www.gdcaward.com/op/before_works/detail?id=993&bo=8&lang=cn,58388,,GDC_2023_01_9bd16934_07867b0490332874b26414e88259807e.webp,,,2026-09-02T23:11:46,图包与字体包/图包/中文奖项/GDC/sources.csv,9361bf76d9648e50b208fc40e9c6f64c62d633fd9449521cc8f6b68bad2657b7,14,[]
source_119282287e5ad3143a873a01,GDC,2023,bo8,work_4a8afa9f89266ecf92ff287e,图包与字体包/图包/中文奖项/GDC/2023/GDC_2023_02_82374636_39a4a99377c813cd79c5b23856bc76ac.webp,GDC_2023_02_82374636_39a4a99377c813cd79c5b23856bc76ac.webp,https://www.gdcaward.com/media/tmp/webp/detail/39a4a99377c813cd79c5b23856bc76ac.webp,https://www.gdcaward.com/op/before_works/detail?id=993&bo=8&lang=cn,59108,,GDC_2023_02_82374636_39a4a99377c813cd79c5b23856bc76ac.webp,,,2026-09-02T23:11:47,图包与字体包/图包/中文奖项/GDC/sources.csv,9361bf76d9648e50b208fc40e9c6f64c62d633fd9449521cc8f6b68bad2657b7,15,[]
source_42cc6bf8b364de26670fbf21,GDC,2023,bo8,work_ef3da8179da27e859aa4d40d,图包与字体包/图包/中文奖项/GDC/2023/GDC_2023_01_46f64a8f_3b13ff61818b6ffdb7a4d1e47c57ae41.webp,GDC_2023_01_46f64a8f_3b13ff61818b6ffdb7a4d1e47c57ae41.webp,https://www.gdcaward.com/media/tmp/webp/detail/3b13ff61818b6ffdb7a4d1e47c57ae41.webp,https://www.gdcaward.com/op/before_works/detail?id=994&bo=8&lang=cn,154820,,GDC_2023_01_46f64a8f_3b13ff61818b6ffdb7a4d1e47c57ae41.webp,,,2026-09-02T23:12:23,图包与字体包/图包/中文奖项/GDC/sources.csv,9361bf76d9648e50b208fc40e9c6f64c62d633fd9449521cc8f6b68bad2657b7,16,[]
source_117cebd37ea221eecb94368d,GDC,2023,bo8,work_ef3da8179da27e859aa4d40d,图包与字体包/图包/中文奖项/GDC/2023/GDC_2023_02_361042dd_44c5707284913aeb2668a8737ff4fb67.webp,GDC_2023_02_361042dd_44c5707284913aeb2668a8737ff4fb67.webp,https://www.gdcaward.com/media/tmp/webp/detail/44c5707284913aeb2668a8737ff4fb67.webp,https://www.gdcaward.com/op/before_works/detail?id=994&bo=8&lang=cn,153980,,GDC_2023_02_361042dd_44c5707284913aeb2668a8737ff4fb67.webp,,,2026-09-02T23:12:36,图包与字体包/图包/中文奖项/GDC/sources.csv,9361bf76d9648e50b208fc40e9c6f64c62d633fd9449521cc8f6b68bad2657b7,17,[]
source_dd0577c2396c776ebc1eaa4b,GDC,2023,bo8,work_f886254d5f8568da08ec93dd,图包与字体包/图包/中文奖项/GDC/2023/GDC_2023_01_257939e4_76691c2e6c9bab1760174aeec3c790c7.webp,GDC_2023_01_257939e4_76691c2e6c9bab1760174aeec3c790c7.webp,https://www.gdcaward.com/media/tmp/webp/detail/76691c2e6c9bab1760174aeec3c790c7.webp,https://www.gdcaward.com/op/before_works/detail?id=1001&bo=8&lang=cn,77582,,GDC_2023_01_257939e4_76691c2e6c9bab1760174aeec3c790c7.webp,,,2026-09-02T23:13:15,图包与字体包/图包/中文奖项/GDC/sources.csv,9361bf76d9648e50b208fc40e9c6f64c62d633fd9449521cc8f6b68bad2657b7,18,[]
source_dfecaa89ed4e075de5701803,GDC,2023,bo8,work_f886254d5f8568da08ec93dd,图包与字体包/图包/中文奖项/GDC/2023/GDC_2023_02_7bbc7e9a_be3933fec8b2f5e3372343bc8e7b81c7.webp,GDC_2023_02_7bbc7e9a_be3933fec8b2f5e3372343bc8e7b81c7.webp,https://www.gdcaward.com/media/tmp/webp/detail/be3933fec8b2f5e3372343bc8e7b81c7.webp,https://www.gdcaward.com/op/before_works/detail?id=1001&bo=8&lang=cn,85632,,GDC_2023_02_7bbc7e9a_be3933fec8b2f5e3372343bc8e7b81c7.webp,,,2026-09-02T23:13:20,图包与字体包/图包/中文奖项/GDC/sources.csv,9361bf76d9648e50b208fc40e9c6f64c62d633fd9449521cc8f6b68bad2657b7,19,[]
source_ac74d16010ad72691672c9cb,GDC,2023,bo8,work_b77837c6b3aa5be2f10905ce,图包与字体包/图包/中文奖项/GDC/2023/GDC_2023_01_cd792664_00fedb0f076b778bf3fb6677de8b4e37.webp,GDC_2023_01_cd792664_00fedb0f076b778bf3fb6677de8b4e37.webp,https://www.gdcaward.com/media/tmp/webp/detail/00fedb0f076b778bf3fb6677de8b4e37.webp,https://www.gdcaward.com/op/before_works/detail?id=1007&bo=8&lang=cn,72244,,GDC_2023_01_cd792664_00fedb0f076b778bf3fb6677de8b4e37.webp,,,2026-09-02T23:13:51,图包与字体包/图包/中文奖项/GDC/sources.csv,9361bf76d9648e50b208fc40e9c6f64c62d633fd9449521cc8f6b68bad2657b7,20,[]
source_0706972a96efeeb97e34ed71,GDC,2023,bo8,work_b77837c6b3aa5be2f10905ce,图包与字体包/图包/中文奖项/GDC/2023/GDC_2023_02_16adb53a_06d24b3bd60dbc8397c8756fb064ba67.webp,GDC_2023_02_16adb53a_06d24b3bd60dbc8397c8756fb064ba67.webp,https://www.gdcaward.com/media/tmp/webp/detail/06d24b3bd60dbc8397c8756fb064ba67.webp,https://www.gdcaward.com/op/before_works/detail?id=1007&bo=8&lang=cn,83466,,GDC_2023_02_16adb53a_06d24b3bd60dbc8397c8756fb064ba67.webp,,,2026-09-02T23:13:52,图包与字体包/图包/中文奖项/GDC/sources.csv,9361bf76d9648e50b208fc40e9c6f64c62d633fd9449521cc8f6b68bad2657b7,21,[]
source_8597de715ac657766dfce472,GDC,2021,bo7,work_0e0483624d8a5dd953ffcaf8,图包与字体包/图包/中文奖项/GDC/2021/GDC_2021_01_3394538a_0a54346aee41449f5ca4e9cc12785962.webp,GDC_2021_01_3394538a_0a54346aee41449f5ca4e9cc12785962.webp,https://www.gdcaward.com/media/tmp/webp/detail/0a54346aee41449f5ca4e9cc12785962.webp,https://www.gdcaward.com/op/before_works/detail?id=425&bo=7&lang=cn,82648,,GDC_2021_01_3394538a_0a54346aee41449f5ca4e9cc12785962.webp,,,2026-09-02T23:14:14,图包与字体包/图包/中文奖项/GDC/sources.csv,9361bf76d9648e50b208fc40e9c6f64c62d633fd9449521cc8f6b68bad2657b7,22,[]
source_c150e47d0b9ded7f6be2ba3f,GDC,2021,bo7,work_0e0483624d8a5dd953ffcaf8,图包与字体包/图包/中文奖项/GDC/2021/GDC_2021_02_911c365c_5c659fe4d88e187f39983e2ef7604cdc.webp,GDC_2021_02_911c365c_5c659fe4d88e187f39983e2ef7604cdc.webp,https://www.gdcaward.com/media/tmp/webp/detail/5c659fe4d88e187f39983e2ef7604cdc.webp,https://www.gdcaward.com/op/before_works/detail?id=425&bo=7&lang=cn,14526,,GDC_2021_02_911c365c_5c659fe4d88e187f39983e2ef7604cdc.webp,,,2026-09-02T23:14:15,图包与字体包/图包/中文奖项/GDC/sources.csv,9361bf76d9648e50b208fc40e9c6f64c62d633fd9449521cc8f6b68bad2657b7,23,[]
source_a9f3b442e313fb6950954721,GDC,2021,bo7,work_7affadb6eb5f154bebfd024c,图包与字体包/图包/中文奖项/GDC/2021/GDC_2021_01_f6a6e852_1ca0485aef86434377c5cca51be3e5cd.webp,GDC_2021_01_f6a6e852_1ca0485aef86434377c5cca51be3e5cd.webp,https://www.gdcaward.com/media/tmp/webp/detail/1ca0485aef86434377c5cca51be3e5cd.webp,https://www.gdcaward.com/op/before_works/detail?id=443&bo=7&lang=cn,15952,,GDC_2021_01_f6a6e852_1ca0485aef86434377c5cca51be3e5cd.webp,,,2026-09-02T23:14:59,图包与字体包/图包/中文奖项/GDC/sources.csv,9361bf76d9648e50b208fc40e9c6f64c62d633fd9449521cc8f6b68bad2657b7,24,[]
source_483a0c39665ef248de142851,GDC,2021,bo7,work_7affadb6eb5f154bebfd024c,图包与字体包/图包/中文奖项/GDC/2021/GDC_2021_02_b04f0394_72602c62b7362d1f0165ec0b5f535a90.webp,GDC_2021_02_b04f0394_72602c62b7362d1f0165ec0b5f535a90.webp,https://www.gdcaward.com/media/tmp/webp/detail/72602c62b7362d1f0165ec0b5f535a90.webp,https://www.gdcaward.com/op/before_works/detail?id=443&bo=7&lang=cn,10306,,GDC_2021_02_b04f0394_72602c62b7362d1f0165ec0b5f535a90.webp,,,2026-09-02T23:15:00,图包与字体包/图包/中文奖项/GDC/sources.csv,9361bf76d9648e50b208fc40e9c6f64c62d633fd9449521cc8f6b68bad2657b7,25,[]
source_bb8dc7591b4d29c7a9100ad7,GDC,2021,bo7,work_94a36c7940dfa8f67716df51,图包与字体包/图包/中文奖项/GDC/2021/GDC_2021_01_fc8ff8e7_21c2d2ab5ca0300b2a036d34600ff4dc.webp,GDC_2021_01_fc8ff8e7_21c2d2ab5ca0300b2a036d34600ff4dc.webp,https://www.gdcaward.com/media/tmp/webp/detail/21c2d2ab5ca0300b2a036d34600ff4dc.webp,https://www.gdcaward.com/op/before_works/detail?id=444&bo=7&lang=cn,10248,,GDC_2021_01_fc8ff8e7_21c2d2ab5ca0300b2a036d34600ff4dc.webp,,,2026-09-02T23:15:32,图包与字体包/图包/中文奖项/GDC/sources.csv,9361bf76d9648e50b208fc40e9c6f64c62d633fd9449521cc8f6b68bad2657b7,26,[]
source_c888d36b9dbdb4da5f192b64,GDC,2021,bo7,work_94a36c7940dfa8f67716df51,图包与字体包/图包/中文奖项/GDC/2021/GDC_2021_02_bf54861a_2265f823672eed20f23d7aa41b1394c4.webp,GDC_2021_02_bf54861a_2265f823672eed20f23d7aa41b1394c4.webp,https://www.gdcaward.com/media/tmp/webp/detail/2265f823672eed20f23d7aa41b1394c4.webp,https://www.gdcaward.com/op/before_works/detail?id=444&bo=7&lang=cn,17464,,GDC_2021_02_bf54861a_2265f823672eed20f23d7aa41b1394c4.webp,,,2026-09-02T23:15:33,图包与字体包/图包/中文奖项/GDC/sources.csv,9361bf76d9648e50b208fc40e9c6f64c62d633fd9449521cc8f6b68bad2657b7,27,[]
source_0064000eca0cfa16aeb149a0,GDC,2021,bo7,work_b237988fa4dae20aa64c7d7b,图包与字体包/图包/中文奖项/GDC/2021/GDC_2021_01_becc4c87_00ca017ceac32d228857a223cd453903.webp,GDC_2021_01_becc4c87_00ca017ceac32d228857a223cd453903.webp,https://www.gdcaward.com/media/tmp/webp/detail/00ca017ceac32d228857a223cd453903.webp,https://www.gdcaward.com/op/before_works/detail?id=451&bo=7&lang=cn,54804,,GDC_2021_01_becc4c87_00ca017ceac32d228857a223cd453903.webp,,,2026-09-02T23:15:59,图包与字体包/图包/中文奖项/GDC/sources.csv,9361bf76d9648e50b208fc40e9c6f64c62d633fd9449521cc8f6b68bad2657b7,28,[]
source_a13c9f1133095e4c0b0c0645,GDC,2021,bo7,work_b237988fa4dae20aa64c7d7b,图包与字体包/图包/中文奖项/GDC/2021/GDC_2021_02_e21e6780_04acb5a79b07710f3066ad2f1b4c286c.webp,GDC_2021_02_e21e6780_04acb5a79b07710f3066ad2f1b4c286c.webp,https://www.gdcaward.com/media/tmp/webp/detail/04acb5a79b07710f3066ad2f1b4c286c.webp,https://www.gdcaward.com/op/before_works/detail?id=451&bo=7&lang=cn,50000,,GDC_2021_02_e21e6780_04acb5a79b07710f3066ad2f1b4c286c.webp,,,2026-09-02T23:16:00,图包与字体包/图包/中文奖项/GDC/sources.csv,9361bf76d9648e50b208fc40e9c6f64c62d633fd9449521cc8f6b68bad2657b7,29,[]
source_f7006a95c999ae6722d8fcf7,GDC,2021,bo7,work_ec2dd202fd657aeaff5d606a,图包与字体包/图包/中文奖项/GDC/2021/GDC_2021_01_19abcb28_16b15f13e1fb33c8621077ed4dc4edc1.webp,GDC_2021_01_19abcb28_16b15f13e1fb33c8621077ed4dc4edc1.webp,https://www.gdcaward.com/media/tmp/webp/detail/16b15f13e1fb33c8621077ed4dc4edc1.webp,https://www.gdcaward.com/op/before_works/detail?id=350&bo=7&lang=cn,28816,,GDC_2021_01_19abcb28_16b15f13e1fb33c8621077ed4dc4edc1.webp,,,2026-09-02T23:17:02,图包与字体包/图包/中文奖项/GDC/sources.csv,9361bf76d9648e50b208fc40e9c6f64c62d633fd9449521cc8f6b68bad2657b7,30,[]
source_1acc58803fd2b2b494620747,GDC,2021,bo7,work_ec2dd202fd657aeaff5d606a,图包与字体包/图包/中文奖项/GDC/2021/GDC_2021_02_763d53c3_3a12b1ad16f528a234415cd8f915fc82.webp,GDC_2021_02_763d53c3_3a12b1ad16f528a234415cd8f915fc82.webp,https://www.gdcaward.com/media/tmp/webp/detail/3a12b1ad16f528a234415cd8f915fc82.webp,https://www.gdcaward.com/op/before_works/detail?id=350&bo=7&lang=cn,54388,,GDC_2021_02_763d53c3_3a12b1ad16f528a234415cd8f915fc82.webp,,,2026-09-02T23:17:03,图包与字体包/图包/中文奖项/GDC/sources.csv,9361bf76d9648e50b208fc40e9c6f64c62d633fd9449521cc8f6b68bad2657b7,31,[]
source_6d1c0f68d05d87f9f2236345,GDC,2021,bo7,work_5f9a2e826a494378a4a52c6b,图包与字体包/图包/中文奖项/GDC/2021/GDC_2021_01_6a3e769f_0059f101780411b27b9f2fc513951883.webp,GDC_2021_01_6a3e769f_0059f101780411b27b9f2fc513951883.webp,https://www.gdcaward.com/media/tmp/webp/detail/0059f101780411b27b9f2fc513951883.webp,https://www.gdcaward.com/op/before_works/detail?id=359&bo=7&lang=cn,54666,,GDC_2021_01_6a3e769f_0059f101780411b27b9f2fc513951883.webp,,,2026-09-02T23:17:11,图包与字体包/图包/中文奖项/GDC/sources.csv,9361bf76d9648e50b208fc40e9c6f64c62d633fd9449521cc8f6b68bad2657b7,32,[]
source_a4625aac7ec787cc2162eb6f,GDC,2021,bo7,work_5f9a2e826a494378a4a52c6b,图包与字体包/图包/中文奖项/GDC/2021/GDC_2021_02_572201f0_174b05563eaf6f0d9de7404baf68df1c.webp,GDC_2021_02_572201f0_174b05563eaf6f0d9de7404baf68df1c.webp,https://www.gdcaward.com/media/tmp/webp/detail/174b05563eaf6f0d9de7404baf68df1c.webp,https://www.gdcaward.com/op/before_works/detail?id=359&bo=7&lang=cn,38170,,GDC_2021_02_572201f0_174b05563eaf6f0d9de7404baf68df1c.webp,,,2026-09-02T23:17:12,图包与字体包/图包/中文奖项/GDC/sources.csv,9361bf76d9648e50b208fc40e9c6f64c62d633fd9449521cc8f6b68bad2657b7,33,[]
source_4fa34466d422da365da421f3,GDC,2021,bo7,work_4a167d35d7c16b24376a3442,图包与字体包/图包/中文奖项/GDC/2021/GDC_2021_01_2b3109e8_bd96632db238b11c9fe0a76aee07614c.webp,GDC_2021_01_2b3109e8_bd96632db238b11c9fe0a76aee07614c.webp,https://www.gdcaward.com/media/tmp/webp/detail/bd96632db238b11c9fe0a76aee07614c.webp,https://www.gdcaward.com/op/before_works/detail?id=366&bo=7&lang=cn,40452,,GDC_2021_01_2b3109e8_bd96632db238b11c9fe0a76aee07614c.webp,,,2026-09-02T23:17:36,图包与字体包/图包/中文奖项/GDC/sources.csv,9361bf76d9648e50b208fc40e9c6f64c62d633fd9449521cc8f6b68bad2657b7,34,[]
source_76de8a7f40a160c4c7069f24,GDC,2021,bo7,work_4a167d35d7c16b24376a3442,图包与字体包/图包/中文奖项/GDC/2021/GDC_2021_02_bd405456_d38cb812bd5f00d316df4311c634486f.webp,GDC_2021_02_bd405456_d38cb812bd5f00d316df4311c634486f.webp,https://www.gdcaward.com/media/tmp/webp/detail/d38cb812bd5f00d316df4311c634486f.webp,https://www.gdcaward.com/op/before_works/detail?id=366&bo=7&lang=cn,51052,,GDC_2021_02_bd405456_d38cb812bd5f00d316df4311c634486f.webp,,,2026-09-02T23:17:39,图包与字体包/图包/中文奖项/GDC/sources.csv,9361bf76d9648e50b208fc40e9c6f64c62d633fd9449521cc8f6b68bad2657b7,35,[]
source_563184921a0d1b57bd6d2f0c,GDC,2021,bo7,work_78bda9bf4d2692a11f902eea,图包与字体包/图包/中文奖项/GDC/2021/GDC_2021_01_75c3c897_a2c607f195d42c8e774ebdd64a4d6c13.webp,GDC_2021_01_75c3c897_a2c607f195d42c8e774ebdd64a4d6c13.webp,https://www.gdcaward.com/media/tmp/webp/detail/a2c607f195d42c8e774ebdd64a4d6c13.webp,https://www.gdcaward.com/op/before_works/detail?id=637&bo=7&lang=cn,108520,,GDC_2021_01_75c3c897_a2c607f195d42c8e774ebdd64a4d6c13.webp,,,2026-09-02T23:17:52,图包与字体包/图包/中文奖项/GDC/sources.csv,9361bf76d9648e50b208fc40e9c6f64c62d633fd9449521cc8f6b68bad2657b7,36,[]
source_3c5dd11ce82def46b5b157c5,GDC,2021,bo7,work_78bda9bf4d2692a11f902eea,图包与字体包/图包/中文奖项/GDC/2021/GDC_2021_02_571bf314_b7481c29ea7b6c7a5fed785f33ccfd44.webp,GDC_2021_02_571bf314_b7481c29ea7b6c7a5fed785f33ccfd44.webp,https://www.gdcaward.com/media/tmp/webp/detail/b7481c29ea7b6c7a5fed785f33ccfd44.webp,https://www.gdcaward.com/op/before_works/detail?id=637&bo=7&lang=cn,57470,,GDC_2021_02_571bf314_b7481c29ea7b6c7a5fed785f33ccfd44.webp,,,2026-09-02T23:17:54,图包与字体包/图包/中文奖项/GDC/sources.csv,9361bf76d9648e50b208fc40e9c6f64c62d633fd9449521cc8f6b68bad2657b7,37,[]
source_3ce06de75ac731cede7024d8,GDC,2021,bo7,work_971f3b86455c38b1da692c18,图包与字体包/图包/中文奖项/GDC/2021/GDC_2021_01_23e135f2_2878b47a274c8307e4ce4b1a5d0bc788.webp,GDC_2021_01_23e135f2_2878b47a274c8307e4ce4b1a5d0bc788.webp,https://www.gdcaward.com/media/tmp/webp/detail/2878b47a274c8307e4ce4b1a5d0bc788.webp,https://www.gdcaward.com/op/before_works/detail?id=639&bo=7&lang=cn,84540,,GDC_2021_01_23e135f2_2878b47a274c8307e4ce4b1a5d0bc788.webp,,,2026-09-02T23:18:22,图包与字体包/图包/中文奖项/GDC/sources.csv,9361bf76d9648e50b208fc40e9c6f64c62d633fd9449521cc8f6b68bad2657b7,38,[]
source_565ba7133ed61c99efe61355,GDC,2021,bo7,work_971f3b86455c38b1da692c18,图包与字体包/图包/中文奖项/GDC/2021/GDC_2021_02_6c93df5b_2e48d9c3be772cf424c3d74a0b745d22.webp,GDC_2021_02_6c93df5b_2e48d9c3be772cf424c3d74a0b745d22.webp,https://www.gdcaward.com/media/tmp/webp/detail/2e48d9c3be772cf424c3d74a0b745d22.webp,https://www.gdcaward.com/op/before_works/detail?id=639&bo=7&lang=cn,43488,,GDC_2021_02_6c93df5b_2e48d9c3be772cf424c3d74a0b745d22.webp,,,2026-09-02T23:18:23,图包与字体包/图包/中文奖项/GDC/sources.csv,9361bf76d9648e50b208fc40e9c6f64c62d633fd9449521cc8f6b68bad2657b7,39,[]
source_ced3357ce2e06d77944fe92d,GDC,2025,bo9,work_f66e4055f6d466f983bcc401,图包与字体包/图包/中文奖项/GDC/2025/GDC_2025_01_1536_27165-hwusUNxkPjkF02le4RS7HcGOLn9FtoLGyYchEBPCVCS3fppU.png,GDC_2025_01_1536_27165-hwusUNxkPjkF02le4RS7HcGOLn9FtoLGyYchEBPCVCS3fppU.png,https://gdc-1252372196.cos.accelerate.myqcloud.com/27165-hwusUNxkPjkF02le4RS7HcGOLn9FtoLGyYchEBPCVCS3fppU.png,https://www.gdcaward.com/op/before_works/detail?id=1536&bo=9&lang=cn,4367891,,GDC_2025_01_1536_27165-hwusUNxkPjkF02le4RS7HcGOLn9FtoLGyYchEBPCVCS3fppU.png,,,2026-09-02T23:11:55,图包与字体包/图包/中文奖项/GDC/sources.csv,9361bf76d9648e50b208fc40e9c6f64c62d633fd9449521cc8f6b68bad2657b7,40,"[""GDC_SHIFTED_COLUMNS""]"
source_f83487a3dcd16b68ea102dcf,GDC,2025,bo9,work_3a43226e173841c85676e57b,图包与字体包/图包/中文奖项/GDC/2025/GDC_2025_02_1534_25416-o4C2T7iYxT4KRDj1nZTPDNMir39fcjllAYAelv2LZhfH5px2.jpg,GDC_2025_02_1534_25416-o4C2T7iYxT4KRDj1nZTPDNMir39fcjllAYAelv2LZhfH5px2.jpg,https://gdc-1252372196.cos.accelerate.myqcloud.com/25416-o4C2T7iYxT4KRDj1nZTPDNMir39fcjllAYAelv2LZhfH5px2.jpg,https://www.gdcaward.com/op/before_works/detail?id=1534&bo=9&lang=cn,2102654,,GDC_2025_02_1534_25416-o4C2T7iYxT4KRDj1nZTPDNMir39fcjllAYAelv2LZhfH5px2.jpg,,,2026-09-02T23:12:52,图包与字体包/图包/中文奖项/GDC/sources.csv,9361bf76d9648e50b208fc40e9c6f64c62d633fd9449521cc8f6b68bad2657b7,41,"[""GDC_SHIFTED_COLUMNS""]"
source_fa8ba045eb98732d4c2daf76,GDC,2025,bo9,work_4e8519d1ce64c2aa8019c590,图包与字体包/图包/中文奖项/GDC/2025/GDC_2025_03_1533_23351-1j6j0UqvWxHJcowkUjBWGHiKaCWpeqUPlkiITSUL9AlQp95d.jpg,GDC_2025_03_1533_23351-1j6j0UqvWxHJcowkUjBWGHiKaCWpeqUPlkiITSUL9AlQp95d.jpg,https://gdc-1252372196.cos.accelerate.myqcloud.com/23351-1j6j0UqvWxHJcowkUjBWGHiKaCWpeqUPlkiITSUL9AlQp95d.jpg,https://www.gdcaward.com/op/before_works/detail?id=1533&bo=9&lang=cn,2893432,,GDC_2025_03_1533_23351-1j6j0UqvWxHJcowkUjBWGHiKaCWpeqUPlkiITSUL9AlQp95d.jpg,,,2026-09-02T23:13:02,图包与字体包/图包/中文奖项/GDC/sources.csv,9361bf76d9648e50b208fc40e9c6f64c62d633fd9449521cc8f6b68bad2657b7,42,"[""GDC_SHIFTED_COLUMNS""]"
source_057e9118d8ac14d5d4a0f713,GDC,2025,bo9,work_f3b43a1f36f0582922294a62,图包与字体包/图包/中文奖项/GDC/2025/GDC_2025_04_1316_25189-Z2HXv3lBDfIumsUg6YkrjqxFUIJ6TjhBfnuOjrabUBeuidwv.jpg,GDC_2025_04_1316_25189-Z2HXv3lBDfIumsUg6YkrjqxFUIJ6TjhBfnuOjrabUBeuidwv.jpg,https://gdc-1252372196.cos.accelerate.myqcloud.com/25189-Z2HXv3lBDfIumsUg6YkrjqxFUIJ6TjhBfnuOjrabUBeuidwv.jpg,https://www.gdcaward.com/op/before_works/detail?id=1316&bo=9&lang=cn,3916347,,GDC_2025_04_1316_25189-Z2HXv3lBDfIumsUg6YkrjqxFUIJ6TjhBfnuOjrabUBeuidwv.jpg,,,2026-09-02T23:13:13,图包与字体包/图包/中文奖项/GDC/sources.csv,9361bf76d9648e50b208fc40e9c6f64c62d633fd9449521cc8f6b68bad2657b7,43,"[""GDC_SHIFTED_COLUMNS""]"
source_db8ab15ea3387d2a542d226c,GDC,2025,bo9,work_ed78d720513b68bd9e66306b,图包与字体包/图包/中文奖项/GDC/2025/GDC_2025_05_1315_21637-WOuuBZkseNBxYxqAhlivss0QEUHwdXoVMhHNV6h1RJwRoeVZ.jpg,GDC_2025_05_1315_21637-WOuuBZkseNBxYxqAhlivss0QEUHwdXoVMhHNV6h1RJwRoeVZ.jpg,https://gdc-1252372196.cos.accelerate.myqcloud.com/21637-WOuuBZkseNBxYxqAhlivss0QEUHwdXoVMhHNV6h1RJwRoeVZ.jpg,https://www.gdcaward.com/op/before_works/detail?id=1315&bo=9&lang=cn,239731,,GDC_2025_05_1315_21637-WOuuBZkseNBxYxqAhlivss0QEUHwdXoVMhHNV6h1RJwRoeVZ.jpg,,,2026-09-02T23:13:21,图包与字体包/图包/中文奖项/GDC/sources.csv,9361bf76d9648e50b208fc40e9c6f64c62d633fd9449521cc8f6b68bad2657b7,44,"[""GDC_SHIFTED_COLUMNS""]"
source_065a0ac8c5baf3e99b643d26,GDC,2025,bo9,work_0fe800f9121e6d8a8e7cb807,图包与字体包/图包/中文奖项/GDC/2025/GDC_2025_06_1276_24228-moxOMP41yRVLWIcyogNf72DT1s3dkpku9MkZV4jblXyEu16Q.jpg,GDC_2025_06_1276_24228-moxOMP41yRVLWIcyogNf72DT1s3dkpku9MkZV4jblXyEu16Q.jpg,https://gdc-1252372196.cos.accelerate.myqcloud.com/24228-moxOMP41yRVLWIcyogNf72DT1s3dkpku9MkZV4jblXyEu16Q.jpg,https://www.gdcaward.com/op/before_works/detail?id=1276&bo=9&lang=cn,2183564,,GDC_2025_06_1276_24228-moxOMP41yRVLWIcyogNf72DT1s3dkpku9MkZV4jblXyEu16Q.jpg,,,2026-09-02T23:13:32,图包与字体包/图包/中文奖项/GDC/sources.csv,9361bf76d9648e50b208fc40e9c6f64c62d633fd9449521cc8f6b68bad2657b7,45,"[""GDC_SHIFTED_COLUMNS""]"
source_d07deea8829ec53ca35d827c,GDC,2025,bo9,work_a48f6034ba1cb420e671dc35,图包与字体包/图包/中文奖项/GDC/2025/GDC_2025_07_1275_27005-rfR35ARdjpeLgafDfgmrap0hIyvDdlr9OHyZgGbmA31L6QeO.jpg,GDC_2025_07_1275_27005-rfR35ARdjpeLgafDfgmrap0hIyvDdlr9OHyZgGbmA31L6QeO.jpg,https://gdc-1252372196.cos.accelerate.myqcloud.com/27005-rfR35ARdjpeLgafDfgmrap0hIyvDdlr9OHyZgGbmA31L6QeO.jpg,https://www.gdcaward.com/op/before_works/detail?id=1275&bo=9&lang=cn,274004,,GDC_2025_07_1275_27005-rfR35ARdjpeLgafDfgmrap0hIyvDdlr9OHyZgGbmA31L6QeO.jpg,,,2026-09-02T23:13:39,图包与字体包/图包/中文奖项/GDC/sources.csv,9361bf76d9648e50b208fc40e9c6f64c62d633fd9449521cc8f6b68bad2657b7,46,"[""GDC_SHIFTED_COLUMNS""]"
source_c69494a4b86bbc723ba81f1e,GDC,2025,bo9,work_f4674f78296b9247e197d9ce,图包与字体包/图包/中文奖项/GDC/2025/GDC_2025_08_1274_22558-amtRXkDHOC1lL8IqcBwrMxDr0OlCBuyWpNwwb9qAPpolJWH8.jpg,GDC_2025_08_1274_22558-amtRXkDHOC1lL8IqcBwrMxDr0OlCBuyWpNwwb9qAPpolJWH8.jpg,https://gdc-1252372196.cos.accelerate.myqcloud.com/22558-amtRXkDHOC1lL8IqcBwrMxDr0OlCBuyWpNwwb9qAPpolJWH8.jpg,https://www.gdcaward.com/op/before_works/detail?id=1274&bo=9&lang=cn,2648626,,GDC_2025_08_1274_22558-amtRXkDHOC1lL8IqcBwrMxDr0OlCBuyWpNwwb9qAPpolJWH8.jpg,,,2026-09-02T23:13:56,图包与字体包/图包/中文奖项/GDC/sources.csv,9361bf76d9648e50b208fc40e9c6f64c62d633fd9449521cc8f6b68bad2657b7,47,"[""GDC_SHIFTED_COLUMNS""]"
source_62e400d0b47a3ac93412b984,GDC,2025,bo9,work_c2e16fbbd362843b247f428f,图包与字体包/图包/中文奖项/GDC/2025/GDC_2025_09_1273_24244-3xNuyxIHye7cSgjOjvX4dKscfPmh2S4XRZf8miDfYr0jZjNS.jpg,GDC_2025_09_1273_24244-3xNuyxIHye7cSgjOjvX4dKscfPmh2S4XRZf8miDfYr0jZjNS.jpg,https://gdc-1252372196.cos.accelerate.myqcloud.com/24244-3xNuyxIHye7cSgjOjvX4dKscfPmh2S4XRZf8miDfYr0jZjNS.jpg,https://www.gdcaward.com/op/before_works/detail?id=1273&bo=9&lang=cn,2835280,,GDC_2025_09_1273_24244-3xNuyxIHye7cSgjOjvX4dKscfPmh2S4XRZf8miDfYr0jZjNS.jpg,,,2026-09-02T23:14:06,图包与字体包/图包/中文奖项/GDC/sources.csv,9361bf76d9648e50b208fc40e9c6f64c62d633fd9449521cc8f6b68bad2657b7,48,"[""GDC_SHIFTED_COLUMNS""]"
source_5679d902363bc8d018dae15f,GDC,2025,bo9,work_d7d89e70e9a3348306355733,图包与字体包/图包/中文奖项/GDC/2025/GDC_2025_10_1272_23701-OCH15UYAjIDrpBkANdmI3sfHG1IKv3tiENxQ2TvhlW5Goek5.jpg,GDC_2025_10_1272_23701-OCH15UYAjIDrpBkANdmI3sfHG1IKv3tiENxQ2TvhlW5Goek5.jpg,https://gdc-1252372196.cos.accelerate.myqcloud.com/23701-OCH15UYAjIDrpBkANdmI3sfHG1IKv3tiENxQ2TvhlW5Goek5.jpg,https://www.gdcaward.com/op/before_works/detail?id=1272&bo=9&lang=cn,1264322,,GDC_2025_10_1272_23701-OCH15UYAjIDrpBkANdmI3sfHG1IKv3tiENxQ2TvhlW5Goek5.jpg,,,2026-09-02T23:14:20,图包与字体包/图包/中文奖项/GDC/sources.csv,9361bf76d9648e50b208fc40e9c6f64c62d633fd9449521cc8f6b68bad2657b7,49,"[""GDC_SHIFTED_COLUMNS""]"
source_322d26c641b823aed653cadb,GDC,2025,bo9,work_6c76f3264ad90c60c9e08a45,图包与字体包/图包/中文奖项/GDC/2025/GDC_2025_11_1271_26193-NbsJD6TF2P9QZdSORm4wxIx0cduVpdCkCeVSFsYJcmjKb2tE.jpg,GDC_2025_11_1271_26193-NbsJD6TF2P9QZdSORm4wxIx0cduVpdCkCeVSFsYJcmjKb2tE.jpg,https://gdc-1252372196.cos.accelerate.myqcloud.com/26193-NbsJD6TF2P9QZdSORm4wxIx0cduVpdCkCeVSFsYJcmjKb2tE.jpg,https://www.gdcaward.com/op/before_works/detail?id=1271&bo=9&lang=cn,4226158,,GDC_2025_11_1271_26193-NbsJD6TF2P9QZdSORm4wxIx0cduVpdCkCeVSFsYJcmjKb2tE.jpg,,,2026-09-02T23:14:39,图包与字体包/图包/中文奖项/GDC/sources.csv,9361bf76d9648e50b208fc40e9c6f64c62d633fd9449521cc8f6b68bad2657b7,50,"[""GDC_SHIFTED_COLUMNS""]"
source_abda50cda7e9f039b46e956e,GDC,2025,bo9,work_a7940dc6a48f4e95f09bb990,图包与字体包/图包/中文奖项/GDC/2025/GDC_2025_12_1270_27073-XBbpCktrvcbkgYVwcZrLIpB3sMCu84MGqNwoxhqHnHGRsOH7.jpg,GDC_2025_12_1270_27073-XBbpCktrvcbkgYVwcZrLIpB3sMCu84MGqNwoxhqHnHGRsOH7.jpg,https://gdc-1252372196.cos.accelerate.myqcloud.com/27073-XBbpCktrvcbkgYVwcZrLIpB3sMCu84MGqNwoxhqHnHGRsOH7.jpg,https://www.gdcaward.com/op/before_works/detail?id=1270&bo=9&lang=cn,2871533,,GDC_2025_12_1270_27073-XBbpCktrvcbkgYVwcZrLIpB3sMCu84MGqNwoxhqHnHGRsOH7.jpg,,,2026-09-02T23:14:53,图包与字体包/图包/中文奖项/GDC/sources.csv,9361bf76d9648e50b208fc40e9c6f64c62d633fd9449521cc8f6b68bad2657b7,51,"[""GDC_SHIFTED_COLUMNS""]"
source_89d4ba1adf65cb3e5e9bb74f,GDC,2025,bo9,work_c3a26a5522f276461a361eb4,图包与字体包/图包/中文奖项/GDC/2025/GDC_2025_13_1532_26493-NL0QAYYLyV5GXCnJnZyIwYR4xT8Xxq9eXZIjoe8tvejOHnOi.jpg,GDC_2025_13_1532_26493-NL0QAYYLyV5GXCnJnZyIwYR4xT8Xxq9eXZIjoe8tvejOHnOi.jpg,https://gdc-1252372196.cos.accelerate.myqcloud.com/26493-NL0QAYYLyV5GXCnJnZyIwYR4xT8Xxq9eXZIjoe8tvejOHnOi.jpg,https://www.gdcaward.com/op/before_works/detail?id=1532&bo=9&lang=cn,1949627,,GDC_2025_13_1532_26493-NL0QAYYLyV5GXCnJnZyIwYR4xT8Xxq9eXZIjoe8tvejOHnOi.jpg,,,2026-09-02T23:15:01,图包与字体包/图包/中文奖项/GDC/sources.csv,9361bf76d9648e50b208fc40e9c6f64c62d633fd9449521cc8f6b68bad2657b7,52,"[""GDC_SHIFTED_COLUMNS""]"
source_025e79829e55a1d0505f88b8,GDC,2025,bo9,work_93bab4bb0bc2a6e5ab797757,图包与字体包/图包/中文奖项/GDC/2025/GDC_2025_14_1531_24343-dANJcTGQf85gPrZS94SR8cZYYEuF5TAxBDW0orCpBNguIvP1.jpg,GDC_2025_14_1531_24343-dANJcTGQf85gPrZS94SR8cZYYEuF5TAxBDW0orCpBNguIvP1.jpg,https://gdc-1252372196.cos.accelerate.myqcloud.com/24343-dANJcTGQf85gPrZS94SR8cZYYEuF5TAxBDW0orCpBNguIvP1.jpg,https://www.gdcaward.com/op/before_works/detail?id=1531&bo=9&lang=cn,2788523,,GDC_2025_14_1531_24343-dANJcTGQf85gPrZS94SR8cZYYEuF5TAxBDW0orCpBNguIvP1.jpg,,,2026-09-02T23:15:16,图包与字体包/图包/中文奖项/GDC/sources.csv,9361bf76d9648e50b208fc40e9c6f64c62d633fd9449521cc8f6b68bad2657b7,53,"[""GDC_SHIFTED_COLUMNS""]"
source_a88ca6e0db2f17a746ce28ba,GDC,2025,bo9,work_59f64bf6ba36723f37eb7d80,图包与字体包/图包/中文奖项/GDC/2025/GDC_2025_15_1530_22856-GNtxCOtd3ABfqGhKq4XuJqFmFhhpiqQEjfQtE6P9qNOijOmV.jpg,GDC_2025_15_1530_22856-GNtxCOtd3ABfqGhKq4XuJqFmFhhpiqQEjfQtE6P9qNOijOmV.jpg,https://gdc-1252372196.cos.accelerate.myqcloud.com/22856-GNtxCOtd3ABfqGhKq4XuJqFmFhhpiqQEjfQtE6P9qNOijOmV.jpg,https://www.gdcaward.com/op/before_works/detail?id=1530&bo=9&lang=cn,4616298,,GDC_2025_15_1530_22856-GNtxCOtd3ABfqGhKq4XuJqFmFhhpiqQEjfQtE6P9qNOijOmV.jpg,,,2026-09-02T23:15:32,图包与字体包/图包/中文奖项/GDC/sources.csv,9361bf76d9648e50b208fc40e9c6f64c62d633fd9449521cc8f6b68bad2657b7,54,"[""GDC_SHIFTED_COLUMNS""]"
